image_hash,pixel_mean_r,pixel_mean_g,pixel_mean_b,pixel_std_r,pixel_std_g,pixel_std_b,predicted_label
f42267a1b149c0fcb90afeb44095d069,56.518,91.6105,153.2929,52.8298,35.0606,38.6893,cat
3c83b6c4b0f4b87b9512c5265a2c7863,109.5871,91.6038,62.7124,39.1881,38.7643,37.7518,cat
f4eb6aef3d9cb823cca3e1529baa03f3,121.4316,112.8675,102.7114,78.1849,74.1745,66.2099,cat
e93248bf4d2385f7c27e78e1038201eb,114.7265,109.866,104.6676,57.1027,60.9727,65.1451,cat
9f95488c7e8ff325a0d2a3b530df1f28,88.51,74.7119,60.0463,82.9956,78.18,69.7396,cat
d8f4918a3eac9f81e98df64cc3109468,91.8482,82.6001,78.7699,42.9412,47.6161,52.1102,cat
32daea18fa4e880f33877d211e2b7dd0,152.9858,130.3138,108.3094,65.6202,69.2394,74.7216,cat
947784c7e301d334f5a521e067cf2a57,168.1757,164.9358,146.2527,60.2769,67.5818,72.4677,cat
7e99a3f2a891f3c8acd132db712122d8,57.5675,51.8734,47.6109,55.0843,48.5835,46.2831,cat
6d45dd2db55145a56c9b3245c3256838,88.206,66.7389,63.1457,79.4724,71.2783,60.9401,cat
cea6ec894564bd58bd99f49b5376427d,61.208,89.7919,122.9678,26.857,36.5637,57.9934,cat
93e77fa0e6e77bac110e6eebcc4d3ced,147.7793,127.2792,107.0675,67.6616,73.0447,81.6917,cat
48bf70a4445e128f1ff49f60ff93e06e,125.0096,122.6404,119.9016,69.3266,68.4382,71.3869,cat
78d3d89c043c1238d6ff5b666181f8c9,64.5244,58.4221,56.333,47.0502,51.9577,53.2149,cat
fbc243ba378167fb29702c690576c2ad,139.9889,141.9465,132.2849,78.0829,81.8646,84.5163,cat
4186e49bf623aae2affd710b7c72fd2d,122.3077,93.159,74.4759,46.6621,52.0789,53.0067,cat
4d5cb8cb2e01b2a1d7875e9ec9bfd686,136.1263,135.6739,133.292,65.2177,66.1033,67.149,cat
79726cbd4190e1eabb38f1041241e8d5,90.3232,94.8852,97.1659,42.0899,45.3984,52.3273,cat
0c55075dbdf9e8f250411ef54b37b4ed,126.7954,116.3905,112.6677,63.9893,64.306,64.0242,cat
f9d2fea7861002f22ecffeec050b7ce2,107.1381,99.4994,88.05,47.411,53.857,57.2315,cat
232f26759208f5555cb58392c4e2bb87,120.3746,148.7891,173.3739,29.7166,37.3882,54.237,cat
6c9e5e22a191216ccaa15a85b0cb9595,149.4868,158.1859,157.5693,66.6689,73.9905,81.1212,cat
2502e1ea8488f347fe80adac88eb2075,105.5741,96.1073,83.2724,57.8511,59.4692,63.2439,cat
1a188e38023e0308754873c1fe26b809,141.3834,128.5288,127.7486,44.0217,51.8414,48.9136,cat
de9f8dd6f4eb58b02a56cd559d55ac58,117.1275,134.1892,178.4407,57.0896,58.857,68.6071,cat
8d15a9d0a85dcd0dff9a789b6763839d,115.1849,112.5644,115.3446,63.5356,61.3319,57.7398,cat
dbc98ffb7814e4aa6fe46b8608ccff0b,130.1778,129.7115,128.2246,65.9419,60.98,63.183,cat
68dadd486f9261d5069fbc0f27153f92,153.0778,146.4436,132.3215,51.0777,56.0046,59.1381,cat
307f36efff5f3bf4607faf722d96a489,58.9492,76.7526,62.323,69.5532,48.4726,38.3182,cat
6c0904482575c4c05cfb61dc4bdc5929,155.6644,152.1561,134.7033,45.0616,50.9727,54.8081,cat
30102654da2657a3011cdb2859331b4e,96.8018,79.1111,65.2431,66.9051,54.9855,50.8592,cat
23a0b2ed0ca617254dd3e5577c5aaa8b,126.9557,90.3916,86.1563,37.524,47.1566,45.1043,cat
328a569fdd4eb5278e61fc1a48be2e0f,199.5399,204.1783,202.3489,41.2691,46.1723,50.5312,cat
6298fb87a044e97aafaeef53f52a0b84,63.9854,65.5672,60.6527,62.47,63.4011,62.9639,cat
51fe5ca3a63e97e8ac4847b7cd91845e,144.3866,139.599,143.8176,63.6486,52.6572,46.2613,cat
7ee3e52b093b9e1f4f3fa26531db4915,167.6906,142.1075,95.3896,49.4896,51.3498,55.2208,cat
71557114a9ab2e1dedc34d129c1b6af1,123.4348,112.8903,98.5565,59.8214,60.2413,59.2695,cat
4c1c962d933fd9697bbe5d5129c939e9,59.412,55.8502,50.8156,72.2979,72.329,70.9752,cat
a4f71c63ca6a673f73bf20888dca76b3,143.3964,102.2296,130.4892,38.6806,32.635,40.0718,cat
af20d9dbd0fe322e363e7fe161b7c31e,164.4072,163.278,158.9355,95.9948,97.5235,95.8205,cat
4072582f91ff8520363dd6f2e2bf8c04,111.9351,99.7054,90.933,55.9048,56.7439,56.247,cat
9eae72f7fb3ba2948f86d9f190121b12,173.8222,143.4214,110.865,50.2828,51.7138,49.5319,cat
f2c0fe7cf471dec2f6fbdf21529f4c0f,164.8378,143.2148,131.9386,67.1437,70.017,59.0683,cat
688401c330be1b38e5cefad30f831c89,139.668,133.2826,123.3613,72.5601,69.6747,68.3429,cat
670db5ed923dfd92e1a7822257e4375d,139.6162,127.5736,109.6991,71.6742,76.9172,84.7652,cat
100959faf9a6dc8215c14ff763ec748a,93.6561,91.3504,91.4137,82.1573,82.6206,81.7382,cat
e85d4928da6e94c5e2d1943a914fbc07,93.375,76.905,57.2368,77.8153,73.4831,66.6334,cat
0b0c8b500ab5084c1ae85f971665c64f,144.8773,125.5931,120.7391,58.4112,70.2228,86.2299,cat
e24522dcff65bb059e6615fbb26b4620,137.2978,115.6898,105.1104,71.5739,68.6449,68.0972,cat
f880653127c954cdc2d00aa664fd8980,92.3623,89.5463,85.6559,67.1454,65.4806,63.3875,cat
0f93ffd0209b8b56f2da66f6f04bb3ba,82.0289,75.5627,74.3757,74.5171,71.3001,74.3154,cat
d71eb96c3186aa636f8183f70c717f53,185.3425,169.1838,161.9053,45.9634,52.462,56.4442,cat
d01bfed703ac27890916b833ace2df78,127.5318,130.9656,123.6995,57.9155,61.1675,62.6237,cat
886e52737d1feb7bc4e03eeb98b6947e,196.9728,191.0192,193.2892,64.2512,70.2924,69.1733,cat
5184c92ffd5cc38411131830564a02c5,117.5473,115.0098,91.8073,73.359,73.1133,67.2427,cat
2bda5818d2b78bc29cb5b8b96f3a7820,147.1742,119.2614,88.8784,35.3573,40.9552,46.7309,cat
9342f7267610c642fd60a77bf3365fe3,139.1535,132.4622,129.5684,64.563,63.5964,66.9449,cat
678e6524ce2b99116619d4419bd86e92,155.2146,145.19,141.5918,61.9883,68.8068,79.3063,cat
b2bd84234bf158f225ed870864eb65fb,99.2038,82.3299,80.0958,78.2811,80.5145,74.9254,cat
77a87f02e55feb83519043af27ac490b,131.4968,90.0211,64.9833,92.0723,78.8195,65.9492,cat
ba55b913052f6ee29a4c186e76bf2728,217.1826,149.276,63.3473,60.4412,47.2825,55.4815,cat
f83413f30df41f827ea71085b217643d,95.5336,83.5097,83.5387,50.7143,44.8519,39.106,cat
9a6855d204442f4dc4c87a7679d378d4,132.2785,135.8807,131.3349,63.4021,61.3745,58.5234,cat
6e0ee9d2bdda555a8ec3d8811879e774,192.6909,181.3827,195.8372,73.4174,71.4889,67.2279,cat
2135de65cbe23aa6da38a45e80b50f4d,173.2883,122.6843,105.9913,41.8284,35.5423,32.8687,cat
6300695ba7a629863180b8ed41f87065,213.2034,209.5765,208.1564,34.4977,36.7249,38.6253,cat
8d5da278b3687e1d77a820196c9ccd2e,114.4776,110.4237,103.4563,69.5659,73.094,72.1938,cat
59aecd40851550630c45fb0d2c42ae3e,128.0724,132.3566,131.6785,75.9249,74.0562,75.0493,cat
0a1987c63342e5a34544695d703301e5,61.3872,53.4361,53.7107,53.4613,49.9306,48.6035,cat
b2d10953e8a9845f866b0fdc7c134789,156.1431,159.9966,162.4646,65.9676,71.4929,76.3286,cat
df46fae39547b190cd4e1f87222603ae,103.4641,103.6365,51.5717,49.5924,54.3256,52.6906,cat
ac490b8edba6af0c5b59c51583f4a136,154.3156,150.7001,129.923,38.0803,41.0598,42.9915,cat
8c52a032872bb5d1313db98a0a62e299,168.6308,143.1458,108.9919,46.3667,41.7794,41.3819,cat
c2043f7cda1c1a22428ef5a501c7db77,137.0084,103.3125,92.0509,61.2285,59.8085,62.2269,cat
792ca1a907eb318ca1e2c400dfb417bd,86.1696,82.4385,84.4688,66.3035,57.7336,52.3305,cat
4a43be7ecb7934d07920681506ecd5d7,205.1495,201.4139,196.1416,39.5523,45.1392,48.7852,cat
1f074da7940955aa5bca1f7aa7d7e821,124.7765,112.7768,96.9183,74.1078,61.078,53.195,cat
75d8fca9f95fe841c0598f78d185da10,109.2173,80.6644,54.9563,62.1672,49.7883,38.2358,cat
7e6f781760cf560e4c1790a84c603e49,116.5091,117.6098,126.0232,83.2822,87.3927,86.744,cat
93d1d23ba9b9350f362398053abfda17,124.2205,124.1333,121.4484,27.4641,29.0813,32.8513,cat
1faf7d0b698a6e789560edf3eb942e1e,83.1762,67.8558,47.6312,67.1133,60.9932,54.6037,cat
406273d00898cbe125398cbee14b7e75,112.9853,120.9486,137.5357,92.6177,82.5293,64.1254,cat
824dcb47ea75d37f16186173bff7bbf1,92.5469,85.9389,84.6265,84.1825,79.2281,82.1786,cat
31f5db5555c68a3cb368bc1e5d2a0430,202.8808,187.4187,177.3515,56.6213,69.0448,79.8588,cat
78dc28ef1b4c0c7b44ba571942236f13,74.2116,74.8732,69.6309,80.4807,80.2154,80.387,cat
583540b6cf085e6985b6e14c6b1136b5,63.144,78.8035,32.0046,36.6111,41.0032,31.8744,cat
ca3d7f6b4b8652b6b653d73be240b331,55.8105,43.2415,33.3866,38.2328,31.9501,26.0681,cat
5cb98a246c9644e67aab285c859fa9bb,170.5063,138.5441,124.5895,58.9579,63.4386,69.4484,cat
811662b0a1d4195b71b34b84e485df8d,147.2276,128.8844,104.8719,47.6741,44.3279,43.2124,cat
6745b84a5713882090d05ab53eb9ece2,95.5994,89.9294,90.6677,68.8178,65.2007,62.3135,cat
1d86cd5f64d65b3efb7ce1929d4110eb,208.8262,192.8646,187.3632,38.0662,50.2039,56.2196,cat
56dfcd9fc52ae86bb1ae3b3d36f5efeb,102.3472,90.8175,78.5705,63.4709,58.2222,50.8184,cat
06554c8d0f862b077532574f2dc92983,134.9539,117.7492,107.2452,77.7134,84.6789,89.4704,cat
d34b0426a66bcef60cb8adbfa0978a39,48.2916,41.8016,36.4504,30.4108,24.3776,22.9534,cat
8aa18cb71f005b86d100a89008ad2685,120.4757,120.1308,117.2776,65.7523,71.3542,75.9851,cat
47fc328776de2302ccf2a28ff00c2aea,109.8983,95.9175,81.1357,45.7279,49.7229,58.8464,cat
aa707e5421ac67841633559b839567f1,163.6716,146.6195,136.5602,47.0385,54.3008,56.1194,cat
bc70e9e102e5140b9b16f84e6839c737,128.1465,125.381,113.6014,77.4314,86.3554,92.915,cat
71056302368d1c375df06fbe5e02974e,110.9855,117.2013,104.2242,51.5368,52.7642,63.6578,cat
4a9d499ef60492c63041183319638ddf,125.9606,120.7276,112.4956,74.2993,75.0585,73.5592,cat
d5f5ed63996d18ac013d5dfa6be4e3d1,114.05,119.3966,98.02,72.046,74.565,75.4942,cat
fb09ab592332bd2b8b87189f2e511122,32.1944,156.3414,127.4437,45.9669,34.9429,30.2853,cat
12005a632fb6bf4becffa322e935e0a1,124.1258,98.706,91.6535,78.0546,63.8124,43.0567,cat
dded3d682e22e5eae0a2c649915f6596,124.2979,110.7831,103.7221,62.1208,67.1789,61.1006,cat
6495511382aca6e9f28f581645546f85,118.1772,111.0709,103.9903,29.3509,34.6005,43.4122,cat
585edd21a61e034ed5a0e9cb2b449196,112.7959,108.7592,100.2571,30.2573,26.333,27.2778,cat
1187539bc8078b906e7bf97bd627028d,145.6231,138.3096,125.5334,66.162,66.3372,63.0689,cat
546a41c8c537095ac7979bc3f721170c,140.3143,138.4671,136.0932,69.7387,71.3383,69.5605,cat
ccbdbd309c7a5ce96341fcd993054e4a,121.7691,114.8695,106.3073,57.4012,60.8422,66.3105,cat
f44faf5a1be0890b1d5c531ca1dbf23d,156.1273,157.1004,144.6921,44.5107,45.6568,58.6083,cat
4af3aa4259032e427b7ec2202a834427,187.2713,167.0912,152.9649,29.7117,43.8352,57.4121,cat
989980a27011850556631ba0d847be44,127.6741,117.1332,107.2695,81.286,82.2465,82.9999,cat
eda20edcfafc58acd2d7b93df2e2d132,96.6257,103.2686,85.6026,66.5346,67.1793,69.3581,cat
9421ea5e9749b4be094034b6ca3c15f3,159.097,144.0799,129.4729,62.4859,70.36,83.0358,cat
c6477e1dfd4bd97e3bbaf59c1edbef1b,88.2619,75.726,65.3827,78.4592,67.8982,64.4539,cat
a0e9da49fff5079670c0ee87af4d3746,94.5099,92.9823,83.541,53.6094,49.2116,53.3283,cat
c993815ea1d6b241f588fe8fc5c85138,102.7501,102.3548,107.7588,37.6262,42.9037,52.0201,cat
0162e52a105f37c0b10740e5aef624ad,102.7346,89.9979,83.304,73.3331,67.5347,65.3723,cat
2ef3465a1c390b5598cccccf1d90cb55,115.4971,106.3767,105.5092,47.0205,53.6674,55.2142,cat
042fd1c332e91dd9fe36d0c27f85de85,132.579,123.8977,125.5709,54.8033,55.4098,66.3706,cat
dcdfd359e9ef642678a86e0e65ad1b1b,77.2528,83.0462,68.9383,43.6054,45.1584,44.4966,cat
93992a3e1e37fbd1a6b21ca5634ebeb4,112.599,79.9864,69.7853,63.0733,60.0946,53.8382,cat
24af99d1dd9e3d5be8e0c32509c40c2b,111.9475,91.6572,68.6258,60.0328,55.9277,52.5355,cat
b2b8b8b611d1563f9d9892f07fbe3b3e,104.4782,103.1001,92.7298,87.0826,82.7829,80.7183,cat
eceeed1b84dfd4e015a046700d675d50,38.8842,72.7635,57.5971,42.068,27.0598,26.2045,cat
09304574e6bcd353beeb3514dfbe0e94,74.2174,76.0214,58.4958,40.992,37.4523,35.3786,cat
e959ba542438a2f42512678a4e41bb8e,160.0764,144.8754,127.0795,46.491,47.1773,48.0582,cat
9a99bc46b96c54ce7c0364f9511f142f,151.7462,137.8469,116.7097,83.1374,75.8322,64.7011,cat
27c218071806886c633889b76dd15fac,90.6384,75.8498,55.5987,39.1584,35.1245,32.3668,cat
20e6d94b3be86da62f465b325e3a3f08,117.6861,126.1473,112.7288,54.8868,51.324,64.3277,cat
0dbc4edae7c27cd2382497e679994f18,182.0669,164.1931,128.6738,49.6744,51.8935,53.1607,cat
cde4750339230a510267ed45009aed53,187.3844,181.394,177.5183,63.6521,68.6667,71.3087,cat
b8942ad0c101abefa035b9096e13d919,101.4444,95.2081,97.1225,43.9972,44.1914,49.3165,cat
552e9c951c4a08a5ad6f6f4ea8029c33,174.4855,164.5421,155.5527,51.7433,64.4188,65.974,cat
dd0a554a5000b02c07ad61a7f6599d4f,80.5613,67.3687,49.427,82.3999,65.9619,52.6979,cat
b61e5d8f72e6b347579252097a505293,141.2973,129.1554,114.41,67.1365,70.401,71.8426,cat
0d7f0db2b14a857c8529d5327cf88a4e,148.9137,150.5218,137.8022,37.8319,35.785,33.518,cat
3bd50ef9ae6d7ea78aaf16650d88c76b,82.0928,54.7094,26.8713,48.4597,40.7837,29.4194,cat
632a46b3a933fc16c5d10e5b0b9b3044,60.8811,59.704,66.7438,81.01,79.2503,72.6844,cat
f7a729f77256ddf23ecf7bd674bf46b0,139.6103,133.8885,134.3615,52.2905,60.5899,66.0056,cat
100a66eea3e58933382efa23d84b4146,104.1109,101.513,106.6524,65.5951,66.2006,62.9883,cat
18c8b37778ea7f2a5182d4b3b40410a3,116.9691,87.247,50.8196,47.5938,37.5003,32.5268,cat
5aff1d90a2508e4f8b84b1a98aa7b748,141.2396,138.1757,141.6577,64.0654,60.6417,54.2636,cat
12bfa7ac50022edb31ad429498fc0d9a,131.3653,133.7412,128.2374,59.157,58.36,62.6285,cat
6bc1a426d8ab1aba0b03a4f1f722cfd1,130.3073,143.8039,137.1087,52.7296,59.6842,69.4788,cat
b6394d1bd3c3feeeaa7713e4725fe075,94.1809,79.7225,107.9631,59.9549,68.4026,50.2689,cat
51802c537282a303fc9f4732c80ac0de,169.8587,161.8365,159.8009,49.2473,50.7293,52.5991,cat
6239d7d6b18b182d7a872945da887e2e,134.4535,120.888,101.5096,56.8042,61.4976,63.0094,cat
5473bd2875acbf5a89ece065c4568715,70.0052,48.5194,50.7026,56.3755,48.4888,51.7292,cat
d525b4608b9801840e2e86e5f5cc9395,144.2516,144.0448,131.6449,70.4628,66.4561,63.6159,cat
befa24c16f72985c88dfce0fdb7e0f6c,102.3814,95.7154,90.6844,66.1778,66.4404,64.6268,cat
aac287318d25380ba44d735deec2ccbd,135.1595,118.7795,107.8637,58.8843,65.3207,70.0441,cat
af6a02c172adb3e88aa599ad3c0fb51c,58.9796,74.2094,84.1441,54.2878,53.7257,58.5377,cat
c09e9f4b79aea57eb4c152725c1356c3,102.8227,89.3832,75.6277,79.611,71.0921,66.0412,cat
ea5d1b5d61a5a86ebdf2b9607945954f,127.068,124.9064,117.2532,36.2339,44.7104,60.1071,cat
57e6982caf129db76240ea591ab36d94,136.2634,125.5176,118.7484,66.1359,69.7245,72.7466,cat
2c859ea412d728af3106f6345b334eb6,104.1791,72.4341,59.7691,50.3255,44.2091,37.7447,cat
e8942c442ab2cdc4fd2fd12b092f087c,131.3249,116.5329,102.0902,40.037,46.7914,54.5989,cat
221b6abfd396ef5e26427bc9ef9526f4,121.7305,106.8531,97.8839,69.9678,65.6842,71.5536,cat
c75315d021e6a27bb5c313fc3c3cf52f,68.6456,66.5844,71.5833,48.5711,45.7957,44.9124,cat
6c6f76c100ccb25f99e8c53020c7ce6a,126.9152,113.9305,98.3343,62.6753,56.2225,51.5359,cat
aaec5ac1560fb2f2e15965e2807a92cb,138.0162,123.7699,108.0763,54.7908,58.7677,64.243,cat
3ec260032ae2923ecc15a2adacd16d15,87.3701,93.9201,90.0138,46.7028,41.8882,42.8275,cat
c11bc708d2d65daf23f699b772890695,181.3417,160.5944,146.9887,64.7126,78.7815,67.5671,cat
b30e485a806d0f00de27e17fc152bc88,128.7597,134.3262,130.694,74.4811,76.763,78.5024,cat
23ba43d0315ced8171dcd9a2ff292faa,148.335,132.2371,129.2172,51.848,51.904,51.4392,cat
7e377ddb773aa0c535cf95059f1aa43f,77.3722,71.0317,65.2091,60.7276,62.5118,63.5045,cat
9821f18ffe596ae703a6ea01f814cc63,141.6903,142.6918,136.6293,52.1939,51.7069,54.6443,cat
162128a292d7c8e7fdd27a3b663074dd,119.613,110.8285,110.1805,40.8319,47.3739,55.2915,cat
bca9a46281717a13791af9a90ec63477,137.3414,128.9419,116.9667,59.6693,62.4406,62.7577,cat
17d273f1b82131c1251c76b7c10f6bdc,120.5081,114.0251,102.6712,59.2767,59.6806,64.9867,cat
bb34d9331a03b4b60332ee9c9edea22a,110.3608,82.4965,67.1806,48.1089,46.0759,41.3449,cat
bca7c6117e31a5f2e4c6517f0552755a,137.6021,119.7713,99.8706,40.2798,41.0612,41.4039,cat
0b072ff03dd8b846ff28cdb9b1337747,126.8091,106.4515,101.8913,55.1574,57.6987,56.0523,cat
e78c6fd66c750bbac7689ba43f6338c5,83.6148,82.7298,63.9866,45.8084,42.9549,42.9486,cat
04c6d3488b03fc1fd88ef9953750cd7f,121.2105,106.7296,98.5899,62.4128,61.1187,62.0409,cat
f29a60b444501c7e5c3cd6c6e9d989d9,116.7594,102.8845,105.2775,46.7167,46.6976,48.9875,cat
3232bfc8007bb3d4f18954c4794df65a,165.4801,159.7252,155.2511,45.4352,49.5337,62.8778,cat
fb9e544e94cced1f67fdc3d0e3abcc88,147.9372,108.6974,86.9037,76.7703,56.6002,44.5856,cat
ccff064eb514be484b6478b85e45870f,86.5352,88.2953,87.553,77.863,81.1253,77.8214,cat
bfc98d818fc041f383d5ae7abba0fb19,141.0833,160.077,126.2875,52.5149,48.759,62.121,cat
e1f26e504827d10992416b3785991e16,131.2863,138.0425,129.5653,69.7247,62.1866,66.0324,cat
4ac2fbf1877c2d8b50410819dbc6bba4,197.7351,168.1687,122.8132,73.4593,89.276,87.2268,cat
23a686cce59c45051856573698cdfb7a,120.3101,113.9853,92.8213,53.336,63.0253,65.4432,cat
760df9f0bd53e7c413aaffa23b7260bc,109.3052,102.9567,103.3857,51.6976,49.7533,51.3662,cat
6b36b4d311c37dc9f35dd28f9fe6881f,127.3546,123.0924,122.1241,43.6814,51.5944,60.3982,cat
9ee2bede30027393abcc0a365ba0f418,141.7088,128.45,86.5747,54.5342,51.431,70.5713,cat
df6871e3fff908b5a5d57450c660089a,192.0671,177.2478,161.7518,57.3831,57.3552,60.2798,cat
0df2d6188721ded2fb1aa9f2cec947a0,131.3728,132.062,112.8741,44.0908,48.6761,46.491,cat
77efd14303ab4ad40f509818dc118f58,184.4985,174.2682,163.8992,68.6926,73.463,79.7174,cat
540896a28808f8f207571f53ad066574,193.3949,184.6808,175.8836,30.1733,39.275,46.2256,cat
3400e7e2a62bfe0d807578ef81304f68,157.7814,137.9344,132.9995,53.0927,59.5892,59.0777,cat
f539ddda29e35c409e93e4081a389186,131.6453,101.9309,82.9789,68.5927,71.845,74.9499,cat
c442de6b8835562bb861d092c309fdbe,141.1896,138.8483,136.6968,56.5265,61.1438,64.5957,cat
e0a2ce338d3da66e0ab7cf6c8f5eb7d2,132.3107,130.7745,128.9588,31.6062,34.5202,33.043,cat
391da5bed82aae195510593309d89371,129.5323,124.5355,118.2692,48.815,53.0742,59.3944,cat
0a02c31d4d651fb4b8f40aa853a829e1,49.5941,44.9247,46.9261,37.2389,29.6035,29.5108,cat
cde5aa8a8643685e06731e1e203923ef,152.9728,112.3753,64.9932,49.6946,35.9957,38.2133,cat
a34b37cc0ce385f94e0ee8bfb709ca48,126.0255,112.9297,121.6189,62.5869,63.33,58.9508,cat
9f5b4a00052db8079e364272a97de934,108.0353,108.9043,111.4934,68.0264,65.7571,67.051,cat
e38f187493f9f1e0b8c54afec9f29063,157.9775,157.5842,153.956,90.1113,92.3116,92.0412,cat
7ab73c1cdaf874b4fed0ffe754471ca3,187.0614,163.9028,143.3833,56.3645,57.022,56.4708,cat
538cc64ab024dd5e84745c5769b15f72,157.6862,149.476,144.7081,59.0798,56.1018,55.1813,cat
5865ec6494457b723180c777b8c04aa6,120.4917,114.3113,108.2602,86.7807,88.7319,86.8161,cat
399e97312ebc741aec037ef68902b7e5,109.2219,93.6627,71.3177,70.1317,69.4395,60.1073,cat
9c617e87e6bb3a750044808694b272d2,162.0845,160.2745,157.9383,104.2933,103.5256,104.1695,cat
622ef4849fa2495b9a040e1ce444a67f,143.7987,143.8956,144.4965,44.1016,47.0743,50.1856,cat
a0ffc0628296aa14e5b91f1dbe59119c,133.8535,114.4187,111.9953,52.7421,58.3742,68.3726,cat
39ee49d00602160347e7998bae600f12,109.0049,116.539,99.4168,78.0183,53.9033,64.6894,cat
a2d03e4b2425e12e0c06bfbcfca11e60,171.1097,142.2697,131.154,47.9747,66.1519,67.8584,cat
68d02e237a684651295bc3e06e8e0f69,166.233,144.4884,123.1354,28.4539,31.9574,49.407,cat
26df8acb21373ebbab52dae0a54ca35c,72.5504,66.6759,58.0973,46.8086,42.4476,42.0708,cat
f3849e7483a63826ebb5e7febe8a4bf0,130.4736,140.8875,110.7672,55.3854,50.5708,70.2431,cat
1109ac3ee895ab0a2871fbbc8dfa9af3,120.5434,129.164,118.3063,51.3408,54.9451,55.2228,cat
cf10bda7f997bc28282b2cca895278d6,107.1254,103.7609,111.1593,57.1593,51.0584,47.0488,cat
abe2690f506f9d3acc6c719b5df819ea,111.9508,105.4321,102.9312,66.3011,71.8424,74.5233,cat
7d9768bb1a0f6ecb52d7c80f5d168df0,136.1055,129.5997,115.8473,74.1699,77.5844,77.2543,cat
5a3e973232c550254e6f8006e1fbc4fe,122.0489,108.3591,102.5809,74.9942,72.0517,66.2547,cat
72976f4f8a3acd32a15ee63a50f2556f,82.3437,71.9412,63.3556,58.2058,53.2401,48.6583,cat
9398373f36aef1fe829d8198a4d6126c,144.459,130.4919,108.036,54.4583,57.4128,53.8158,cat
327c0ac44f75204d6456237863bfff3e,99.793,103.1215,78.9468,54.7549,52.413,48.3977,cat
f5559e2600ee5a2a96b4bd20687761a1,103.7433,97.5156,90.5198,71.03,69.4295,66.7364,cat
62bdd1f9fc3e8c71ff6f498370d1c320,37.487,24.9006,19.7922,31.5328,26.2298,21.7231,cat
2b7df132d380364e41f84654f659d718,180.4702,163.2428,132.3556,60.2767,61.5892,64.466,cat
56987d3504610be8241ed6de35ef84e5,187.2669,182.5535,171.8312,46.3718,53.0223,67.9983,cat
6fca577416c3df57bb5e27979141b367,106.4947,92.8849,75.0267,69.2546,62.781,55.1219,cat
0dde0427e1c850a056e4d94c64cff47f,131.3487,108.4459,96.3888,46.4805,53.5922,50.7989,cat
064def0426d0dd8625338a56d1949e45,93.4232,79.5759,70.8932,65.8422,64.8256,63.3054,cat
f063214896e86852efb3962c57ae7cca,125.3561,135.4664,137.2573,28.4487,48.3883,66.5307,cat
19bb2c172d13337d6a523ccecb6bf01e,80.0229,81.2451,89.6169,59.2987,56.6807,53.3033,cat
18c53de9e2654dde437a9132a7eeea04,42.7559,96.215,135.9356,69.6153,51.2336,48.5048,cat
910b5ef3c496abb300c4a56dbe567839,114.2402,93.3915,101.908,83.6767,67.7802,74.9646,cat
801de27748c9d3c43dd75645b77192f8,134.9,137.2572,123.2583,59.6784,60.052,65.0727,cat
1172936282ad3a2f1095e9f6738bea98,148.952,126.9056,112.4125,54.5523,61.9362,67.0999,cat
d4fbe42ffb65acce8b10dd5cc20b8d57,108.3251,87.0077,74.4069,62.7696,59.5981,53.4527,cat
b7a2cb02ae3da8a1aab33d9b46481675,103.3356,99.5355,102.636,66.0263,58.4742,55.646,cat
956f2fa95d50f425bb89bcce11830057,72.79,93.8522,130.3854,78.3782,69.7758,59.537,cat
5e18d2a8a3a688a32295f22376f1adb8,104.5423,100.9064,103.6874,57.9617,57.8238,65.7522,cat
f13e51b3b22f27d52a4146a8706e34c2,129.0342,126.2186,122.2761,67.0645,68.5351,70.7417,cat
e63fee3a2b467b0b67a083e56b223929,114.8553,109.6795,98.7509,70.4385,69.2912,73.2204,cat
65016e004689073d975ce574c7b8f430,126.6383,124.5707,122.6503,47.9572,50.4129,53.4239,cat
2d87db4ce0a77a0ebde9260c706f8c25,140.0109,131.0638,128.2625,58.053,63.2424,67.983,cat
abd195c95cd76c83a094d33fa34f02f3,190.6664,157.9988,127.5432,43.1125,55.2189,63.7298,cat
debb05fc564c20779dcfe747e0f5d22c,135.8649,115.2769,96.6023,53.6147,56.1254,63.7554,cat
53c762a1d768f8ca28b1f571904ba59e,129.1948,122.2975,111.979,43.3448,45.0336,45.2426,cat
7fb4aaa1c5990efdb8ff061729a05a77,150.1556,94.0681,86.5519,54.1509,46.4586,50.6432,cat
086f0ad88b0569ce97dcd864d95a022c,124.9098,112.8,108.1656,57.7598,52.9452,52.6493,cat
064f0e2a489797407d68af6023fe92a6,183.9762,121.3775,81.3904,39.9141,48.5258,54.4358,cat
817db6a52cee8aeb7a6599a9c56219f1,89.2421,86.8906,90.9774,52.9916,42.5327,53.9296,cat
114027a0f05662e5b11ae07490c05c35,126.247,102.7645,70.0665,45.3747,45.3646,44.44,cat
570998e368e28868f5c0b4662bc354a3,126.0921,113.6589,105.0863,86.7577,83.4691,80.0916,cat
d1b3ae7e49607d45597f108d4f97e974,139.4152,131.3909,113.0407,53.7551,57.8225,66.2509,cat
1aac841b324b2f317c77528f4bf4e68f,163.9389,156.2104,150.0547,58.4047,64.6588,71.8306,cat
538a93a898e64b28eff217d660cb0e36,139.8064,134.429,119.8496,70.6892,70.0114,70.1016,cat
758b7d0a43f8af357c3880460d0f7242,198.353,148.0858,136.4627,60.4936,53.082,59.629,cat
3734915bdbddf4250615bb65f2aee396,38.8773,150.8584,124.3583,57.9111,33.1066,31.1531,cat
632b543ce229ff5f07562cca7b90328a,170.0841,171.8147,172.2578,75.1777,78.1113,79.7757,cat
85e0998d048e7bd83ab729f9a881ab2f,151.8934,150.9374,150.0068,56.6844,57.0449,57.8764,cat
b996778b317b9b90624f6a4a131480c2,176.3881,175.8305,160.4196,60.3039,63.0527,65.2451,cat
8a216a3b6f203ca476b98b443683ef1d,167.6033,149.0158,163.5327,90.1652,93.8513,95.7259,cat
e6680c855a421f175108b4fdf9ec8ebd,154.5415,147.7202,140.9686,79.5171,82.4868,84.1324,cat
78dd92f4e850144b67c794cfc61d17ce,133.3181,128.4992,113.0281,37.0651,39.2527,54.6141,cat
871f931ea404604ccabaf4f9ad8be685,131.6524,132.0264,132.4773,40.2314,40.0896,38.6415,cat
11690c2ace6282736fc40e1410ef76f4,193.2,135.772,93.8994,40.0797,54.4252,63.9852,cat
12755c6bf0ea304a545377697c24c94d,86.1875,94.6799,70.1844,84.6775,80.2453,92.5001,cat
d54870184be12ec7efd04f4d3d3c4b4d,106.1171,101.7613,101.7657,61.4976,61.5805,64.6322,cat
212a2f2c36986676ef490a87ea3f3846,124.8745,115.414,114.6337,59.7863,63.5593,64.9537,cat
cb8e448aa5fa2d390cae3c0039aa01b8,146.4949,129.5374,108.7496,60.7946,56.1054,56.1911,cat
5376024b0668a61a590969ad32e23300,52.2045,43.0864,36.2154,36.6999,28.5738,26.7408,cat
dd272bbd783b6d02c67487a09a3b6727,82.4394,62.7504,58.3792,49.863,55.3481,53.4419,cat
9fc69ee33d34d53572c3c337ec308437,94.2451,86.6373,72.8056,64.6545,58.3443,56.0655,cat
3ac1e2952e24275b1e04cdab1e278f55,118.976,109.7675,102.1381,62.0329,63.1203,66.0566,cat
252b7f0147839c33a4800b4fbb043aed,125.824,113.6994,107.2293,55.3645,54.7445,55.361,cat
7ac289c692c55740ea7f6305ecdb6709,97.2105,90.7086,85.7483,66.9558,65.1696,65.1075,cat
b4c197e78d47c8ab3cda9e9b5b4ffbc0,63.7884,54.746,58.3649,55.5121,52.1458,49.8369,cat
894e5f2b4560d07357490e1aa3e7ddd3,149.2926,141.8684,133.2705,77.453,77.7069,85.6336,cat
ff7ab760d2bf0aa54886b57325e731d6,135.2078,135.8657,123.6638,94.5739,82.4778,83.5549,cat
c045abcba8c4ced926562611adb7a7a1,58.1137,48.5486,47.2332,53.1288,42.3932,32.5716,cat
0a1987c63342e5a34544695d703301e5,61.3872,53.4361,53.7107,53.4613,49.9306,48.6035,cat
86f4bba7c13a59e8b82e6763de2bd50a,131.515,107.4186,86.0684,55.0697,48.4746,46.4872,cat
08c0b2b8f256b4b75bf7875145fc9d06,200.0555,181.4306,167.8565,42.9547,54.0685,62.3955,cat
5379c28032efa03615166bd8059b7486,103.3742,60.9928,35.6155,54.153,42.0458,27.5799,cat
ccc47172942315e56aeb24f04c3e1183,114.5612,113.5472,110.3008,58.072,49.2345,57.3506,cat
be5d213c92599672ade2dea1d9ca2c38,105.2608,96.6971,92.175,55.1036,54.221,56.5492,cat
c48f42ae5adf71ffbdbee6d29b37cd5f,159.0055,138.3174,133.1757,53.275,60.2256,59.5288,cat
d0c1c75f8d5517459f84014d18f57cae,158.4168,152.6948,146.972,41.3257,47.6151,51.0283,cat
bbec490a567624bd7274d37ec014d92d,183.0622,171.8235,168.2395,39.9268,44.8935,48.5783,cat
32d921b47258e3c687f8571fffbdf665,204.1961,198.1564,190.9631,61.6485,67.4827,73.4429,cat
dd6534ec59e420d8ebb751b3d2b169f5,110.3215,88.9766,73.0258,45.9958,44.5835,43.6615,cat
9e800773139a2a45b011ef4c7c8e4127,113.1738,99.0002,77.1404,66.1092,56.3462,48.4426,cat
6eeb600e71a0b42e80c5a9c5a5a9acf5,160.6202,151.3028,133.0569,53.9584,60.8867,64.3789,cat
587228e0c15e4003477a8f51f7dfe0e9,173.1793,155.2611,145.3097,48.1327,58.5405,62.1472,cat
f937b6f9c242356468bf324a91cf3807,107.2166,103.4547,100.7198,82.8772,78.4557,80.7731,cat
6236fbc1fa9f6a734bfbc86dfdced349,74.5685,78.563,73.1373,39.0843,41.9369,42.9705,cat
fe31b5d38c0e7134657f776b8574d37c,113.3851,102.5537,103.8402,51.5625,59.2569,68.4035,cat
a2740a12cabe22ad98aff1784fb3a2f2,143.9725,115.6322,80.1231,76.5415,72.1441,62.414,cat
82dbfa867f4435e3d29aab12a1078c03,133.7367,116.4979,101.3058,71.1977,67.9381,64.5551,cat
f605788478826d78a036d93c19a7b676,113.9629,119.5838,122.7969,59.6225,63.5787,76.0322,cat
c3ce96ef1835bed10c26cbd99a5a72f2,127.6079,103.4123,68.8652,59.924,54.5892,46.0685,cat
8eb180296fffd5caeb22815eec68a765,123.7847,120.0982,114.7251,63.8802,65.6939,68.9292,cat
9cce1a82ef73fa4ae03f778a495d7ce7,111.0032,103.1283,96.9394,76.8761,80.4659,82.7712,cat
d0eaac652b6955ccea5518831a65cd2a,105.5991,107.6767,67.9944,59.6063,57.3568,60.3435,cat
7b705f4fdb5f420c917841cd1dbeddcd,115.3027,101.9667,94.194,63.6854,58.9964,59.1638,cat
41f8b049f4fc55a30e6fab256b116dde,102.2775,100.1071,98.1814,75.4417,75.7022,74.7277,cat
324f184aa12b0f93377be1e45e338e71,139.1003,112.0986,82.554,70.5998,67.6574,60.579,cat
a11c8c0f2a205895b3a330fbc59e6256,127.662,99.6514,90.1528,68.5247,68.7451,56.9101,cat
d8c504ed187c03be240039eee179e8de,68.6056,69.2551,65.8683,46.2864,45.1788,46.4571,cat
306e83843415b919afd80c82adbb4f42,72.5218,78.427,78.1702,78.7013,65.825,70.4388,cat
7ebc369bd35ad2426249941a79d4135c,146.2395,134.9818,122.0148,53.184,50.0118,41.8057,cat
96475cdab636bc3edaaa2a8e0f6e343a,173.3956,171.0962,162.8928,49.4902,54.8157,57.695,cat
0f1abf3865215f91308734e2a1cd7ea6,188.2231,187.6198,170.9211,62.9069,60.2794,45.7477,cat
75353aeb026a5e247833cf23260db382,85.6617,83.1266,87.3596,49.3726,49.424,53.6559,cat
79e242ab3c4a975768d6664aec92aa2d,188.5094,155.5547,114.4207,51.064,55.7209,55.0069,cat
9bdcbe481020edd52bd8c7e79383bb02,106.4426,95.5664,94.9631,52.7822,59.2155,62.5075,cat
bf10ac7143ad996f9d69f21688377ad0,163.9154,132.929,108.2574,62.9186,71.1956,62.9379,cat
afc39a30f2676122cf969e0d6d64c3f0,140.2375,139.4391,135.5129,66.7999,69.5737,72.4089,cat
ff9b79aa5ae5093f929b9215224c1b75,211.9729,206.015,202.6814,40.5051,46.9999,53.44,cat
262b0b67f03865e1ff1fd9135016075d,100.8767,72.1466,69.5381,54.213,50.4341,51.1709,cat
942059e3104e25385d7dce05a1c579bd,127.2075,112.7176,96.2585,32.8037,31.2289,29.1067,cat
fb003f539641265eeae13784ec611992,85.2676,92.896,82.5478,61.4774,65.1065,69.0783,cat
659c93148b6c8c770c16dba1a39bff5f,108.0169,109.2278,85.5754,57.5455,54.7973,62.0435,cat
3def675ef37139b0a3ac3321e28d5c31,92.5086,99.7701,93.5939,60.0141,63.9593,57.6634,cat
6c809ec67c3b232b8b1281a8e24facb8,150.2448,139.0849,137.4212,54.5864,62.4829,63.127,cat
c59f36a2c3512533b864629096228e40,104.2027,87.6633,85.276,64.768,58.3239,57.961,cat
19387612e2822675d85340db8a7c0b0c,144.5033,144.9016,141.13,49.2107,51.0051,53.1074,cat
47c0dd97dc4cbd26fe1ce8d7d95c721d,154.6365,111.6151,80.0098,50.3769,47.0724,47.5692,cat
4b0b40bf318644b417c59fca1c34d0c1,154.7415,152.045,132.238,72.3824,74.5041,79.1181,cat
ff540dc823159de81dda6b2110098c32,147.3188,143.8284,136.1283,68.5582,69.2725,68.7532,cat
a6150bb27d76e6b860b2850c8a53a494,96.5359,49.4398,64.0771,45.2757,29.9107,37.2993,cat
ec77abef4182a67e932a2ad6ad3749f5,96.1665,81.3252,57.4551,40.448,38.0612,36.2175,cat
96c63a6dbeb9c1828700ee41ef1bb90c,99.1944,99.1157,97.8507,83.2022,83.6699,80.2198,cat
673c4eacca9c9438d9bac2bfe910ff6b,144.311,125.147,96.6404,75.0492,68.5809,59.6985,cat
1371f70767492263096e9eb6527e89e1,130.581,131.1997,131.4233,54.8626,56.1992,56.7401,cat
963a7b9675164a5e62d6e353005d3742,152.5366,140.4323,127.3941,71.0555,71.389,75.6032,cat
c0d1f704c3525c674c91e82456f1a0ba,127.2922,108.6072,93.1773,50.2611,47.2791,47.123,cat
96e2a81422d2b9f44e81607938574053,134.2354,102.5372,78.5684,60.4588,60.9496,61.5572,cat
6345fcbf1c562f84f429391ec138ffed,62.0606,67.7704,42.2875,65.9816,60.2109,53.1313,cat
b2cd1da57ac137ff3fb7a9a074822989,118.0966,112.1494,103.5664,69.544,69.3044,72.2113,cat
27d2da4fa026df5fcb16df4856686d79,141.339,98.5601,57.6996,46.1128,40.1715,38.2873,cat
b78fa8e7ae168523bcfa707807221323,114.2222,109.234,101.4035,57.744,52.676,49.581,cat
06664531dc064f4e4e18650000f63787,133.7101,114.3494,95.4858,45.9138,47.1796,49.7065,cat
e0d3392d384a9c6ce41fbe43c21c564e,203.9124,198.8477,193.5795,46.7062,52.0617,56.883,cat
4fcc5991fb0b6da728fbb52bd4147680,224.9536,217.3295,208.2798,45.8905,56.439,69.1082,cat
511d775a3beee5c47d5beb7c380d6f40,116.7262,91.8107,79.3354,64.3296,73.6093,78.7493,cat
c7e20a4df9fab346ed99c495c9461bf0,155.273,94.0903,53.2976,51.4822,45.7887,35.4125,cat
8b886bc03c717fdab2f01f3fdf88ebed,79.2397,55.6574,37.2809,43.1644,38.6067,27.4214,cat
86f6b448b6f54aeb63b7f545b801eb45,105.9236,107.8616,105.2379,50.6372,50.9558,51.7944,cat
a8aadfa3775e0ac468108ce386302791,158.5258,117.3101,43.2512,43.6141,46.0613,37.1622,cat
70c0ad9dd2999d0f89b9f7b762fbe88a,137.76,127.2939,120.3502,35.9924,40.4611,46.8047,cat
34507244910c6490fd4f13d7d9cec2d5,174.3034,172.8921,170.9728,101.8818,101.3831,102.1883,cat
b734c4e624c086e64596e3b74c19733d,37.5155,28.3018,22.3684,51.6409,43.0734,31.9077,cat
2cc8feffb07f37bfb083b8ac8fc93b95,133.2993,99.224,68.8836,77.5023,60.7931,54.7779,cat
5576f16950894008c866aabd2e8e7090,97.6255,78.6038,62.5631,72.5717,68.7174,63.186,cat
e342db0780aac63378e3b76deee1243e,76.8174,57.4246,45.2703,59.929,46.249,39.1166,cat
7fcc3f1d87b399b19d40b701f5437db9,145.2471,146.2729,132.2172,43.974,44.2458,47.7801,cat
e8793147093ec70ceb29824b4a281cd8,58.3919,49.8549,47.1937,52.9481,49.0754,47.9231,cat
ea73044f028dbd57b404425e9a7f1234,189.7725,176.1487,162.5756,52.7783,52.9978,48.2502,cat
8706eaa0552347850492f925a770205a,83.8142,72.4462,32.1249,77.443,69.5495,50.3971,cat
d68c21158b4e6955d96e9cfeaeb9f2a7,152.5516,133.5794,105.158,75.8184,78.3183,83.0697,cat
d22e3be51a553049a7ae942dfc610088,160.0263,143.3053,120.9347,74.0496,80.747,81.9952,cat
b5d2d3d6d72a9e130496b52a80e748c6,96.3035,77.4393,71.5647,51.472,63.762,54.5335,cat
417fb28084e8632876cf8f60e90531dd,107.3292,84.104,87.7426,63.0284,62.5442,62.4857,cat
8158777fbaefa77e8223b4676d8db4a4,174.7771,136.0975,94.8042,63.5944,61.1022,54.6089,cat
173dba0d71b816da9c874f4e756c71f6,162.9115,107.446,54.9144,63.7742,66.1846,45.7884,cat
392ebb4bdebb0fa9a6a77137db057669,152.9231,139.0777,127.8699,38.036,45.2502,42.4267,cat
efcb264f3f1baba4aaaff9c340754574,69.232,91.6605,103.1475,49.7464,41.4074,41.8966,cat
709f742a8a3781f10aa1a42469c2de58,129.523,124.1168,122.871,49.0275,48.679,52.2573,cat
dbe6e540cb52903ae42d09b1925fead8,137.3861,145.6491,146.4196,68.6556,76.9578,82.403,cat
b4d4be2f12052532347e8b7ca8a6e39d,89.8586,79.2609,61.9718,50.3053,56.0745,51.4185,cat
6d141a487ba3eece7e07b791140ee1fb,92.3918,81.4697,84.0962,77.205,71.7838,76.7742,cat
41af7690f8093ee7a35df0abe18c76e3,168.2748,145.2281,148.2021,58.2156,67.4856,68.9607,cat
eda4e3fc57f0c3534c64bcedd4d43ff2,119.2824,102.9495,89.3524,33.0235,36.2391,44.2066,cat
e8cd94192fa6bfbf0ae273724ddfbb84,135.7003,127.2628,106.9513,64.9761,63.8542,66.044,cat
11c45b5ecbf6caea0d5dd12eb4fb3c50,111.0915,121.6636,87.004,78.1232,74.8799,71.0297,cat
397b3ad0320e92e39926d30c78b5509a,98.4492,109.7909,86.4293,51.5979,49.8539,46.2578,cat
7fa91af644432de102c0a67f00011a69,152.4419,149.7441,149.0394,44.6878,48.7679,57.7216,cat
beb861cb4ebe216de545a61aedd3711b,94.8588,87.8982,78.9659,73.821,65.6439,61.0722,cat
88f509f489c2c73c22a91777e88a2436,106.742,70.3218,130.9839,55.138,69.8697,36.5558,cat
e205cfdc094c3d89cbeeb8c50ee664b0,123.7651,121.9204,122.3735,108.3632,108.667,107.7539,cat
ee65ecd20a75d0ffbcf13899850e36a2,124.2637,139.6778,146.6516,69.1699,68.814,67.3783,cat
a7aed9e2cb2b40b21e39337824804ce1,182.6263,159.3556,146.5352,44.4719,49.9982,56.0656,cat
a9c185485382c7297eec52ea948788fc,129.6832,115.9343,102.4365,62.8896,61.2583,65.4277,cat
6753242fc4b7904a1fad78de007837a7,49.119,67.6249,80.5491,54.959,48.4695,44.6952,cat
2123e1b62fc70fac4a8b180495abf61b,132.7728,126.3866,123.8824,59.3003,58.9689,62.6453,cat
1cf639f5751489e673a19d5150d7f978,151.212,112.6007,62.1581,31.8177,34.2972,37.1105,cat
cd1beacd87f3bf8f7ad90ad1f956db47,214.5583,198.218,193.2179,53.5691,70.6882,75.498,cat
936ad771c230864bc9ad651623d5eba0,61.3423,48.5577,45.3391,73.975,62.4247,59.6707,cat
92e45265557cce09690c296231d42bfe,155.5545,142.2536,132.8825,65.0475,71.9089,76.5119,cat
b62a60458d16035c53c8695b1d808ee5,111.8672,107.5642,106.3325,46.7724,46.1485,45.249,cat
cf245276b6dc59a9ff297169a4dbf28c,47.2722,46.0194,48.5005,58.3635,52.6089,48.2879,cat
96b88d97d8bc833202980148131611ae,157.2065,161.7101,154.4143,60.5104,60.4479,61.8473,cat
2fa15283f4fc67f92cdd9fed16333af1,81.2875,77.961,73.6019,51.9671,49.8688,55.6258,cat
a480ff6f0275ba80f093e51c787ec719,100.9635,103.9641,91.3204,69.535,63.4886,69.2421,cat
f90a0452854ce06cd63a2f86a2e22784,219.5137,202.8389,188.938,54.9987,71.8018,86.2307,cat
5c23ebce5a5ea44b04a8c4435d8d2587,52.9299,48.9063,42.4626,45.6815,40.8182,34.0677,cat
346081adad4214f2889c6ff91af84444,198.8121,195.8412,193.5795,28.7812,35.0101,42.3073,cat
9a4b9b158690e9e9da227d848d49c51e,132.2606,116.785,86.4723,67.7892,62.4703,59.4107,cat
26e91fd4978b4ba02c9646fe63f18237,151.0942,122.189,90.5748,59.6301,54.2282,50.7545,cat
b0dc89cbf174302b1361cac6e35597f8,132.5257,132.3525,133.4999,69.0523,70.9315,75.4688,cat
36afe502a1be8d94c1f5b268c5625449,104.9256,93.9253,151.9829,60.3163,66.3794,37.3501,cat
d1ca5c545d38739d3f7a46e3d0934c29,124.9739,97.7806,71.1229,47.4685,49.3248,46.4241,cat
650452ff8d7d30ea969658a421fc36c0,104.9952,84.8725,95.0426,83.8262,65.5319,75.9112,cat
c209b2ed6de47bfe9b018d0e4a3aab5e,77.2469,69.8856,52.9146,65.6131,59.3412,43.2671,cat
e73b95ac8eaabba4f4cd64a3b7c1f652,138.8262,148.2393,152.1888,52.2389,62.9776,73.0508,cat
33f0150f28af57127540e0686e9d04ce,126.3721,125.5372,121.9717,63.0567,65.4966,68.423,cat
5fc3989479c00fc95f4d92e9861092fd,105.8458,119.0125,88.4386,53.5133,56.69,52.6137,cat
93f3253d8b3492f8e91636181142a79a,126.2649,96.715,50.9244,43.1707,43.6353,48.7408,cat
571f034d7715f32cbdd4f49f6d897ef9,39.8266,37.3527,38.5502,52.5767,50.4279,51.8535,cat
6de2e4a1d029ad3ca9390bef57540326,143.1846,133.2046,97.2539,70.3833,48.7593,58.2374,cat
692bee660e527d765634b88af8af185e,120.3513,100.3353,77.6621,83.6232,73.8969,62.6054,cat
f86d1b5ed735e7c7804e2a773022b131,209.4507,208.1066,207.2162,64.6089,68.572,69.8198,cat
10fb30be28298789d15eb7fd33317789,120.2183,75.7796,53.9738,52.0157,41.1257,38.8696,cat
0283af00b347cb6d23166d9d164b3a07,104.3274,102.8617,102.8423,82.1421,82.0949,79.4858,cat
c773b19b3d5e353078da2979958bf937,121.1546,108.9252,101.6462,43.0351,48.8642,53.6285,cat
5771e5911f11291a3fcc7d48ac0eb36d,102.5937,59.7487,33.0341,51.1472,37.4636,22.1332,cat
1c980db2d6c91990204ba23808983c1d,116.6996,101.8315,80.3658,46.9412,43.1956,36.9366,cat
7bb3cc78a9b1b143bb1083ca98659f35,63.7994,56.5623,64.7361,68.7262,60.696,61.5541,cat
36cd1614d0a152515051ad64e9b5f13c,96.2653,83.2204,68.3265,46.6888,47.3699,43.6844,cat
635cd5bd078d59e7d2514b71284c8d4b,83.5358,82.3099,95.2742,49.2041,53.7787,63.2081,cat
d4ced89cd063f6fd58131dcb366ed05b,126.1982,119.56,91.9785,44.538,59.709,54.4826,cat
50170062149498e276684db9ab869ba9,189.8254,163.2176,144.6829,63.9271,78.0284,83.3482,cat
eec020cdf17a869a8af68622879328a2,115.4358,78.6849,56.9496,46.7458,42.9989,45.4806,cat
7ae3b66ce0afaa94833a7c50553f28b4,167.3852,158.7634,148.3251,65.1512,74.1425,79.6142,cat
1d144415938919592647250efda1d886,197.494,189.6122,183.0136,46.1822,51.7055,51.7248,cat
45f2e9cf349055f0bf34bf5cd911ec83,128.1178,112.1448,90.0542,52.9227,56.2336,56.1944,cat
a5bdcaa7a548767bc43a8046cf8dce08,144.1099,145.7649,148.4616,78.9841,78.4135,73.5366,cat
4f35c206811d28166c1119bc47a383cf,96.3712,74.4577,52.4959,93.7556,73.4286,55.3371,cat
fd1ca9d314de8aeb76580dd75a96016c,152.1998,143.8708,114.5144,65.5811,64.933,60.6585,cat
96b4dac49ea51eb3cf9a3316e5941dd8,105.7853,99.1871,94.4861,40.9734,41.6841,48.3949,cat
c6477e1dfd4bd97e3bbaf59c1edbef1b,88.2619,75.726,65.3827,78.4592,67.8982,64.4539,cat
4108d5b2bb3729d45ac2956632ad2369,124.2784,121.3109,118.8816,42.8444,43.8996,46.1931,cat
58c403721d0d4f9e1d8d7ef76dd6ed5e,133.8349,120.6941,107.0197,77.5957,72.2645,73.8556,cat
1d6a2f20377fd1150cea46805eafc468,139.6614,119.3645,109.9181,61.9725,69.179,70.2358,cat
b7e5154482da6bf3d179a45fbabb125f,183.1665,170.0948,169.5258,72.4823,95.5737,104.8557,cat
eda1e2324120d8d7158bbc9ec39e7d57,126.9124,122.217,114.6472,67.8677,70.4003,74.119,cat
e0976b64f56ce1a92841d839dc82bece,157.4982,130.2776,121.1707,56.2964,67.89,71.7116,cat
75768ff49a38e27c54ecd4041596f6a7,70.0936,73.7244,69.6411,70.9954,71.6805,79.7621,cat
280781a7485a2fcf607c362f1c4e6e6d,108.9209,95.5464,82.1904,33.8603,38.9132,44.0433,cat
8dd66a7154f6386cdc97159abdcc14ad,112.4242,93.6771,62.1038,42.879,38.2103,29.1988,cat
22b30a1973729037fa8428acd078c98b,143.3513,129.3828,122.1925,32.4943,30.0365,33.4478,cat
cf8aa2287a468146b61cfa282e30bef7,114.9492,110.9863,111.2477,56.5572,56.0251,53.1661,cat
f09af71f7a4b3273405524991a72b0c5,120.5212,96.1608,75.3101,43.8746,43.1755,42.4727,cat
8999151cad5601b5dceb057ce6b5db2d,114.8544,105.981,93.4662,45.1437,47.146,50.9421,cat
b4902cb53d097ff97490e94a73af826a,145.4601,96.2609,75.5196,73.306,70.7875,62.681,cat
d6e7ad28895debf2fd7c35d526edd989,154.3646,141.5055,129.4833,49.7401,50.274,50.0626,cat
d1cb87bf0902de157a4d5630c24759a4,149.4091,131.6971,114.5909,51.4767,57.9017,61.6169,cat
7a02c93259a4e2a71862de63d8840669,101.6127,93.8264,88.7493,70.8278,71.3866,73.5089,cat
680e8ba3444463bbb84aba69507e024f,94.2267,91.0358,86.4087,82.4826,81.4415,79.3707,cat
3840eb05c958ceea4738e0b18d0a4a76,170.4072,170.7209,160.663,80.1261,79.7454,82.564,cat
dada6140daecb2dc52eaea06a57a9214,188.6077,88.6889,118.6065,49.3838,44.717,35.8598,cat
c81047de08580267e31e0048bab219f4,129.4709,123.6714,90.5658,43.8849,42.4093,40.9422,cat
db79ebb26049e3ed986801205c62861d,159.275,146.9256,141.7998,57.1827,56.7662,56.9746,cat
5f26cf87a1dcb1300ae181834876dffb,132.6185,92.9563,93.5352,31.5617,45.0427,45.8507,cat
31f2647845c29f0a4964aab413760ce4,150.2491,144.9991,137.6776,82.8081,85.1105,86.8324,cat
260b7d5bc92405ec911ee21a112844e5,149.3906,96.2416,57.5304,52.5048,53.0056,43.0596,cat
765f6ab03051af0f24e3f568a7edb6b0,148.239,35.4486,38.2269,83.7584,22.9606,19.1783,cat
d6881b4d7db85c78c745e3f3e2d679c5,94.275,107.2005,106.8359,53.2556,56.9995,77.5959,cat
1c980db2d6c91990204ba23808983c1d,116.6996,101.8315,80.3658,46.9412,43.1956,36.9366,cat
da565e7d086fd7e05f80603288b526b9,49.6879,71.1417,90.9344,53.456,42.8969,37.5699,cat
3f9f0fb2c10059db9af0dd5046e4bd7d,113.9406,105.8811,90.9955,74.7422,74.6828,79.0012,cat
3a3bbfc9d7e4942389e3b73c41f2a9b6,73.1417,64.0393,57.3648,50.5593,54.9852,57.3432,cat
ae14963fa339f29b378b3e7fd54cc16e,79.7396,90.3741,88.1644,49.3852,47.5843,46.7277,cat
9b21be35e0b7486828bb58b00f99ccd1,130.3951,134.4938,130.006,69.0358,70.5549,77.6286,cat
97b1bb7f9f393651d4ad321fc813b109,129.8888,113.3093,107.737,51.4156,51.5938,53.5917,cat
443c1cee0145cde4e5f66e67f3abedc9,124.404,127.2721,79.7289,48.8013,47.385,53.8378,cat
c6e913e9a242b093870ec7cfb2392a22,165.0552,156.6259,153.943,44.9628,45.5396,47.0694,cat
f47132b3c48d9edd3826e97a82748cd1,153.2552,144.6072,133.6358,71.2347,72.8658,73.8385,cat
dcd54834523ff56fffd6a6e099e1139c,125.2522,122.2018,118.6065,63.6527,67.2368,69.6926,cat
03ff309f38c62438899b028701d11a85,102.8203,100.053,97.7982,50.1374,49.8264,51.1264,cat
7cd93990aee20cc9984d5a22159b39c3,92.6432,92.1496,72.8175,67.3379,64.5356,63.3564,cat
6ee114c19b1c4824dc5446369be4a85d,118.0958,115.6108,111.6421,54.5019,55.9662,56.5394,cat
2e42eb3f739020c63f84cc8254724d44,111.4229,105.2368,118.5989,32.6575,42.6097,38.1381,cat
d3d74c20c5c82d7bd8117dec18609e88,169.9453,165.2821,149.7784,42.4974,39.1126,38.2549,cat
d25c4b2ebf9ce84ac8169b49c6201e32,165.5591,150.2843,139.8264,52.6052,53.6859,53.6206,cat
348ef71a47cd83e9269917c6a14efae4,136.0755,103.48,65.5056,76.2557,77.6737,83.8378,cat
3d952b410f93ddb85cef81679acfb74e,164.3843,126.337,83.0921,36.4361,39.5356,46.4792,cat
9d3c8c79d816548e550e1071e50761a7,181.2894,167.0283,179.6008,24.5879,42.0622,35.1669,cat
cfab9ffd4c01e75e5460ab4c310542f2,116.2422,105.4356,95.9585,52.2914,52.0914,51.5428,cat
e3f3a12a31925c14754cfcf0bfa94cd4,172.7491,167.1729,168.5048,67.4698,71.9767,74.634,cat
d3a07300ec52adfbea7accc5e32975ed,157.4966,60.1388,63.6,43.7141,38.3385,34.7557,cat
aa1318ee309916fbdf91b1db547f5c8b,74.8024,69.0288,67.243,52.9881,57.5501,60.6416,cat
ce639f648b0a3612fbe972c87453d5c9,61.0464,55.3929,53.5066,63.873,64.0777,60.7316,cat
0df7c89e21e0aec6a4d2d185678e9b11,131.1791,111.8554,86.0042,62.1566,65.6833,67.5466,cat
48ddfdcfc33c2584d40b57f92cda5840,143.0717,144.2107,132.2785,60.5337,62.6305,68.1679,cat
50c90f679b3610ea2d876b3a49cc9423,72.4771,65.1105,62.4353,34.9583,40.857,43.5598,cat
01ce2cf23df3de15f528d92a79dd5826,194.0154,167.5639,129.3105,73.4699,78.9911,77.3701,cat
adb84c806e26336ca9b5012ffc0c2ff0,69.1306,70.3914,61.1805,66.7638,66.5132,70.9089,cat
7b305237f3713e4fb07f663afaef5efb,117.9352,108.5978,96.247,32.1532,34.5129,37.7135,cat
338c7ccbeb573763b53a9915704b0965,77.4768,51.7485,34.2023,72.8172,61.0583,50.9222,cat
55511714f5a995430867c7caf1bf71a3,155.7064,160.6318,140.7119,70.3741,70.9823,70.6693,cat
27ea26cf86a1019065e751f798dd3a51,153.1625,147.0906,140.3691,72.2791,73.5331,75.4912,cat
d5b0bc2683f665250720154fd74e0774,135.4748,128.9015,119.326,53.1944,51.335,53.3765,cat
68f44e7eb00d63589d9da87f41eaddad,165.6317,115.3107,117.9351,59.8645,50.5174,61.943,cat
6e3d5aee22085479c3517559ca5698b3,107.5017,102.2383,87.9284,36.5467,30.8199,32.0362,cat
62e9456df678ab4e14b6d6883ac3f7e9,164.9103,139.8745,112.1521,79.0007,75.3531,68.2264,cat
74246bab68d14ecbd69624233ced3cd2,145.7336,139.9693,136.5426,76.5849,82.4388,86.2019,cat
4977e71117c7fbbdf1b1ca7d33771497,163.076,120.572,78.1729,54.2835,55.3742,40.8145,cat
cd197391d8c0c1d670d4d3707da744b5,144.1388,114.9836,130.3259,58.5763,63.4146,64.0053,cat
8e0f11003ee64966d233c5d149e7b361,114.6217,111.8786,110.0615,55.3966,59.7267,62.8579,cat
40576fa787e84dbf531967eec3cc7757,137.068,100.587,78.2171,31.959,39.6562,38.2427,cat
99d9cbf94d6c3c95128aa2cd0de879a4,135.8007,117.1787,101.1322,52.3178,56.7575,54.8949,cat
8afc407b8c45fe4f91f8b7af16ab005f,61.8147,129.7681,176.0305,84.8034,40.7019,69.3444,cat
07aa432dfec8d2c6b36cafafb9fbcc1f,142.6553,123.991,115.0084,73.5566,75.5918,75.8358,cat
f08ca797f97fed6c074062db4714626f,126.0541,100.9245,87.3068,60.6068,64.5994,65.1338,cat
ff7e02cdcd50629230819e755b9cbfe8,119.439,115.886,103.8849,69.8384,53.7194,50.7707,cat
3a9f73f6dd7f86dde4170da7d3386596,135.8136,104.6701,79.8862,43.0478,44.2868,46.5098,cat
3698db8e45e859d7848e2a620aa11948,210.628,204.3233,198.3153,37.1937,41.6275,45.3428,cat
8b55892a8a0efbdcc75ad446efac492c,137.0435,119.5506,102.2836,55.8118,51.3133,54.5599,cat
a8dbe1e332f2678665a420f56aadb51f,90.6329,88.778,155.7647,45.6822,33.0407,75.2959,cat
e2c5c1f14a5fc3e21bbe939470550cab,120.6997,95.7142,69.8298,93.6893,78.1276,63.3978,cat
79e2062351c389eac18f368d4b7a659b,131.6921,130.7701,127.5508,85.0733,83.3999,84.0169,cat
255a3ee5cf7f298312b430fd41975974,157.7126,115.6299,77.8868,71.3193,72.1108,77.0347,cat
ab7ae2218f63d0938996d95f65686480,55.3255,38.178,27.3129,65.3031,53.8338,47.112,cat
269e1739e8da74ad0ed2ddd599d19615,91.5184,106.8199,92.3726,61.7409,53.2487,61.031,cat
9215b2abec91f7335af26c4df3f7860b,145.8801,147.4292,124.5315,58.1041,60.0817,61.4132,cat
4bd03930ab246a8941f4759f2594f3a3,103.5929,79.2108,40.0931,65.2947,65.0941,63.3499,cat
96db1441516c4fe7d391597418293b50,83.4966,79.1065,71.5856,62.3592,57.6602,61.3655,cat
8f2679caaa84ac5b7e573f748641ea47,131.7674,129.5897,113.5537,71.0388,63.966,58.4942,cat
5f954fafa7955a5ead65ac743b93a459,88.8423,81.3475,82.9024,51.5777,44.6215,45.6549,cat
fc0f45bc3b17a69313f66487f98ab9a3,131.7891,112.2303,97.9162,60.8465,60.4447,64.4405,cat
f326f9510cf8a92f36826a128ce32223,86.2051,107.8222,120.518,67.653,80.7808,85.8978,cat
2779c997e47e0009b39871f4a151ce92,130.1372,118.2173,115.8113,29.4285,29.2115,33.5614,cat
686167a7b531d39d38de838a344501ac,156.952,150.1885,133.2151,46.4981,50.5609,58.3874,cat
bacc1261ab8214cedebbf7c4086edf75,167.1299,166.5978,151.1374,62.8321,65.19,66.153,cat
41da5479c406fef7e2822ee3d8df8af4,97.1784,73.3008,65.485,47.1715,52.3069,53.4146,cat
cdd113b88024278a4dfd1c75496b1c26,127.9848,125.114,126.8233,61.2696,63.2483,63.6404,cat
d3206bebc49534e7fbd571be3bbcd2bf,121.1458,111.424,100.7894,71.9744,73.0907,75.2779,cat
d636b0baad7764b22c2700c98b287f93,124.2186,106.141,80.9222,52.7304,46.5495,37.1591,cat
7e6fca1713a5f1d98c03c69a251c1189,139.4047,100.5582,80.0183,48.5265,46.5897,48.8015,cat
62ec9cfc126e848ab3ec1ba6b21938b0,101.6595,121.9056,75.0656,36.7075,42.8553,45.2697,cat
ac2370b4cde4401159663f9ffc055091,122.6855,127.3262,112.397,73.4193,73.1394,83.7505,cat
f09e8689ba8b590baf25a24a0a1830d4,173.4681,140.015,113.873,32.9426,45.2073,60.6829,cat
2a733e5687b04edd1e0e094054a11e27,147.0635,140.4516,141.7525,83.2241,86.3334,85.0213,cat
46a2a8fef231792720ac7ff6a3a6558d,129.925,117.0648,90.9013,46.9054,47.718,46.9143,cat
ab5fcdd5c1144169f361220bf130383c,68.5127,67.8134,69.4962,47.9383,50.7816,51.5151,cat
f6f864177c3ac7dbc70669e946f8ad83,96.6995,97.8937,101.5595,85.0409,84.907,82.6266,cat
c8ca8f992b0040464d464505f5e68664,101.9836,110.7996,130.4033,98.165,82.81,57.4345,cat
83f79a9a788da02169946368086ec89c,102.7716,71.7213,49.5692,44.6865,44.6484,43.8268,cat
ad89271c8eff8644dfbcf180e6dda5e3,154.9232,142.8848,118.885,60.5015,58.0981,54.8483,cat
a31faadd7ccc2fb464a6069b437186ea,153.6083,108.6231,69.0266,73.1059,63.1703,48.9134,cat
6335f4e53fb7548b29e89630d6339527,145.2094,131.4419,119.3062,75.3612,71.1829,70.4745,cat
739af2bf60036c8c67257112bcb85701,88.16,70.2411,57.52,48.0646,45.7553,49.8662,cat
331d7bc399946c8db2dacc91a7ff368e,85.5474,90.6356,85.1246,66.6987,67.3384,64.5386,cat
869e3ba4c713f87d94109eb6303619c8,28.1823,91.7716,68.141,64.1521,46.4779,49.7592,cat
6fc0706875018a6eac5040e853b0f287,122.3421,105.047,90.2261,51.4856,61.1075,59.1928,cat
af7b00dc8fc20912ed416f5c757adfd9,181.9939,137.0682,107.6568,51.5948,52.437,43.7016,cat
e5de63b38384dd3b50589c9a8f9ff603,147.0497,91.9705,38.7194,59.3165,40.8121,31.3492,cat
183fad5fb97366e17ea09a7da1f99e07,169.8987,167.4451,160.9555,33.7808,43.2943,52.1486,cat
75d18c2df54b565d4c371036192d0c24,145.8009,126.4145,121.5838,57.7756,54.2969,52.3081,cat
f28ba6488495645935774534cb48bb4c,47.5982,71.9543,126.0525,58.5321,41.7705,42.3941,cat
84947d2143253e330d9fb6252815ad93,124.5602,99.1649,92.0882,78.2882,63.9161,43.1004,cat
454916c25d40f15fd845eebd912d2223,84.2787,84.4263,83.508,61.4595,60.051,60.7354,cat
2df8bbf9833e2336cbcc7c51b94da3a3,91.6098,90.1652,65.2262,33.1487,32.6264,31.6255,cat
054705a228dfb092be22ef8ef26b9d61,117.775,114.0421,111.5076,82.5085,81.2493,82.3313,cat
3f2e5b2edbef3aeb254e901c26763bb6,51.4366,48.7173,52.595,71.5344,48.9024,38.711,cat
899a39d02517a5bc6c4804b9748c77e8,89.7411,95.0623,83.979,37.8577,33.9293,41.5286,cat
ff0fe2c69baca882a9bd9fa71a6729c3,68.5936,73.9925,67.7513,52.6163,49.9705,39.9158,cat
14885351870082d3b6615e4ae80e5de9,156.0369,141.7792,129.0517,44.8736,43.9789,45.025,cat
14f569bbb13892c2e3b8708bcc8f3266,131.2271,147.3542,140.3102,78.2408,83.1955,88.0827,cat
4eed75f24c177b4a2ac6e1cbc089e129,121.7067,122.5744,122.4811,49.033,52.5616,55.907,cat
9dfa3732c3f2d9dc16a83be82cee0197,68.2019,68.4745,65.9354,59.4292,60.0127,61.3699,cat
74bdd55aa914fa8e6c56695cddb377c4,192.5,194.3668,196.3584,68.4556,69.0138,67.7628,cat
ac63eef5ede3d4f63a30c048b0dbaa73,123.8058,139.5659,115.8502,38.8147,50.5221,66.3429,cat
f21f5f75a9f51cd16f33797ddda2ec40,139.3311,120.1706,137.2591,47.8893,49.8316,68.5116,cat
f9671899e99c1951631e1003aeab5025,118.15,118.6592,110.9242,68.5954,65.8437,70.6572,cat
e6ec6bf235d8cbbb28df19589cdaff17,107.619,93.0988,69.295,69.9052,67.5148,60.263,cat
c80b47c2208ee137fe743352b9680996,166.8447,166.3598,156.3454,61.4956,64.2999,68.3922,cat
c5acac865b24b8d508712a7ef225be26,136.5582,139.091,137.496,29.9849,32.0404,33.7616,cat
af06917cb35fef050f37108702fa047f,123.7742,109.8351,89.5446,55.0299,60.5429,66.8816,cat
fcdb9b374386da777810c971d140c214,154.4038,139.0011,135.735,37.4918,50.0635,54.6015,cat
f205cbabd7280145d433150b83a4f9bf,177.5305,176.6409,176.1012,102.4517,103.3118,103.9104,cat
822defa42d2ee11a412a8505ae755942,182.7795,137.1865,73.9769,60.8064,56.6412,65.6908,cat
3def675ef37139b0a3ac3321e28d5c31,92.5086,99.7701,93.5939,60.0141,63.9593,57.6634,cat
18918e19795728f6f90c4a2349f360f1,154.6644,148.928,140.5458,36.9752,37.6371,43.4763,cat
f5eea504e087c9ddc3422e9c5a5cfbf9,103.8901,84.6776,67.598,77.7107,73.6929,74.1542,cat
3f08cd9645fb4924bcf2b0c466138515,128.8163,132.1841,141.6485,54.2102,55.5394,51.3955,cat
7b87d45459e171f045486458d4f6e709,123.504,98.6153,80.1532,65.0172,60.625,61.6232,cat
9bd8677357fab002bcc289fdb0ba517c,125.5981,101.4333,75.2039,60.0768,52.8262,55.7506,cat
7b019eeed4546a6cd39cdfef05ac11b5,170.6202,86.3621,55.9646,44.2489,45.1961,32.2566,cat
2b8b5fe9e8cd672c37a5f6b35c975ff3,141.2049,112.4147,89.8521,48.3142,47.6863,47.9019,cat
61bc6ee5b898a40ae2d93fa2434e15ef,85.4173,89.4785,90.98,57.083,58.3087,58.9266,cat
79807ef3c1781ac6933da1140f401f16,206.5353,194.2996,189.2336,44.5967,55.5049,59.8284,cat
58385a38034fb8ac0575bff25400df71,121.4893,113.8347,106.6234,86.3278,82.4394,80.5456,cat
fad0cceec0d4a810ce2587bef7c73272,151.3444,156.9492,153.9251,71.0611,77.1407,77.5689,cat
5a3a789ee4f53cfe03d05c1b2cca8e60,102.6252,93.1544,84.9669,76.8387,72.9352,71.8146,cat
a4f21e3b6d53365e24111ca3303a3327,159.5065,113.8259,69.7151,63.1179,64.4262,59.4047,cat
a18e9b7edd5d3e6108647abb97de4847,145.3493,116.7448,87.0767,38.5679,43.7507,51.256,cat
2999e9e24a2b71efee8b4a2f5616faeb,99.3406,88.8183,90.464,44.599,54.1157,60.3322,cat
8ff5f2b2d3c03c7743fe1907595f85d0,136.8316,108.0406,110.6127,68.6725,77.5454,70.1313,cat
2398af961d8290b4b5d0d3de6bfc9325,129.9198,109.5761,96.9114,46.7811,45.4426,45.4006,cat
8c1285f44b6b4c7ab29eb88ea025a31f,19.5555,15.74,11.803,19.2679,16.5705,12.9612,cat
e72df26b5f797c7574a32d381e0bf223,132.4121,132.5298,136.5781,65.8925,80.4877,94.8915,cat
c0375497b7d88786bca54ec493d83dbd,104.3459,102.9804,101.1016,48.1195,48.4702,51.6386,cat
2612085639c57c4d735f7cbf11eddee8,205.917,184.8639,168.6835,51.8093,61.0249,72.8773,cat
42a098002b2cb0e273637e6450305f58,134.8427,123.386,112.3805,57.6557,63.9947,70.9503,cat
74685568375ba68533008dcf8db25a55,108.5985,100.5252,93.76,76.4631,80.5613,76.1336,cat
52dd1d2e5cb181a6daff8e4782d876e6,78.9265,74.2303,77.2682,59.6609,53.4821,51.2009,cat
c17c7a1ae3912d3f7fabb52947d7c823,105.9768,110.1803,110.9167,52.8694,60.3857,70.338,cat
7ccfb61697918444f188aac5c9076749,120.5941,110.1827,102.0229,56.0624,62.4569,67.9152,cat
ee453a43d70240ddb0fa1b75e1379980,127.7459,117.794,110.1802,28.0875,28.0249,33.5216,cat
5f82fd446949fd460379132adcc73d63,73.0682,64.7635,47.5913,46.953,41.9174,38.7203,cat
ef1b10e8554d4edf1ddce60f24502083,153.9715,159.5437,123.2113,74.0753,69.345,93.3916,cat
cc60fab062bb32c9584815edb3461e4d,171.0595,142.4252,125.1373,50.2652,50.0106,52.5147,cat
6059b3ea50839d59f0b10d365d0fe7f2,53.9697,105.1472,111.3651,41.0944,35.8034,34.2799,cat
1ffe8d4ec317c9ed1803fc2e4906af8f,143.4495,111.1371,72.9312,66.4375,63.9463,69.2194,cat
3537a31d00bdb267512c738f1a40707e,167.9443,151.6005,132.1543,67.0601,60.6709,63.8809,cat
8e60359ffcc13602a8d588b196016d27,100.6491,96.0167,91.6702,60.1028,57.6276,54.1056,cat
c88f7257d3ae27d550195e54abf91c2d,72.6951,55.1169,27.9924,44.3683,36.4264,20.5199,cat
2b7a65de053c1c44e1d6b2c2da41bf2d,96.5441,74.8445,66.9031,97.7993,79.7801,72.4628,cat
cdcccd06ee63bd97c5a20ddd6ecb7136,125.9317,108.2993,98.5962,56.0411,56.7618,57.3695,cat
114d8611c9f1daa135553c99c6a87f80,108.8658,124.52,80.0066,47.1429,47.426,49.5158,cat
0ad74dfe798df0448710ca4db9bfdd24,60.4087,67.3244,73.3057,52.1976,42.7812,32.362,cat
faf96932db6fee38089f95effaa93b88,130.5072,95.9145,77.9638,71.6701,64.3479,52.6834,cat
0d3944f65627dc3779216fa42d16eb53,128.1053,91.2934,59.3685,53.8999,53.109,42.3279,cat
e443a3df3fd1a3a0bba32bfc9330bca0,94.063,87.0648,76.5831,58.2217,56.3096,55.5799,cat
fb8b3d41144ae2edfa07a6f990f884e7,65.831,55.457,55.5077,59.4416,59.088,64.3961,cat
50b8e77319bf536ef05d3500e54b01e2,53.6931,68.287,46.4483,56.8175,54.0163,61.4379,cat
5a880db6b7488c78803e87070a5934c4,31.7573,104.9055,76.2293,59.6091,24.9617,24.3517,cat
9a8461fed9f1673505338acaac45973f,169.127,121.2667,131.0419,41.2007,83.5966,89.2192,cat
902bfaba9e79e39ae7257abcbd61ad86,124.4163,120.303,118.4466,70.6809,73.102,74.7838,cat
0dbe315d79179168870c6362e50c6ed8,140.8518,127.8977,106.7649,38.1925,42.1506,45.5736,cat
f447cb571cd03b92a401ad681a334028,130.6524,122.4049,115.7009,54.3983,55.4318,58.313,cat
1394a7e321d7675b0170916345deb622,112.5105,131.3825,97.2951,67.4755,61.465,75.6891,cat
c7c8c1d357e5afd65c8a5f11ece46af6,82.7959,136.1542,82.4782,41.2354,38.4672,46.5358,cat
9b36356855795d7039cc9bdfd5d9fc3b,84.1199,78.5081,73.9745,69.5025,63.8375,55.8789,cat
c43f48b86861c628009a1dd42ca59d0d,98.1413,83.7244,89.3781,74.752,67.1867,71.7569,cat
3bcba3a50096b440ed82c3eb4f9362c3,141.3461,137.8084,132.1691,69.7442,72.5543,71.2146,cat
a92a82c2fad519a870e4972b51f4894c,214.5508,210.6466,203.8798,57.7645,57.5304,66.8175,cat
857c365a639dafa23331e3b3026ad7ed,125.7913,133.5642,132.093,69.398,68.1761,68.2835,cat
d6f82551e1c2b7257a1fc18bcbc23ee2,228.5903,90.3762,114.5345,51.6297,56.2067,52.9948,cat
90418276d8cba599edcf39c19ad213e5,114.1288,95.187,80.0056,43.2283,44.0452,43.3749,cat
0fd9acb6b32b7eb22c320ac30a624f04,48.466,47.6755,48.1419,73.1351,70.9725,71.9211,cat
dab204405d287d91fa780e51fe64e713,128.6627,99.1882,103.9181,68.1836,71.9899,73.4192,cat
28eb5db7c5e289376ab4cb7b1ecb30e6,136.5346,132.9263,128.899,43.2011,47.6722,50.8562,cat
eabe527d089d560b9cfc2884deaf039e,115.4867,110.6802,115.0503,77.6655,78.0289,75.6987,cat
cb95df42b08c09768802fec01cedbf26,137.9398,126.505,122.4361,65.9017,63.4473,65.4361,cat
1462dfcf4be1868463d67974cfb6c978,127.6241,108.0254,87.4368,82.013,75.6725,68.88,cat
23887651c698937020d9352fe8535421,145.7168,128.6706,110.706,87.2258,92.5781,97.0958,cat
8e7449d4682338507c952a4c6c1d247c,58.751,67.1937,61.3746,57.4118,65.6622,64.0535,cat
88407cb19becffad89b5185ca7502fc5,89.007,88.4211,90.3898,45.4258,44.7635,44.2845,cat
4a1fef062f15811b6da1eb740765a62f,86.5258,119.5309,39.4639,37.7601,49.3307,34.2811,cat
0c9c25bcbcc22b08ff51a46c2a98b6ea,160.3204,164.3155,164.3069,68.9084,69.6723,69.3265,cat
6289c48068ca4742607d8001150dfa22,101.566,93.7968,87.597,50.5146,46.2777,42.994,cat
1bc9f2de8452b1d2cf206dd53e7d4e65,162.2652,146.8988,124.1235,59.1724,64.5044,75.7494,cat
2b24588d57bc429f1e55d2f4af341fa9,85.5201,85.1093,84.3218,70.3604,70.5262,71.4346,cat
f19c3865eac56a29e75c30e4c8df42d6,182.3521,161.7178,144.6422,62.911,58.0799,56.0492,cat
76369346a48654b6073fcdf74b537836,174.008,63.3626,66.278,44.8616,89.5413,89.0665,cat
670d98418a50cf3daa2351a699f334f1,98.9441,104.0092,92.128,68.1612,75.0842,78.6953,cat
58ec62673f25d0606290fe21a548a8f7,95.9075,91.8632,90.8195,74.3563,72.3621,77.7873,cat
7ddbd5ac7bd0cba93ee6f839709337d3,195.1604,172.8869,160.1572,59.2675,75.8772,88.2622,cat
44eb148c7714048a09e40f6329b8927c,141.6434,127.5249,105.0785,74.9825,73.9379,72.8605,cat
3168a0ba421e78c953425c98b9753e24,92.6168,79.3271,74.7231,34.2313,39.0266,36.4952,cat
5dd4ba85f7aba0c465edf94ac42367e4,144.6591,98.5199,67.9969,70.3319,72.8709,69.3923,cat
fd2c84e5b8649b6f77e5f8843b82f73f,113.3618,96.612,88.2565,51.9114,60.6978,70.0056,cat
52b6bf303ac1e0362d8031dc859cd807,94.1257,88.3063,85.6435,82.3022,82.1891,81.3316,cat
5c990ab7603f4181b3314b526de205a1,168.668,154.5628,147.8605,40.7439,45.2103,46.9359,cat
f106f13d6eb5d9f75ae61da84da34968,141.9101,127.8169,113.4264,35.9873,43.465,49.9495,cat
c72f74125d5bfcffccbf74b7237ea7a1,129.7216,122.4384,115.3113,26.0518,30.7602,36.6932,cat
8bf9d2dd26c63b10b2f14ebddb83b668,85.2315,79.9446,74.4386,65.8255,66.8507,67.897,cat
c3fc2e4e28864148e9b1c4e0fbb54b87,127.2785,120.2161,110.9418,68.6282,68.7274,72.9783,cat
57cebb36f4c83184e376e0fd5ac01b2b,87.1853,74.6144,64.2496,32.2253,31.4634,33.1589,cat
3e4224ddbfa2d5a5e0c3e269849b7ab2,207.3937,208.4871,202.9884,47.8124,69.3257,75.7833,cat
b2452027bf19b8060207ee88b63525bf,94.6968,68.8511,49.6423,61.1581,58.2577,54.8856,cat
fcd81074fc5aec65014d76f9d591dde1,125.8896,121.8477,121.619,92.7616,93.8995,93.4717,cat
683ca53dcda24a5c11364f44ccfa3962,167.3543,140.8413,128.7231,58.1243,67.2321,64.3366,cat
82bdc6075ab10dab89e7bd34d48a0d3a,68.8826,90.729,122.1153,37.9723,51.1554,68.9222,cat
68c245ce6402ac4a43646a44ee3c43a9,65.2177,62.6509,59.108,69.061,70.351,66.0262,cat
1162c80056e4590a5fdf6897284c7174,184.8475,170.0428,152.1953,54.6683,60.2759,63.9065,cat
19c0b9ed77127776fac5fae0e6434cfc,121.9807,109.2235,94.5476,59.828,65.0313,68.2463,cat
c986842f6343a0512756b43c8751dfc1,140.6499,118.7078,109.5974,50.8295,60.7472,64.9526,cat
459ca6e6a2e43bd9550a183431a23ce3,184.0358,156.7993,151.3902,21.9306,30.9705,30.1552,cat
53d448ef59aa649b4645889eb054ae2f,181.9139,171.2021,167.5071,77.5064,88.1817,92.1548,cat
784879a9c1c97152861352f77284023e,124.6363,127.5122,96.9359,41.9712,45.8152,43.963,cat
36ae8feacd214cfbd7f441883f2103d0,120.726,112.0828,109.1797,67.5309,67.9305,70.0744,cat
21abfc7b27ae9c25889985b8ac646b7d,137.2059,129.1776,120.0361,50.5147,51.7229,52.8318,cat
b531817145171e4cd87b80ebaa7d38fb,131.0613,95.4997,89.2434,58.8243,77.773,73.5419,cat
1fec4ab6c5937e60bad7e5cd2fc3d55e,195.2606,193.144,192.024,69.3115,72.2321,74.0201,cat
fce1ab0a3b7ce4e8f404648a1acecbef,133.8101,124.0924,115.3277,65.3347,64.6186,62.2732,cat
1632f7bb71c9fc236a48109b772fef0b,114.7446,123.528,95.094,48.0,43.2484,63.3495,cat
8ee3f2830a370fad525aa9a24fd40bea,128.8237,137.3337,135.2459,55.1815,55.2799,58.1793,cat
bb84b7e47ea0e2c0866bfd0babb74ce9,67.831,65.4748,42.2476,42.2211,36.5361,31.4667,cat
5c42ce36b14ae8db68701675895149b9,80.2055,79.2837,80.2937,35.784,35.1511,35.2744,cat
cac18897acd65a6652672e5e2e7aaf95,154.3367,133.0893,99.193,76.3351,75.7056,77.9201,cat
67f6f665f86b67049c8d38017503a8fa,115.7487,107.2407,107.0531,55.7858,60.7925,63.9066,cat
4082a350af0d62b026d92e4367d6dc85,36.6228,34.0851,33.7198,47.3095,45.0339,44.1892,cat
345dae48d13f6d34b1d773c0c1840cf5,129.9255,135.5607,127.9258,56.4819,60.4682,61.3429,cat
e7725b269a5df178d612d2331f3b554f,107.306,103.259,98.5841,26.0369,32.4412,41.3308,cat
320ffc1da972f9db8d2d4a2ac562e3b0,105.3541,96.0711,102.3971,62.0728,61.3986,72.8129,cat
79416586e2e4d3143a8cc82c67aa8de1,69.8466,65.8549,51.9466,64.9515,66.7165,67.3614,cat
ed447fa15e42551796305ba06cf4d229,121.0725,121.1659,123.0688,53.7088,56.9671,60.1046,cat
6d41303964ed159aa17669768e05d742,95.1735,98.0038,96.8152,62.3717,62.5221,61.8323,cat
0311b848eae981de2d6e9b0e43325dec,180.7296,180.5013,180.0679,44.5863,42.2681,43.7635,cat
c301baffbfe6b41532d660c1a899963a,110.4577,108.6967,88.3281,75.6878,69.7959,71.3956,cat
bb7a9b23e6b9665f2cdf3d6eb9c55039,137.8713,138.0826,131.6856,27.8438,31.5604,37.6185,cat
4a65c657ef4f0c2295d3f7ed600415d5,58.429,46.6495,37.508,56.7537,49.6244,43.4798,cat
aaf19690cad9be2b12e3de3c1636e558,132.4217,123.4574,118.1136,50.8251,53.0541,53.1423,cat
449f9515a74fe4cd39c0db181d9510ff,96.2439,65.5207,48.1648,68.9237,51.6104,41.6767,cat
7efb4ad511d5af564d538da339e73462,84.2459,99.6411,89.2387,56.7912,61.7219,59.521,cat
7b6cf75f298800b3e04fc059c62ddc89,71.3246,67.3979,67.2269,71.3647,69.12,69.2995,cat
40a7768be967036997d24a2c5e0b222d,102.4424,92.3654,88.5211,47.5625,46.0176,57.8083,cat
84836890a91b6d6d712eb6c517a833d8,101.8543,105.2926,113.5773,51.9955,48.1353,49.9329,cat
8dac8534d60577a02a77473c02c68f3c,156.5389,148.432,140.8266,56.8512,61.8393,68.6974,cat
52203ab285b63d51725c7531d52f7280,196.8219,185.4937,178.1945,68.7136,79.3376,86.0244,cat
095d3c417de23a603b155f0c14344fcb,152.406,123.2533,107.9911,77.7204,76.8417,74.1213,cat
78c9ae62bc8b15a52d25c4ad7a1b56bc,184.7685,179.3215,173.6834,48.9234,47.9732,46.0815,cat
b1f894eee9f35fe63d62045cb9fc3b89,164.8689,142.8395,104.4597,72.2204,75.3128,75.4558,cat
c561425937821738b2d885bade2af44e,154.6598,151.3947,147.9033,43.9275,49.2819,54.996,cat
8d6855cd1fec89fce0f1baef34e57f5a,64.0493,58.6139,56.6443,73.5188,72.4908,71.2997,cat
5a2108bf423811b04a5bf9f40c67bcda,141.7216,141.4107,129.4236,60.6517,59.7034,64.6789,cat
50132720f2b825ef8f921d6b996d364a,136.3644,134.2937,105.0367,55.7669,59.2323,55.7678,cat
f7b5719e2bdf481012444c045fcaac3e,151.2211,144.0011,127.7536,69.0149,54.391,46.3429,cat
17d84744e6349dec34a7ce04d7b646b8,83.9473,82.6452,75.1124,55.2806,56.4801,56.2846,cat
6da721fc1aba148802b14ced0f5ff484,99.0928,96.3603,96.6571,43.495,40.5518,41.9086,cat
dcd8b379174a988c0302ba30478b8a90,188.0211,145.7445,95.5166,58.4484,64.6002,64.2227,cat
76c7ae6f39d906e3057d4bec531f021e,153.413,146.2091,142.9687,30.855,30.5592,33.8999,cat
692061bb1dcb0cc3ed28ee4344ae6cd9,130.2137,134.757,135.602,67.5017,69.9557,71.6837,cat
ac08427eb4d200f1aef74abed548c899,179.1389,171.9121,168.0531,74.4318,71.6001,67.0901,cat
08d81fac8acf1027221a68f3c68b3d4b,129.4104,120.3551,104.5666,42.3961,44.6777,46.5617,cat
8702d5a51f2358997c4dc93f54d06649,136.661,117.2082,86.0493,76.5891,75.4529,73.555,cat
c499473bf76328174a609124607e68ba,60.268,52.0715,50.7262,45.1255,43.8213,50.0757,cat
87647547fdd8e14a3b7358f348a61e6b,112.3007,120.47,118.6753,78.4619,81.5795,78.8851,cat
219b20b724366b52068064168c5cbdcb,106.631,66.2011,45.4951,78.1815,54.4636,39.4038,cat
43a73b015a270b3b1b2ecb3df39585b9,115.8614,105.7353,102.3503,51.771,55.6349,46.5963,cat
e813c4007306e873a4b051579f3e8837,137.589,124.7475,120.0279,36.5876,36.5114,37.426,cat
c8a10dcc7def9233f9f92db8da20189a,91.1467,89.1494,77.8222,43.561,36.9627,32.2323,cat
293ddd3aa7530e3ee3a2f78881a36482,90.4158,88.4394,87.4566,46.6601,49.1964,50.1958,cat
22188d34e168e31f070488c66aca82be,92.5681,65.2708,64.4756,81.9113,80.4854,80.7779,cat
c0b0f50ac455e6c76144c828296f9438,150.0547,140.6375,128.5207,39.3855,40.0983,41.8401,cat
d38ba9f573ecb737da405c040cbc451c,133.3714,148.3415,124.4529,65.0986,65.4278,75.5472,cat
6565bd27a11467543348d43fd43d583b,193.2016,133.0465,108.8343,37.1567,30.8857,28.8896,cat
ae08c1fcb260a6cd862316f7ef8c93e7,159.8296,138.3053,104.5614,56.1762,56.0871,59.0583,cat
9510a2de8a863ddb1ad5991921083661,129.8321,106.0822,76.7392,66.1788,63.8873,65.7112,cat
f0fd11323cf78eab490638dd39ae2988,182.3546,174.1684,142.6747,72.4245,81.2525,95.6943,cat
36d48e93b922dc8c4d0b3839b2fa03c9,174.5609,157.4554,147.3014,43.3822,49.3253,51.639,cat
99c4105bc0c6ff6663a8307d3fcf6c47,111.2803,108.1187,103.3637,64.1382,62.0851,67.9669,cat
d498efa9f624ad968e012b94ee3b6951,110.3942,126.9653,141.5716,33.0456,57.5241,87.3699,cat
669b1b506e8d6a42b0148f9609e22d6b,144.0937,136.3895,125.3798,49.0246,53.0525,58.048,cat
d816ea93ab634d9a95f865153b004050,136.1435,131.3065,127.575,55.3855,58.2434,61.2548,cat
9e29591f8072821d65725e0c6a733f24,112.3526,94.121,78.6434,38.2505,43.4772,46.4041,cat
d590df429179517d4f67b234872d3309,173.8438,153.1446,92.2983,80.8782,81.5123,56.3477,cat
e113a1e5e640671e12e310036384cda4,130.4607,140.8738,95.8403,61.9367,52.0178,62.3085,cat
cc236a7ccaee9f15448f48bdd83cbfbd,231.0373,224.0557,223.8574,46.5069,59.4316,57.8469,cat
c84cf586f9e00047776f9e4355788e87,93.8116,69.15,51.9499,52.3635,45.692,38.834,cat
aee7f8ad3232ce6f07038e7653ede1db,138.9569,82.944,80.388,76.9306,50.0252,53.4588,cat
c61bb0891b627f8f8184c7f8318b82d4,181.7998,175.6301,176.5939,24.7153,28.6971,31.266,cat
e08201046c2624410805bf81f2cbcef8,116.0896,120.0824,109.5997,45.0678,53.9723,67.7821,cat
fa8913a8d9a467c2b59474d4447b679f,147.6169,134.1588,132.7229,69.9355,76.227,79.969,cat
7a64374d5528a38f6b193348af41b4f7,114.9561,102.12,88.5908,44.5475,44.2542,47.9447,cat
201874e734cd39aa0698f607b41dd2dc,142.6801,108.6132,73.2244,43.5355,49.2482,56.7326,cat
8f73ae14101e8755d5d9907df714ff28,76.6031,103.447,136.3423,46.0825,42.7598,38.8368,cat
8763f9fcb6822002e398766d8545f85f,49.5281,75.107,93.0038,58.0098,66.949,72.494,cat
20e6d94b3be86da62f465b325e3a3f08,117.6861,126.1473,112.7288,54.8868,51.324,64.3277,cat
033365bc9612d162f2822471f424a87b,117.5911,102.7996,91.7285,31.9635,31.9063,36.4433,cat
c93e21c95810a1b561b0bb1228518c18,104.6969,93.2808,75.0583,76.0564,63.6288,56.9276,cat
9c52fa2cb0d33708dc1d163eebf08a2c,123.8111,115.6564,108.7348,64.2386,70.3287,70.5858,cat
14a96950349db2857756f7e0886ebac6,122.1466,115.9626,112.1308,72.9193,70.3843,70.1624,cat
c6227fd4c62bca2bec2a2785b64365e8,52.2607,51.1586,52.6735,58.901,56.717,52.4259,cat
078cb4b9c7d4e6647605943a27d4c863,150.6641,115.771,89.2901,64.832,58.3384,57.2651,cat
142589630711ae979ce6b4ac81445d91,51.3479,85.0636,117.8636,75.1439,60.5407,51.6702,cat
feaafd56c9df95e3ac1e29b81528717a,144.9379,140.0702,110.8662,65.5856,69.3307,65.0904,cat
d4ecd166bf4754537400e7f5547f9f7c,127.6804,92.7154,55.26,67.3204,54.3822,37.5006,cat
955e5e9eab620be9fc4967a14079aa2b,206.1658,203.4763,200.594,58.1325,63.4352,63.18,cat
578e93e5d19f6e22dea881037b068a2a,121.3552,120.7855,114.511,38.7522,39.5283,56.714,cat
81f70adf71f68d8333d5caafcc241408,118.6608,118.6216,97.004,48.3088,52.4316,40.2425,cat
79eb251dd3a2267ae64bf8ded1eb6b90,88.053,59.3995,36.5181,45.9776,45.4833,49.1539,cat
fb9e5859d64631aa38b7ec5572c1c6c8,63.2291,61.6178,58.8377,53.3741,53.7288,54.3335,cat
b4e35d23ed27e27622c05b3b7c545975,159.1188,158.9532,145.0953,47.6362,50.3169,55.7296,cat
7fd2084fcdda016c7f77b7cdd9d85b4e,107.1662,78.6769,56.9919,60.1243,55.0567,53.2545,cat
526367a7968f9d9e30a43ea4927a5b6d,168.5719,144.8863,134.5385,45.1009,56.169,56.2166,cat
c7d5ec7e851f1e940e3b7ada37f976c7,71.8625,79.2818,48.0089,30.7717,30.8741,29.6784,cat
7c3cb0b7791a87bcae09b4b3cb63d0a9,97.795,96.6079,93.0659,87.8836,83.5281,84.2664,cat
9d4f6fd0b128132d091c5b8053ab44e5,128.9958,112.1922,103.4801,71.1377,72.2924,71.217,cat
7a8e78ff09231b3c4ed28c2cbe8dde1f,169.8091,150.6308,127.7781,51.9811,63.3233,68.2033,cat
ab0182c604649b9be11dd700a5af8472,66.1518,65.4854,62.3391,45.0182,44.6213,46.1004,cat
2abe61cca3299bb7d0aeede17f83dda1,119.0702,101.8777,99.8316,67.4187,67.5686,69.9597,cat
890ed8c7b42a2952b1caf63be8b47405,119.0023,110.7524,110.0483,55.1351,59.809,59.53,cat
e1921da92d9fdb23bdce69ca175bc2c5,150.4407,150.9412,146.8084,53.6666,52.9424,45.8166,cat
f7b183df388c933209bb2fe902074973,153.6431,125.4416,111.4513,57.0945,52.65,48.906,cat
9555fdeae9a39ad3f2e8031b43978e65,156.5591,146.7231,127.7491,37.9708,37.4901,35.3249,cat
2c1bfd3e248307ac51efa02c132f1a4b,149.0524,134.704,116.1228,40.1046,42.2488,45.3104,cat
21c0ec4b28614e751efff2673b5fada5,179.2865,163.9683,139.3301,74.1394,68.3423,58.1528,cat
db04f0ca7345d632e95bb3686bd17b47,84.9337,76.1183,70.9674,67.0428,65.1276,64.9392,cat
32774e6b7c2a684612c2d8aade9a29e6,164.3388,141.4826,122.5935,26.6807,28.2975,32.6804,cat
1811ccc7df1cc8691095374068c369c8,155.2305,154.6537,151.9329,56.5715,58.6611,60.3472,cat
b6a7afeda09c6a43560a086792a07bea,104.2342,87.2639,72.5124,76.7097,62.7898,61.2868,cat
e4a195d3ef4c8282a91df9bdf9791e41,160.5956,129.0573,106.04,73.0105,86.406,88.4098,cat
dbfcd8713969fcb9dcf8ac7668e3ab05,106.2254,98.2345,83.0153,56.9469,58.7749,63.3438,cat
70b3f87437d274a07b6f2dfd2d6f4082,133.3874,138.4728,137.2043,78.597,78.6528,82.5912,cat
0480a1e64ba4029549fde65d5b3ecc4a,132.9537,120.7758,79.5251,60.9803,59.2597,54.0272,cat
39092624fb40b927db73e6845238fc4f,146.8526,141.6946,138.9583,61.2884,65.2313,68.256,cat
81765b5ab30bae56ed2afad63ff26669,136.9475,120.6876,97.039,72.664,76.4763,76.4783,cat
4181b29e619fc90ba327178e86b76d96,99.2956,91.9091,78.7728,42.307,37.2638,32.6078,cat
6c042b130c3f9d9d5ba6c5c01c5a484f,158.0949,140.6922,147.1507,43.7479,27.2659,27.5095,cat
090e30f9779979de27d7c641f0513e21,133.1905,109.3019,90.9771,57.1486,53.2992,53.0315,cat
2286158aed3c8cabc5ef5b75706c3c3b,234.9961,227.7861,227.8395,33.405,38.751,44.4926,cat
996f0b37fd0d0c74e8223ac254ee882e,94.9742,83.1204,70.0379,68.9965,63.5485,59.9691,cat
fdf94effed99258e607fbb9b6ba643e2,118.6305,80.3533,67.982,74.4515,76.9823,78.184,cat
8390b9f6ee7d9798458c6101f6c093fe,110.0132,113.5501,138.8838,46.44,33.9582,28.4958,cat
c65fd58884e010c0f3d434e5189dec84,66.7451,67.9841,71.3175,29.2824,29.9028,33.6995,cat
e7631932b4d82318646cf6e79e08f45e,128.0274,125.2401,117.929,43.1583,44.1496,48.2424,cat
54e2f905d878416a5ec78896bfa3bc21,139.5183,135.0357,124.207,61.0609,63.6884,62.3419,cat
97c027cd9053b9e573365c46c9891fbe,108.9115,109.928,108.2938,72.9181,72.0756,70.7951,cat
531561f96d81ae0dfc3d41ee05c76394,134.7278,121.7481,116.4347,67.8165,72.5275,75.8539,cat
cbbad83ecd139d2fde70f7365ac21656,165.8374,170.5614,168.4596,65.1593,70.9081,64.9533,cat
b080dac676cc720699f561ab92376770,115.4615,124.5383,101.2061,61.9435,60.2117,49.3442,cat
09c72474ae64256e3ff29725be4c340d,77.8834,77.3793,78.9075,66.2457,68.4152,66.0806,cat
bddc6fbdb81cb40574e683ceff322f27,146.5843,132.7696,119.6855,66.6058,65.6256,65.3604,cat
7b4fbe099c367034bf0e069f68874201,126.5582,100.1519,88.4802,41.3552,52.1834,49.6977,cat
313e22ead9394bfab9a92b8276b9ad89,143.4525,132.485,128.5171,74.592,75.0293,75.1251,cat
e3cb845be9cb355ade27852492a04a6b,149.7257,149.4591,151.7515,74.0186,75.0058,78.3355,cat
2f700c7c9c88693c68d27ad32414d127,102.0739,98.0901,94.4399,74.921,77.4904,73.0016,cat
30c9d3e85e7999abc9c2e8c8359dce34,111.4561,91.0303,73.6672,60.6552,55.688,51.4157,cat
8b86f10ed54d065643abd8fd297b866b,79.1438,76.4205,70.243,81.1368,79.8206,76.654,cat
7060117e6914bc6eba702c29b63b43c8,121.3866,115.7057,106.8579,48.0277,53.2303,58.942,cat
0c30d1340cae2626cd4d36b195baf002,145.5171,128.2101,109.0903,79.4969,76.4748,65.9258,cat
bce177f03d9ea61b4010450a75d1ed58,69.6515,65.2835,57.7572,53.2549,54.7004,55.1611,cat
4847ac4bd4d03bbcb71cce98c4ff4879,128.8875,118.011,117.6329,54.738,57.7621,60.3588,cat
5d2a256fde31c81140e030a9e095919c,118.3489,118.1735,118.2454,31.1308,33.493,36.3128,cat
3c6d0f0f6954e3559c3d974230d9ff28,173.509,162.0564,154.5126,34.7946,32.5542,31.1836,cat
cbf21d8c049f65034e843534d4f1ee17,174.5917,147.5893,142.577,42.0378,53.0316,67.1801,cat
83646b9a4b8b70f2282d1fc48040349e,115.8717,115.9421,115.1709,70.7585,73.6499,77.4971,cat
f10fe1ec932bc605a4fcf710285d9031,71.8297,68.2144,61.711,50.6305,52.4125,54.1326,cat
d07778edf07cf556391cfb6e20ca5a18,108.7725,100.5641,93.7301,72.8859,71.3008,68.355,cat
aac4a632c745dcfcf9f133d6981f0443,174.9634,155.6381,143.7463,52.1255,61.2329,68.8099,cat
4219186a11c827c83f4562fa3ae9e808,100.3624,96.6266,97.4412,58.2484,62.5292,64.6139,cat
637806edbac134d6cb4f1cfb9cbcff20,55.6083,49.5944,57.4856,21.821,24.2012,22.1211,cat
018151cedada651b101a86c313dbd99f,46.9695,38.3455,37.6116,42.4951,36.4056,37.2296,cat
93787aa52ce19b37387fc4ab08df291e,101.0679,80.564,62.7946,44.7551,36.5759,37.8162,cat
225ec0123ee837976f0cc023ed8bbd4c,74.3545,61.618,49.1452,52.1038,46.3873,40.9341,cat
b61529956e188034be2d0635b64ae962,91.831,75.0905,60.5725,67.8902,60.0033,51.4619,cat
fa7e161882211d5cea75a1401c7ccded,134.1142,129.3998,116.7606,58.8801,60.0738,66.1473,cat
e5529fe1b958ac08ea73e2085cd22731,124.1409,115.7737,105.945,78.3916,80.2844,79.8433,cat
205e6556792b74cda6a467a92767ddf9,115.8296,111.3071,103.4511,52.1001,52.917,57.0788,cat
01ace46ad89442f8ef862e4340c643cd,130.6639,105.0275,90.8382,48.8401,53.9754,54.0696,cat
a2e10c41c291d5a870d1b76aa8caad88,152.979,158.9244,147.4172,39.2693,40.5778,46.1414,cat
5d1abb4ce3a4d32149bd0f725dea5a70,114.6975,76.6491,58.8792,31.7549,31.7834,33.8364,cat
def7ba82b599d378bbfce96e3dfc5676,140.4769,146.057,164.8178,73.506,70.1369,73.212,cat
7d83df8b14cd2d2fe9503fc3e4259844,133.6617,113.3828,97.8879,72.3409,66.9863,73.5219,cat
0d0df0e012b39f71273a62747724bd14,119.4147,124.7453,113.5999,65.9804,67.1496,69.8295,cat
cfbbc4760747986c74fbbd8c98c9bca0,115.1459,84.9491,59.5359,49.4687,58.5927,59.4494,cat
459a084c559a2643d2e78c194f0198f5,188.0243,141.2625,109.3531,43.9248,47.4983,40.1764,cat
975ac7053c746971f97575b6f2647538,178.9548,174.7963,178.7457,82.2184,84.4631,85.482,cat
a21923c0f00c6659bdd91adfcbdd9a5f,146.0286,120.0906,78.1317,51.2122,56.8204,58.0727,cat
2d985630de5f6406014202f8d34e79c3,201.2839,173.4346,129.0637,24.3408,30.459,42.4465,cat
66a224a8a31c43bd24971503679faf26,60.018,53.5911,37.5362,49.9555,50.665,45.7274,cat
c923def5099da6190af074e1c716161f,123.3424,106.4654,101.8774,74.7231,68.2618,73.6535,cat
a6524d5d715281e1ee8ba9819295a19f,108.3463,128.9764,70.2378,47.5575,52.0252,40.9042,cat
988a35278dc5d89dcba58d056191b64f,142.279,140.4102,115.8845,74.1843,77.2386,88.3095,cat
4aee83833a9049285a0ae5085206244b,132.1394,132.8734,131.8798,70.4662,69.8572,68.3493,cat
fc7788862366f8fdd0c6324113f54cb6,98.3592,76.2623,74.9056,32.5336,24.5276,24.6648,cat
faf308ed5af634ae7cc6df80d8d8d176,82.2348,71.7898,71.7811,60.0079,54.6453,55.5751,cat
9f6d077d25d56b46083f6b357c5a626d,147.797,134.9277,122.1119,60.6583,65.5169,66.4737,cat
13a5f1023c8af94b64f15e612b7ce799,170.0547,106.1169,52.5602,48.3011,55.1811,45.1752,cat
7e52b8f2501549b9c3a8512f2c8c4632,110.1165,96.2344,86.2492,60.3696,58.9508,57.704,cat
7f751ff43e75580c1e1da743d4f3c3cd,116.5967,116.0496,100.5655,60.789,57.8689,68.6973,cat
4286e13897d37ba39a9185a5c623b307,132.7914,129.9767,126.5812,69.7437,70.9138,71.1569,cat
5fbc4c7e772830981585f7b43c95afbe,101.6332,88.7254,86.4266,67.3302,65.7696,62.438,cat
5d5625b791777c29ce2896e25d0ae540,114.5945,117.7435,113.4328,46.6631,47.3566,47.0811,cat
a3cd14e1b91df44b38e62be9a6fbbb15,137.9286,122.5717,102.3344,44.8811,43.1842,42.8685,cat
8e89d45345c2341df343b0d7c5572572,106.0968,87.2268,78.8623,99.4911,101.3903,99.8125,cat
fbdce6dd543b7eaf58addf174b5bf0b9,128.6771,129.131,142.5682,45.9851,45.9552,43.7862,cat
d65a09271f6b14ad22613898807c1dd5,107.4409,108.5409,106.6172,85.6503,84.1609,94.6164,cat
51a1eb63215156eb6f8b889a9c9638aa,94.1615,79.945,76.6299,63.6227,67.4315,70.8025,cat
3afa7b16597203e402534a6ca2b88146,95.4472,91.4637,86.3954,47.3107,48.01,43.9194,cat
8ae64c9117d7e9b0f5580276d6c66a36,129.7878,118.9067,115.5941,70.0912,72.5206,70.4393,cat
15f395aa3d8a7c869d9be617e5705bbf,33.4819,121.6902,155.9726,58.5637,38.521,52.2159,cat
3528441342bfc818a67cf738fc567fa4,136.5831,107.9074,102.7285,50.8871,49.3826,34.1567,cat
1247ac3cb9eaae621a726c9e91c49ba7,129.88,105.149,89.3825,70.6715,68.3508,64.2907,cat
9c8cd17c17cb7c419515c3fd25143290,125.2214,106.9925,85.3256,80.7981,66.754,51.6945,cat
130900ba1ed8203237523b2e9a3761bc,181.6144,144.9704,83.3756,87.7321,69.3295,40.9661,cat
b1aa1d3eb5fc195970013cea5efb92b9,119.2142,98.6824,81.3417,52.5604,53.163,55.4967,cat
2142aa2f46563bc524274f0c913e7eef,128.7811,127.2573,111.2158,62.1347,64.2892,59.8769,cat
c58f4ec4269ce95d0ee30e27e05a8d90,135.2599,129.3159,128.8565,41.4535,43.5526,47.2821,cat
b6a3ded2b3d64975a22fbf929cca9acc,99.7903,96.4516,93.1542,64.1819,69.9086,68.4018,cat
f4474cf5bf8f072523fdf2841ba88f2e,92.5162,88.7416,82.5891,62.9322,57.7922,49.7171,cat
f78b68ad29d8656294539d5a1584710b,90.844,81.0163,85.0766,39.2301,38.1925,34.0552,cat
425e1bf28213f8d13972e5476a0d1c3a,126.1724,95.6233,81.0658,51.4423,63.5952,69.4756,cat
dd6cf2ab5e438be79e2622cff810fc2b,155.1078,114.357,94.5133,47.5823,31.3922,38.2789,cat
b9615af8869a6236773f7392d3d60cca,171.7077,162.3779,163.2388,46.7279,48.8315,54.9575,cat
0ecd0e5883cee369e929e30a369d911f,131.4548,129.5405,126.7842,33.4081,35.5881,38.3478,cat
a7414192708629f4a790cf29d260c910,113.3704,98.1367,90.8018,40.7038,41.4504,43.7824,cat
22e060d8cba0b3b236fbd65aa634348d,164.394,167.5228,156.7978,64.4678,59.035,67.4178,cat
2899770f146f6997581ae5bacbb2934b,107.7227,81.7103,78.6088,63.9653,58.267,58.0311,cat
e15f9cae0875a59dd0758e4c0a6ebfcf,141.7776,137.5171,130.1317,49.6899,55.3569,62.8702,cat
294174c81576fc8c30a24c8c5b004149,137.5962,133.8011,142.9277,88.396,90.5186,84.6138,cat
df9cf10f8370becfd1a0a2d7000c292c,112.1184,107.3602,108.374,62.3111,62.5842,62.676,cat
8ee94f6f561dfde24641109c57a298c3,116.9108,134.334,143.5494,94.1999,83.3368,83.5149,cat
719112db30b738610cba9262d70576f8,49.4177,58.0117,66.1402,40.3534,47.5808,53.8464,cat
75cac7871238dc3ab46f54bd7a817e7b,117.0735,131.8682,78.5765,40.831,43.9555,45.9297,cat
8962812aedb8b261ceca5473eabe28e9,90.3991,88.261,87.235,47.1946,46.3583,44.8081,cat
ae149bf16ea7f0cc81f9a0b98e176c78,84.1353,65.616,60.5255,43.8159,23.7749,26.6016,cat
1c88f867391a3260596cb0f86e83e5d3,91.8716,77.8991,69.6246,73.7166,73.8753,70.2108,cat
c75f9d02051e4a42e34e04b1083936c9,122.2056,122.5514,118.0236,56.1292,50.2381,57.6817,cat
081151fbce7a1a4f939d0ded83ebb94c,129.435,129.1711,124.379,63.5487,62.3963,58.4357,cat
cb97c65cbbfb6560000433cac066c8ac,126.4869,125.633,116.4546,63.1494,48.055,40.4994,cat
a28c5355170952d533daea5a9cdc1ada,144.4379,84.831,88.4657,68.6777,68.9852,65.2444,cat
9d9187ac251c65abfe1f87b380a5b998,101.6049,83.7756,80.9632,34.6487,30.5751,30.188,cat
4733ff37e77114e679352d5d72535252,83.4422,59.4931,55.195,48.5424,62.1891,57.4086,cat
99379e225c3dc5e7b67219a17992ae1a,114.4038,103.8383,109.5033,64.8697,68.0259,70.6002,cat
39bbb6fe57a19f8a1dfed63c8705153f,160.7314,127.3082,103.8868,69.4793,64.9426,58.0587,cat
de9eb3ef3f08f2532bfbdf136910f346,47.024,47.4349,48.2905,62.7364,63.2297,62.1791,cat
a0b12795c855b49acc54dc73f65617f5,167.5251,128.6955,103.1038,56.5308,62.9023,68.5597,cat
a47e8b299ca315dee25c9f195462045d,155.0785,154.6423,143.1257,38.0328,43.3492,48.1309,cat
f1e4b0d794354a02359d78ebf68e4f82,93.0167,63.3565,42.1603,58.4922,48.9999,38.9273,cat
a209cba409571a867962394987420971,102.3473,96.7098,89.3637,59.0155,59.9799,60.7307,cat
dfa73eb7274d9b930165e5097a0ae69c,48.5901,47.6932,48.9623,51.9207,53.0834,59.0776,cat
013778fd3fde1d1f73726b71961c099c,82.9243,83.0587,79.3489,69.2167,69.3299,70.245,cat
cdbef9f531d70ad130556024303de279,84.66,87.6092,60.9195,69.4692,68.0686,64.9248,cat
76e869844d189259ae2b400d6c9e72f5,153.1152,150.9306,142.8878,64.1549,65.2464,65.7791,cat
56c2bae589391d40e0635495c8ea0c7d,68.5836,133.2775,120.942,90.7494,61.6611,68.2368,cat
52c6ac999c97f655bb89d835d5b3e539,139.3494,110.6774,92.7071,52.8297,52.0537,47.5601,cat
09ec28b02de9e2c2ca5a61cef3992b5c,123.8167,119.91,117.3445,54.6914,59.0261,64.9371,cat
b078046727b1be91a5799544fd15ad90,100.6031,99.6148,77.294,67.7838,63.043,59.4598,cat
6d1a7a13cf48a416c25a24be9479436c,83.4825,81.2913,74.4114,33.4004,31.2061,30.6586,cat
8510e835728ec9ad1b10c6b34108888f,102.7089,107.6636,101.2637,49.8152,42.4092,44.0322,cat
9957772edca2ee00033879858a3d846b,50.3696,98.5106,143.0708,59.0915,45.5792,46.4636,cat
7132b944185485e66397f9484b4b37ce,110.708,102.8286,99.5712,51.8014,48.5011,44.2339,cat
9c62136767b1cb5e0073250a116da8fd,59.5986,74.1082,75.3467,56.5462,57.3962,59.913,cat
847c7fcbffa77221cd96913b0f39cb09,177.4761,171.8915,161.0299,51.451,51.8986,52.1577,cat
b9f55d30deb1447ed286396168379270,195.511,192.9366,188.4173,52.5886,55.6977,57.9529,cat
a6e9c05f2cd444af9c616b818db5612d,143.0443,139.9323,134.7047,57.1841,58.9734,62.0838,cat
296d47ba3207e23d118f7bc6082c275d,57.9377,76.354,44.2237,61.9425,65.7688,57.2014,cat
9734f323153aca14908224aa60d9478c,32.1519,67.8726,104.0768,54.9665,47.1547,48.6698,cat
c2464d0c4b77abf8884d644b60c54556,152.3772,104.884,49.1724,85.5794,68.2167,39.8658,cat
639e15558387569da40f983b38968c61,111.7161,140.2081,66.0608,64.7789,67.543,52.9114,cat
818482cf57135493f5faa845b2de0d02,90.8975,59.2395,30.5283,69.0675,56.6025,30.5385,cat
32cc8cc2da430e828505fae0c6db505c,169.6332,164.3528,161.3401,83.2584,88.0438,90.6723,cat
1d6629b037cd208b12f34f5a31b411b9,90.1869,65.0419,53.1519,32.6053,24.9045,20.3089,cat
d04e4c9ced3ccdb90388e18a70a7212c,152.1249,141.9426,141.8633,59.0074,66.2171,67.983,cat
faca4081feb14e867eb8d4d6ccd38534,48.4935,40.0464,40.3245,29.4337,28.3049,27.4052,cat
fa8a1cf261c69c575947d075b1002b31,126.9564,112.5149,109.1753,50.8645,51.5683,55.0081,cat
d3c66c530d6754e61d238e2969a2bc1a,135.1094,116.3476,89.4131,78.0409,74.6478,67.6695,cat
ad509eb6e80ae4c1f27efe2dbf4301f3,78.5866,85.4459,88.7575,68.7091,71.8905,75.1808,cat
d51ed865482df0cfc55741921d46538e,124.7937,120.7043,115.6488,34.9968,37.7026,37.3071,cat
844f3c5336aa12f0cfe6bee93268c00d,151.8269,151.7964,141.5967,28.1879,27.0856,26.2614,cat
5d65ab62ee02d0b4e08db2774a2ad809,144.3021,113.17,80.8289,59.0033,47.726,51.2735,cat
c51f271255748571d4c7c43774b479fd,126.0876,121.0157,105.1952,55.9887,66.2187,66.3308,cat
2e92d0f99a85b90ce39fc853a7ea83a4,154.6572,147.1961,139.8704,46.4181,53.2694,61.0422,cat
a7537aa41e7efae32032e095eaf4c5f1,117.9531,85.1013,72.0299,41.6692,50.2623,49.6511,cat
78eafc293e55791b59b6fd921d3c16e1,149.2893,138.7605,124.4806,32.6986,34.18,40.0018,cat
5ffcf726628c35da8fa1e1a682c3fc50,179.9694,175.467,174.2393,48.3859,61.3127,69.8453,cat
13e01a73ca7d21f88d434e652c507e87,66.9119,68.1408,71.5015,29.2608,29.8829,33.6581,cat
d9308ae7df82bf093245113e9dff7151,130.552,97.8314,66.0485,59.6175,53.5041,48.4296,cat
1b75f5ddeaec6ed36dad913ec3b76eb8,124.2092,101.8808,91.8465,103.9338,91.8389,82.4846,cat
f2dbce8591f0ee9e8091ec11447e741d,111.1701,94.326,88.3024,73.7533,66.6711,65.5849,cat
aeb1834d110fbba7427f58b811d8950a,128.4561,107.397,99.8367,51.4054,56.4807,49.3283,cat
c02bad721b0ffe3509aaed60fcc7ee87,92.2851,63.8216,105.4034,50.9036,37.0424,48.5235,cat
735811b3e0bbbe5512f3b724fac6f067,78.3982,71.2702,66.9143,40.9242,40.4195,40.9917,cat
42b1a860f0215fbde724de6243fddc3d,101.8513,103.6732,103.2958,51.446,55.9026,59.7602,cat
f46377c0a10b5e5dec2ce016b0d5c001,100.7391,101.7514,104.8773,72.01,70.8134,75.8221,cat
3259516749c77420539fae36773abcc7,117.0989,99.9839,88.2324,52.6792,57.5009,63.9295,cat
d2c1d01f8d88fa7706593c18fc55f928,148.7081,88.7369,94.1075,70.1681,52.1209,51.2329,cat
39ca520e11890670b9a08c281e7d4497,161.4107,153.2733,149.2572,61.8479,67.0175,70.0663,cat
4518f402d4665693e8096dcd6b911b48,47.1072,53.568,70.0467,36.0605,38.4469,42.4726,cat
e3c86f06e09ef6c3944a2110abcd58a3,97.3762,53.5195,46.9991,51.5814,36.0263,35.9347,cat
cc02f0884977b5e414b6692804f6b1f5,86.3736,103.3168,75.3533,73.4731,77.2456,74.1142,cat
e91a7eff1fb436afab57d991a84621a6,169.6322,146.4764,113.9196,60.2674,67.2186,65.9985,cat
f4ecf2fdab7e6fd5b62d0d1f9f46d363,111.5618,104.4497,103.1785,74.4402,77.5813,79.0729,cat
d907643103d29c628aa10e03233e06c2,142.0136,78.4635,59.1438,67.8462,25.9683,32.9981,cat
12eef93aef06ff7b4b23bf7857767adb,165.8894,151.0094,127.9867,21.8154,25.3733,35.0743,cat
b9d94c6b47c5fc2e7f5c1f1137bbdbfd,150.339,135.8566,128.0819,70.3584,70.9084,69.9014,cat
3d5803bd21fdba553f40a18f2522fb4c,118.7944,113.3289,111.7881,55.1331,54.3341,57.0413,cat
f9d8b9cccafc7d7cbbab16dcf721d11c,139.6661,136.3223,134.0377,70.6155,76.8918,81.4429,cat
381bd3ed367ba1138f0482bd843296cd,114.3949,109.0046,99.2975,32.8456,36.8239,45.9576,cat
606cc09b54597a300831a00af126dc76,95.8385,93.0872,99.2618,46.7136,50.1187,45.9475,cat
2478e48e5f5172101efbb46136cbb402,106.1088,68.9144,54.0157,51.4446,45.0048,44.9951,cat
8dbd720396cf2dc10075a9521c726758,127.9409,117.4092,106.8723,48.839,50.0173,51.4663,cat
153d3673147e0f353903fa15944be49e,174.0928,162.45,140.7326,29.3998,36.9695,47.5693,cat
84d91f042da045c4caeed29d20825359,124.6321,115.8685,106.0272,56.7968,57.9796,60.8996,cat
ee7f26cdec0cf0a18e6a2f12f74475eb,110.1146,119.9643,155.6758,77.9605,69.3732,48.5636,cat
af2c5c7885a0bc4b072b6d15b9d14440,171.1528,173.6447,176.9367,90.0918,91.3674,90.9471,cat
5c4393864984ea4d0500fb999b1671c0,79.4751,76.0155,71.473,68.9315,67.1253,66.5222,cat
60fde2d5afa96bbe2a45c9c64e0e14c7,164.1504,133.9855,95.6459,52.4552,57.6054,59.8512,cat
ca97cca7adb1d8fd4b5e973a8c88dfcf,138.2965,120.4046,99.4181,75.1112,71.0473,68.901,cat
d587bd12fca8738e4d4658487135865c,108.7668,96.5034,93.0589,51.8047,51.1188,62.281,cat
4d49eee7a066e53f86369b3d5c257f2b,160.1467,175.8373,187.0165,82.2297,69.6318,72.9444,cat
b60330047028e103d506218581b40b05,133.4146,135.7967,149.4598,53.6643,49.7448,39.2909,cat
0473696c67268b6459bb15240f4c1465,77.9205,67.3768,61.9811,63.3572,50.6398,44.0663,cat
b2c1ceb30c32a404e98a793cfb7c5f50,112.2857,147.9939,165.7907,51.262,38.308,38.891,cat
65a77f11da9f253b44d84599ba1ca679,178.9804,177.0355,173.0805,63.8389,65.2534,66.091,cat
f8f326a5a6c02303e31da6b5d99da2f9,99.016,93.8088,88.1242,85.3355,84.3415,84.8939,cat
efc705cc87a6eff12a57d75b5d6bbf43,108.9166,125.8203,110.2805,40.2204,46.5854,42.3295,cat
4d5dfd17e14b438ae557d03963e308ac,127.8336,125.4553,130.891,56.8876,77.5309,89.4797,cat
c32dc142bc0551109e659c19148ae625,98.573,79.5812,73.7404,54.6149,48.2001,45.0371,cat
5f3f36b8e9f5a852829a69f3ffb0e065,182.6296,159.7251,126.2852,35.6602,40.4939,41.8357,cat
98159f5fe28f05c6bcac21568d353ce8,138.229,127.2931,119.2174,58.2456,57.0664,60.2705,cat
297114f1546031d33f1d0d52a79f04f4,125.0654,117.9231,122.6912,50.7479,47.7897,51.6426,cat
83f2bdd74e14919757a72986e3a206b0,97.4067,50.5342,27.2119,49.2324,30.9003,22.3825,cat
377fc84aec11d2c83362fa0097147fcc,56.7032,53.7766,50.5556,41.2518,43.6497,46.1201,cat
0a4ff8e9b5333b2cefc5f327d7e390ab,39.3804,65.708,84.9182,54.7541,42.785,35.7037,cat
a44c5b37f2dfc6570c0949e8140b7705,108.5023,97.8185,84.8822,94.5273,79.0855,74.9508,cat
de4cae58b39988d5a45577151456175c,124.8725,123.0856,118.1814,65.5466,67.2434,64.779,cat
27c7538f0295ce7ebdcdf6082db2083f,108.3052,145.6735,169.3946,30.7413,27.988,32.2016,cat
3d1f4a196f690563eb18bf04782d1a51,111.7983,120.0834,118.1946,78.4722,81.8018,78.9867,cat
e33640e12c993cf54bf345cfb5a1dc6d,139.1801,124.1956,103.6637,59.4223,49.2457,45.1019,cat
a812c44f1b5079c91d98283743500666,95.7265,78.7263,112.6922,55.0063,42.8221,65.5533,cat
a4f6b2010bf7d4b156b1db3b6a9ac2ee,140.9109,129.4403,125.2009,65.7847,72.6638,77.1972,cat
b4b12701d2c72d0e56d293d218f2ce70,122.6629,108.4972,96.2789,49.0386,49.3874,51.4682,cat
e4afd925fbfac37b71aed0465e7c8df6,116.1086,98.3204,86.2212,87.1847,83.3267,75.353,cat
c2eb8dd216212ccd780d3667c1b819a7,156.8116,125.5897,102.299,74.1804,70.8389,67.2475,cat
6d964079e4af27b8bf8e21e56c19bc80,90.0129,85.2677,84.3027,53.2403,54.3725,47.3851,cat
a432252b9b48c924cb64cdea4c2e9059,130.8912,123.1714,113.7226,47.8364,38.4215,39.5761,cat
f9db7ce7e810f770e6ad4d096a4b44f7,126.9207,113.1893,101.3974,50.6573,54.3446,55.1273,cat
da5897592cc37521d76cdebb63db6c26,143.2026,124.8509,103.767,59.5992,58.1697,49.746,cat
805b1ccf022a54981a4189cf48947296,120.9167,115.8916,103.1627,49.1579,53.4086,69.2106,cat
5f1e9bc0442c04a64f2b473b74e8571a,117.9344,115.9953,109.5944,57.0276,58.4236,59.814,cat
855b70a2c34141ee254559dde0c771f4,107.1358,102.3616,94.0776,43.6002,49.2954,55.9452,cat
86d4ed8ae3e56829c23ece0f68d0c1c2,109.8669,105.4861,93.3265,30.2594,31.6605,32.1306,cat
ecf14f3cfc8a8497834abf2aa01b1bce,190.3165,188.2685,187.3472,70.4326,72.8836,74.0516,cat
195099110d371225544f38757bbb9292,151.4118,148.9839,125.1387,59.4428,58.4466,62.515,cat
ca2237459cc5716d7030fa9e97bfd838,64.8838,57.8518,56.0743,67.6746,70.9285,72.0304,cat
8f0e240e28398d5c1b7a537cef62fefb,90.2976,83.5366,63.0849,61.9517,58.5763,47.1806,cat
cc1f2f43e792c61c54c59622246c8b11,111.863,113.9672,110.1908,56.1963,56.3472,60.9525,cat
0e7600ac5a46da6d94caf5ed282bf9e7,145.5301,130.279,106.0621,39.2324,35.6887,38.4324,cat
083f03dcbd99158998accf0d66f07f02,149.1608,147.265,135.9059,54.118,52.3089,64.794,cat
dcda0cdc04ebf48fd0da5e58dfd72867,69.0694,61.7396,59.6765,46.6484,40.1528,37.8688,cat
82767d2776ff27ed915c7cfe7b1feea2,140.3647,115.8319,96.922,79.4987,84.8394,83.9953,cat
1062fd7c9ec41a943a43cfbc087a01cb,179.6736,157.329,118.0538,51.5629,59.5074,64.6815,cat
7e7b40961473a2a1463abfddbeb9694d,95.7747,93.2486,92.0822,71.6708,70.3904,70.8759,cat
414b0787fb350946bc94e64233819cc8,187.5091,185.9499,185.185,100.4626,102.0641,102.4039,cat
64b377845cf28d4c78f1a704f3967b63,136.8103,138.7521,141.8705,37.8561,36.1689,33.9067,cat
940fe3ff9be63d2de8213d951fcfe1e8,94.6875,81.1443,55.4886,68.9331,66.7066,60.5305,cat
be7a36c8da0599c69a8126991857956c,106.3205,88.3802,76.3975,57.2082,59.7015,59.5706,cat
4de477060bd0f280369bc8e2b030b087,49.5725,38.464,35.3173,65.9838,53.3834,48.2981,cat
5951f785cdd9f2976dd9d6651640b0fd,128.5454,118.7464,102.947,54.6743,54.6169,59.4808,cat
6f1e162f3bd548c0ed56af006e55b51b,123.3408,115.956,107.4673,48.3829,48.2751,49.689,cat
e0040f83cca7f4bdd10a7c7473abad2e,156.7811,147.5084,144.9223,56.934,59.4027,62.5769,cat
15cfd5f41749919e04162ddbb8c25ed8,107.3935,94.6808,87.1013,50.8161,52.0497,56.2803,cat
3d7e6d69fa9e34164aef62667be4a806,132.0753,131.8641,141.7439,64.021,65.4669,69.2854,cat
07536482763f7ac5e3803782818abed4,81.0082,75.5229,68.7755,80.4592,78.679,74.2593,cat
e1bda434809cd5b08e76fb8be7e10302,217.3889,145.6422,73.7347,38.4754,49.7844,55.7299,cat
9d06c777cb38136a7dcf3a66f86efa7c,150.0528,140.0031,140.868,70.5577,71.2289,70.2826,cat
a82d84ea671a3f463973face4a64d54d,61.3306,44.7041,29.0671,41.7935,43.8562,48.8516,cat
df50d8dc94abb5e9f799197bbb92f8a7,136.6798,90.1511,187.7941,30.3371,27.8768,51.0141,cat
e0ff053a72836292183a2cc0cc74cf97,80.1596,48.6881,24.6884,56.2846,47.7218,28.7922,cat
61ec4618622f864bab8ed26fb9b25134,96.3926,94.2727,83.1995,54.5537,51.5278,61.3696,cat
9a0f72878dd1c91ec8489f9fda06d8e6,96.1717,80.5971,68.164,35.7258,30.0242,38.0895,cat
4a4da612939b90248f9bb689b4b45f56,139.0632,122.1886,84.5217,54.3539,53.1001,44.3617,cat
94291c025acedaf46b8e23fad1028790,136.0513,132.2177,126.5774,65.3157,64.5299,63.7453,cat
7ed60344cdf2770b5cd3ee308cd2d291,83.7974,50.6599,125.7237,42.2666,44.4925,46.2293,cat
8dcfc1efa66b618ff1b68dd86caed1f8,62.7286,60.8583,59.2212,54.2873,62.7695,72.2636,cat
5b8d585a558f2fb6de9722fddf493a55,136.5975,89.1507,74.4158,59.4527,40.5881,42.8581,cat
fdc83ffb186c1fd7ed694c5e5115f2ea,163.184,160.4075,157.4247,53.8121,56.5191,59.5042,cat
8e814e1fadcbc1b5417deaac75c43e10,75.5189,57.0755,50.0727,52.8995,43.7557,40.9563,cat
06b909637f1c866f45e22146c248cc92,134.3659,131.1414,113.2862,68.9159,71.7495,76.1134,cat
02b689d8ec7441e1db9484839af95d5b,117.5969,111.0017,107.81,64.802,70.7769,71.3143,cat
6ff31e7ef83f9c83337079b3b4e52bbf,93.4381,99.2259,94.3937,49.7194,53.781,56.9734,cat
b270608c46bac584e0777de56a2bdf1d,73.8744,77.2814,48.0072,48.5532,37.0875,39.8571,cat
16dfe6acf28dad0503976e63429c252a,138.9226,130.4423,113.6759,52.3091,49.8909,46.7121,cat
d2440f85cb2f4e06e406f7faa9a34c5a,167.6607,118.1933,82.2859,42.2832,46.4557,47.5499,cat
be825408f5e5a763176788f2bb470e41,76.7919,74.3985,75.1436,49.2751,51.5383,55.9885,cat
d2f418d6a0a94d30afa1d8935852445d,132.145,131.1832,124.438,62.2687,63.1285,65.8105,cat
7aa734a6ddde0da2cca8d757b598dd41,164.7426,171.3773,173.7236,73.1112,67.2896,66.3269,cat
63945a820a734fdb4ba0d7c1bfe35517,114.7738,117.1205,111.4476,76.0258,75.5911,80.0332,cat
8a1452007b14c58d054fba6265ff83ba,187.8458,187.8458,187.8458,60.3812,60.3812,60.3812,cat
841e4ee9dbf1ee26c07a573569194fb4,121.0791,120.6739,123.2806,55.6359,56.304,56.8571,cat
f58defb9216cb45b1634fcb3d7570b22,39.4611,105.5724,96.7705,43.5174,34.563,33.5215,cat
1d4fa5992e473045a9da4675c41080a8,88.4456,93.779,81.7243,58.6449,57.9183,53.8537,cat
30ae6b6a792f9b2411fa4e96c9fd7695,118.1134,152.8359,162.4745,59.8507,76.8354,86.5757,cat
8b01c91e843dca95a86bfd1d4089195a,113.5352,103.9483,106.4988,43.5985,44.4543,44.9057,cat
2430c2c99ad318911157f568e9d0dda3,74.1738,88.032,47.8427,51.6978,56.7188,49.5004,cat
f279e437d7078f2145108e3c95ac6497,143.6361,137.066,135.7993,49.8287,56.8615,56.6039,cat
2366e32b0e2469b544bb4d0ff858c82e,172.8277,98.9944,94.8468,67.8596,81.9326,68.1884,cat
e263d895b5bab8bd14f2c13e1644407f,122.4529,114.0236,106.2379,34.7264,37.1532,41.8492,cat
cfa1483c079d750e2d377be4a3c71bd9,82.5588,81.0385,77.237,61.1645,61.505,64.6503,cat
6dbd144826a240bb7ef78cc63831fada,145.1557,136.4926,131.4591,66.075,71.1516,73.0552,cat
05fa9009860706a0fc086af552853447,115.9075,79.9995,52.2812,63.0601,69.1061,71.8117,cat
5901df5f9974247e715e5c900e149e27,213.1324,212.3716,206.6777,41.7895,46.6218,47.9172,cat
4b81449f904b99ec7ef5cd7ef8d6c13c,120.4643,63.1069,61.326,48.7411,75.5671,69.7439,cat
e0d994c89b4d8c53f6b43a0a0bddb1e2,82.4723,85.47,93.3007,66.2688,67.3226,69.8494,cat
5ce6e5850d60d6672a08fe8cc38bb0d1,100.3417,92.7661,90.7916,40.0653,38.2081,36.961,cat
bce4e89207439757544b2d03e2831c4f,124.3031,92.7532,72.9006,69.5821,71.8292,67.015,cat
4e16177667f0ba40d3ae0986ff082fcf,109.9136,88.0587,92.6863,58.061,44.6673,48.8551,cat
59ebe3abbfa9437dec8480991467a7e6,140.1019,127.696,118.5069,53.1591,48.3526,48.7223,cat
5f365c2189bb50940ccba747d1543ad4,136.3223,121.6921,99.7952,44.0653,51.7337,63.2481,cat
3b5ca7e8e4a913721fa13eefe4bcd9df,93.1124,100.8717,96.4167,72.6816,67.7737,76.9312,cat
ef26f3da1f6e277218f1ec73c1eee0c1,174.6345,165.9101,170.6142,73.4,72.7638,74.1934,cat
20b35ff7e48f09311e9b4e2ebc3ebeb0,70.1956,60.7211,39.5794,69.7703,59.6266,53.3974,cat
38e643701c3911b58944151c4acbfdb0,158.8156,157.886,155.2825,38.9889,43.3676,50.3165,cat
86cb82fe849655f76fe905a8b5ab92d7,116.7176,108.5491,106.8586,76.4739,76.5703,75.8066,cat
a3affd85ad4fc7ba57df6a655cab264f,45.0145,110.9594,100.7083,35.7669,35.5839,32.0846,cat
52660116cd2624b2c247b2f093718237,131.0765,121.8218,108.882,55.1145,49.969,46.7787,cat
d8bc34f980fb8daa2f7c4a619025c965,108.9825,107.6567,108.6285,70.0212,72.1104,70.0574,cat
1b541c76f68aa6f5b09d159382ed7185,75.248,60.8364,41.7804,66.7839,48.385,39.4189,cat
016195373ee1b27468a463d259c51e73,69.9998,127.1124,125.5559,68.5421,33.7424,43.6006,cat
c857e5f78b2d9615cc84be7f632e04d0,109.8902,108.8355,100.3546,75.5171,72.5393,72.6458,cat
a71b50ceeefd05161f790e16f2b55ee4,145.562,126.5694,89.2246,60.7949,59.5074,58.9562,cat
31034e9b8ebb1e62ccca78c96bfc132c,100.9,69.0395,41.5808,58.5742,50.0337,48.6852,cat
c5ec581e9cc7efba8ed3457a7c7f1a6f,95.929,88.416,81.3919,72.2014,67.8219,63.2203,cat
8093c3f7bf103c5816f2548b60604cec,118.1053,109.2043,101.324,35.3915,36.123,40.4843,cat
5f231fe1967df68e953efc50a4b648bb,107.9478,108.7426,110.7075,55.889,50.6878,49.6762,cat
450c872b8555c7964fe891ed047bc946,129.6576,124.8958,127.4241,97.8104,98.8901,98.0207,cat
e85be22d4c516bee753e7b8cd772b37c,89.9914,88.2185,78.3547,53.621,49.0805,43.719,cat
243d8952a422d9a6f358a8e6222fcecc,101.3114,109.3576,99.666,77.6889,72.5132,63.5332,cat
d89e3b3a4877576370f6c622add0242f,115.5254,107.0603,98.7522,84.0502,84.8158,84.5201,cat
f0d6bb2b2531f06b231f3ea07ec4a86d,165.8473,142.1048,113.7922,59.6076,66.0,66.8688,cat
8d313a689a8d7fe0c030a24f2d20650b,88.0479,81.226,82.3272,28.5199,27.8141,29.9894,cat
b182b497ccd6b1532b8c679affd5c54d,127.3248,159.0543,196.0952,47.5015,56.6678,57.8357,cat
7663ab77484831b5a146ae776b602e7f,186.5881,121.3057,73.4041,58.1675,46.7715,44.95,cat
7e58b1d7865e76e3ec9516011eb33c93,138.8161,117.2952,97.293,63.0798,61.5346,68.6957,cat
9dbf1350fee73f297aad58cb47a37ef2,98.8884,84.8399,86.4135,52.4198,57.6274,56.8786,cat
c361ecaa8a6e2c0f58b8994e1b3eba97,137.6781,134.812,132.2692,73.3515,73.7773,76.3065,cat
f669896ed5df746ca20bdc7ac1102ead,82.177,91.6662,81.0083,77.6076,64.9578,59.5548,cat
91d791200f8f07da1dc0db8cb0b8ab41,116.3039,99.9679,85.0209,71.5429,63.4191,56.3853,cat
c32e2c41fe27a6f3f1c31bc6462f70dd,121.7268,151.9243,85.7767,42.8108,41.1597,53.9741,cat
efbecb2d496ad64c8708fdfcb5471bff,81.1424,98.648,109.2968,57.0451,59.0188,72.8639,cat
1efc4fa3c80fb891bd545c8e9956d0c5,95.3355,70.6348,59.9742,53.6437,49.6813,47.8681,cat
308dc60c8c7db43b91a9840072fc0001,160.9633,137.7941,123.6361,61.859,72.8214,74.7588,cat
0504199795093b5bf1bc40d7c75242b6,162.1674,155.1828,150.5579,82.779,85.5986,88.3152,cat
a358446f566d4443df63bfb299350b76,101.4473,88.2319,82.0187,60.1554,60.8587,62.6587,cat
5fc5a771fe5aef9f22c4bf5455fb8492,129.1016,115.0235,94.0127,71.2398,69.7759,63.8213,cat
9d46cc22543560484243d0593e6d1e8a,78.9041,76.7029,74.0967,53.5095,56.0628,49.5996,cat
bb8212c9cc8e7d72431f1e2c387a4511,131.2202,126.664,120.1526,45.2176,51.913,61.1337,cat
12c81abb96efc9d44ef91a680e8fd4e4,90.7445,60.1179,37.8107,82.6441,66.5142,52.9347,cat
7829d0dff81f409141283aa563a0312b,140.7819,135.1232,156.9199,78.2217,80.3144,82.7362,cat
8ee67059d3affeee658dc4c77055d7d9,77.3621,83.5823,92.3158,61.564,62.0035,62.0407,cat
56626472457fb9d12d9c1d1e42437aa2,128.2623,134.7356,137.7487,21.8506,36.3619,65.5905,cat
f50ef5b14d02ced31341b737dccc2aae,22.0263,85.0706,96.7613,21.705,39.7273,43.5811,cat
5b0af2cf85a0ab57fad380a7f5b4ffbc,89.4614,87.2815,79.4373,48.9799,47.2773,44.0727,cat
5f28321091af5d6f08acc618ae37a7e7,130.4631,128.0563,126.3755,33.4824,36.6199,37.622,cat
11de972fb8f8e6c81d243926456be64a,118.8823,69.2779,152.1432,45.5966,23.0045,70.1725,cat
1ace3fc5579826132c54df7bcc7210ef,87.7314,56.0774,53.5989,49.3468,28.3966,28.3377,cat
98b40945dd9b2da3040da49bd7801b7a,93.1462,86.2492,77.0534,35.4002,35.8699,34.9042,cat
9d80f2005b4d4323277b60941e2f34db,151.0658,137.13,114.6015,52.3,50.7144,55.7367,cat
e81c0c83d04e89b4c1bfaf893b1f6b7d,83.5508,55.496,47.7548,46.5425,43.6929,43.4746,cat
8ce00a8183fa5aa2fb88b1d64ba4905a,96.6826,116.9074,63.0599,42.2988,46.7528,37.0182,cat
04de0ac8438199e7b9e42813b6407cbd,56.4716,54.4647,52.2479,63.3904,67.7013,75.8084,cat
dbdf0959689e200894776100438e2880,123.4044,104.6405,89.2177,64.371,68.2353,69.9138,cat
93216303675aa100ae06d9d5ffac01b1,59.0869,56.9369,54.1466,92.6229,91.5548,90.3582,cat
f49320a479f777c86167e9f53df2cbd1,110.6775,108.9608,106.2387,64.9344,66.183,66.0006,cat
1c1d4fcf919694831f2fb34019d0a4f9,170.8231,119.7531,103.8479,51.1528,72.1662,79.3912,cat
acd48247f285b37041a24b3138f49c68,121.8432,84.6545,82.8551,50.0331,44.3677,43.1341,cat
22079f7eba22fb0020d4fa4d1f62d595,187.8562,184.9529,185.4304,94.7806,98.8394,97.8823,cat
3523c4f27388a1e6a492d3f38f22014f,122.0371,112.0965,109.1052,79.7714,82.4543,86.9573,cat
787527798d217ae1f03f9eb58ca2b17d,100.3856,97.7999,88.4476,40.3265,43.5368,48.1422,cat
9f048daa7749723acf60492739ed708c,97.1772,87.3478,75.5158,64.8135,66.5269,67.2827,cat
a845c22b44a01478c0eab341799cffff,101.9363,105.1782,125.7225,62.2968,55.3936,52.2857,cat
b24598efb67ad534dde162367bb3707f,144.3206,116.6812,127.7421,53.5304,61.4591,67.2833,cat
275717f4020e8e52cb37d1b68271b906,118.6056,108.2077,94.5474,97.4798,101.5059,102.878,cat
f3a1474fc3f6b2004832902a4829d8b7,121.4789,119.4907,116.9725,56.3623,56.1645,57.4932,cat
d425ac4d03ec138de658c2a50bcdcd9a,124.0089,114.8635,82.6952,58.4347,56.0797,48.9482,cat
621da9d3c1d27bbf180c5e45b2ad030a,158.0242,152.7365,142.1795,62.0274,62.8623,67.8018,cat
fbdbf5fa93d696f0faf0046e8f51d4c9,172.4476,169.6199,167.4882,58.3315,61.8901,66.7664,cat
fce54c1cf42ed7d3ccd2b4f6ff8f1e74,189.0767,157.6896,111.8489,56.4826,53.5144,50.6178,cat
911449a421e6ad02f55c23d585b99d75,134.0795,130.5969,124.833,69.2418,67.9997,65.3213,cat
07671993e77ed2c053e5c52a4c08eac7,128.3938,103.3243,96.1702,53.9266,48.2753,53.0622,cat
0f86bd129dc8306c314b92f400bed666,165.0268,156.5365,146.2693,73.1107,81.3263,78.1773,cat
55df8e61c68f5d97735afe099115cee0,107.3714,155.8301,148.0724,50.2022,62.9114,80.5487,cat
bb86859c0bd76787bd0be97e4442990d,101.3832,98.4203,71.126,52.7052,50.9797,58.1146,cat
cc1500f06d343ea603a6494d7ed856a3,114.1715,143.2622,81.1552,63.1118,57.5642,50.6747,cat
e4740a6e00dcb1fa8acc49d205eff34a,155.4602,155.1807,145.0007,58.0851,59.7197,66.2584,cat
843ab64eca1afd9599d00f65003cf5b5,104.7784,98.1215,93.4965,52.0964,52.2446,53.2191,cat
a0afdbf78fa0e9a94ea0057b152cfde0,170.585,163.9595,157.2327,57.165,61.4713,66.6686,cat
1eb1aeb93f8c22f413053b3a2cb655fe,111.3106,105.6828,97.9047,52.2259,53.1474,57.3166,cat
649557ebc60e1c65caaf5c9970f71169,123.3658,98.209,79.434,98.9776,89.2597,76.7792,cat
1b6f83bbcf41ce5db473fca336579505,184.0087,184.2605,177.4679,86.89,86.7776,93.2193,cat
f37f6a6d025ef47a4977627f2aec9b24,105.7292,102.9146,100.3901,39.8434,39.6805,39.9283,cat
5cdecc8bd37f32153bae8790e1ea0cfc,118.4431,109.7431,99.4942,61.3521,58.21,53.3778,cat
06de96feb056d022e5fdb96e948bedc5,170.1768,143.7187,60.0296,58.2599,66.8814,53.5091,cat
faf96932db6fee38089f95effaa93b88,130.5072,95.9145,77.9638,71.6701,64.3479,52.6834,cat
6cda71ca0ab8068ae447414c40e35a18,164.4833,151.5883,159.8155,57.7167,66.7014,51.7739,cat
55b9644c064a22a4ecfd61a5875df6a9,143.7835,134.1361,127.1209,27.6148,24.2888,27.0227,cat
9a27ab222292b52462be2c96e1215ef2,135.4619,86.9668,41.1892,76.5918,56.9872,41.3703,cat
64434c5c19e4b645c9f1f4d5dc17245d,213.17,160.9774,113.2485,44.7268,58.4518,60.1118,cat
e58e11a01e6acd7deecffdad987046a3,215.0757,207.6718,197.817,55.4438,64.466,77.0081,cat
7ac1e8fa2910ab84a3021721a299e8fb,77.7947,64.371,70.4239,28.1769,33.3823,38.2543,cat
700dc7a2087bf3a7ca7c376d3f6c949e,118.6465,103.0101,81.6745,76.5904,71.4203,64.4221,cat
4eaba39598076fa61372422add45f2c8,147.6193,143.5714,137.9408,57.3684,59.5648,63.9547,cat
1b5cbf5aed15182a5923e76e594fc74b,81.2053,81.618,81.4554,80.8134,82.0772,88.9516,cat
55ca93e07d18866d5c4c1ad77abcf779,179.6863,174.3845,173.9452,55.9582,60.433,62.6217,cat
b2dc0ddabe4fa86e5ac634e77b3f0834,188.6251,187.7821,172.7841,31.4747,30.867,32.0352,cat
daefefebb10d9f1ab9cadc7c3d93d206,145.1556,142.1096,136.9144,69.4812,74.5761,72.5966,cat
878da21f3cd63f8d9f0e58d6eb2839b0,151.6993,109.2812,74.9946,62.8136,54.1509,56.0179,cat
828e0a320a28aeee38660b599a27a7f7,150.6963,149.0819,149.9146,75.6121,76.651,78.0773,cat
f69171dd6e650d1c5475c7e7ed179a27,184.7883,160.7692,143.5222,57.1692,74.6833,78.1744,cat
e78396872cc81353323d2fd0de1d14ac,110.8353,117.7683,96.7516,47.4729,50.4625,54.1682,cat
256165d6a511ec4fadea0c928977858f,131.2584,122.7306,105.8622,54.3222,60.181,63.1388,cat
8697227407b59c55c73265fcc33889b9,121.4847,108.5069,102.1302,45.2056,44.9829,46.4369,cat
c7b055764ac3a8d9752a451ad6317b22,138.8317,134.9288,129.2938,54.804,53.4535,55.3442,cat
ccdb6d657b6e0b97d73d2f7938388279,88.4865,71.321,60.6741,55.4459,48.7921,45.7709,cat
76cba11c4861dbd6accb781ffb9f4740,144.889,138.08,127.4779,53.73,54.9198,57.0036,cat
2e898d4e1143a3015e3e7dc4fcc9162c,117.9091,110.9204,100.7532,37.7612,38.0424,46.3285,cat
c2bea8d56efeb14ed2f48f182d9b0c2a,54.5234,71.8222,33.4366,49.1491,49.0844,43.6849,cat
2460e3e864012e4fb44ea707189cb4c1,139.8911,126.7778,112.4618,30.6335,31.195,30.1291,cat
41f507dd2a2eee841db997593e5f63ca,136.5901,135.9643,134.7898,48.3218,50.78,52.1364,cat
d338e324c7c2013ac7973c7bb3ed62b5,76.5467,66.8153,59.7697,42.8833,43.7106,44.1254,cat
38df8b0300b036e1740f4b7b8dbabf6c,161.2775,153.3737,142.9455,83.054,84.4854,83.0465,cat
406671e096c9f616cbac8e5bc668c400,144.0462,136.5557,128.6752,64.2803,64.1195,63.8041,cat
040c155b77e080df354139287aa39644,88.2368,88.4917,97.4489,70.4181,67.4139,66.8286,cat
8d4a0c9284c62c60c938c6737ca9b9e4,97.0622,87.1415,87.651,35.3925,36.5245,40.6555,cat
144538e952191f5e9d3df4d4c6686e61,119.4321,112.3237,103.4548,38.9328,39.1969,47.9251,cat
fc890d64ff4deb0baaee18c799c5252a,111.7063,137.7263,75.3444,59.6099,54.4395,54.7611,cat
24795b9a7938def391e6014669b76a42,182.3241,142.7849,90.6583,60.2922,59.4051,57.9305,cat
065f22de88fb2390351a905665bad374,103.0372,132.1854,131.6897,81.3411,83.9882,89.1692,cat
92d6e57059968ce7127fa1eca2cd4319,116.2748,119.7834,116.2118,58.1237,52.9615,61.3771,cat
cd68783b9e4059458cdc4b2d07e5f714,115.6371,113.5245,117.8347,73.2553,71.4822,72.6388,cat
6fc1e7da04248f1f5ed65ccab7c9bec5,139.1639,130.9147,117.2635,71.9958,71.7029,74.8312,cat
26f9ce7f3323a698ed10cf57f3e575b0,122.5797,121.4345,119.7315,60.6926,60.8225,62.0856,cat
c8b6ec01300db65a5d72962bc8a77bb3,64.115,101.6965,95.7259,57.6113,57.4768,58.6048,cat
4108d5b2bb3729d45ac2956632ad2369,124.2784,121.3109,118.8816,42.8444,43.8996,46.1931,cat
6662d0c926376171db520bad9cb086c4,100.3368,95.0746,84.8667,44.7722,43.3095,38.0546,cat
3fe0b8cf67b0b360bf4658a90757d866,122.7464,126.9612,130.4076,75.8894,75.9984,79.1863,cat
580094553185a5299007a9c499ba7183,127.876,104.7475,85.9654,53.2577,45.7789,39.8187,cat
7578c2f9e4f8c87f808434fcc5157309,30.9515,90.2486,109.5018,58.9369,32.966,28.2224,cat
a2c480c603dd2f9cc01f06d3c243fa0b,111.9905,110.3976,112.7262,86.8182,82.54,78.0219,cat
251cf16c24a04ace9a071e41e53a6de3,72.3329,67.8705,44.4541,42.4265,36.8849,33.4313,cat
bfdc2dbd6eda544a2b7f77dabb4a4553,128.2322,152.8971,107.8015,68.1605,64.5718,74.6676,cat
df0e7e08d0217107677e9f22507b6125,108.3779,115.3211,92.719,57.3169,55.821,68.8873,cat
722b9e99c3113fedb65035becc2ef345,150.0871,154.0984,124.6186,54.1878,56.039,40.957,cat
a9bc2a2a28b01021e2343ae3ab1a4f9a,111.2829,111.764,113.2855,50.4512,54.4948,58.2085,cat
8926d2643511e760f2b05295ced44dd0,61.1507,45.8052,50.659,51.5877,45.8585,47.8018,cat
36113da6e12951e42d34b79b0a64f8ce,156.4793,120.5817,110.3455,58.0048,53.8453,48.728,cat
177c6da195ef29f36a038315fa3ed2f6,115.6874,110.8008,107.1614,50.7677,50.5183,49.9416,cat
d890e0a52e6b8f44a82cc1567ac2649d,151.0653,128.8705,131.328,56.9888,73.3125,71.3234,cat
ceab9588fcb4230d3c463100ab077742,116.9798,110.8271,112.4651,50.7515,45.6732,42.939,cat
0eb3dcad4f04da9260c3342270dfa231,122.2564,130.9847,105.1219,48.9769,52.5589,57.2386,cat
e6ec25882611486d0095436cd2f8c31c,182.1591,175.9889,168.1841,39.8709,46.7347,55.9547,cat
b29c7740ac8fbe984106dd9b272ff10a,160.9553,125.8788,95.8838,81.4706,71.5894,55.6481,cat
0667783b0628ab68ebfbd48a09c9fabc,87.4015,96.7138,107.6835,67.7184,74.4993,86.7636,cat
152255c18b891d5ad835c394a5048441,113.3037,112.9985,107.0514,57.643,59.5621,60.3337,cat
215d226142132db1dceae3980b5bd649,95.46,82.4358,71.1055,58.368,55.3566,50.0402,cat
26d851a565d227464a0ae96a5bb00d20,130.8598,128.6132,122.5847,55.9124,56.6355,58.205,cat
cbd5aa08ad2c2960c736cf709e58d06b,110.9785,104.4135,93.188,61.0195,63.3021,68.5153,cat
5a9385317bcea579cb17774b0e9e0157,110.1932,113.9028,94.8666,58.1209,60.4487,55.0366,cat
39a6b2a72ad195ed75761d353220bc26,108.2263,107.6004,107.7211,49.6445,50.1802,50.9232,cat
fbec79dd86baf6ae2ce52f12e4ee92a1,126.9893,119.9689,87.0814,53.1729,53.2023,76.5898,cat
4b7db0ce54024eaf950fd9352691e914,202.8316,148.1875,146.0301,55.4769,74.1683,57.6952,cat
aeebffd9ac4139ffdbfc1a9c1960621a,113.4028,85.9779,63.9164,56.2147,56.4877,53.5543,cat
ba5042f7ce5984eca5fa89461455f684,112.0742,147.536,94.1847,50.8433,58.1335,50.2727,cat
5a192db0eb39ba83fad7357a90b06f0d,111.856,102.6493,107.9841,80.7694,67.9496,82.2241,cat
afcf9c9926bece34b5c28de15af3b9bb,146.0166,87.718,71.6568,50.8918,54.455,58.1314,cat
562239a4807b668ec780eec95bd6137f,159.7236,137.9248,113.3373,71.7152,78.0426,81.5923,cat
e894d727d92ccb10a7517c3e63f02ed9,131.1679,125.3994,127.1782,50.9584,48.9761,43.2763,cat
9b3dc6d28938c6900ddcb15fd4c91b94,58.6879,50.9375,46.9215,73.4254,66.3232,62.9413,cat
6d08fa5dda2090a1352e54d826723d8c,116.6726,100.9349,104.8622,68.6841,74.8083,83.0096,cat
c3bec6c5f249009eb1c2cf5160c1f58d,109.2703,121.1258,133.1674,68.7918,76.2312,78.6636,cat
5da56831280966311ef9e280ad03d937,151.9738,149.6905,145.9087,69.7011,70.957,72.1466,cat
3bde124bb47bef63d7831016130812d6,94.0601,94.732,99.1324,47.3686,47.7831,54.4033,cat
75eed310739392ad8c40ee23cd5ac885,112.9341,96.2538,68.2216,45.2707,43.9472,43.6191,cat
1aa4dca05be2875c8392856fdf4b0542,123.7924,101.6083,81.0837,60.7321,57.645,55.4682,cat
7e764fee4c5e5a238d6c2414c2e161d8,142.0696,144.5186,142.6725,53.3294,59.736,58.5903,cat
27c6463959ed06328971a37b3070eef0,112.6014,115.1764,119.0378,53.3771,55.3197,60.4941,cat
17ff60ec6aa617fd3f6e105dbfced865,148.0817,117.3777,87.095,52.6281,48.4243,50.6818,cat
682ea8492d03686c023aa0aedbeab37f,119.548,111.9998,105.4638,45.509,50.2307,57.304,cat
dd54d608b97fe7e5cc199c6dba92a96a,128.4617,126.0031,119.4708,33.3677,37.7368,46.9757,cat
cf2ea446b3e93d6eb04304ca15d2d6e7,127.6751,123.22,117.2028,68.1809,66.5269,67.0244,cat
bf431a997cc86ea6fd5678c69a402efa,169.1327,172.6223,166.5018,56.4272,58.5076,59.5073,cat
b0aef7c7e79e9cbb07d05bd8312f4741,124.5249,117.5238,91.3269,43.7036,43.0225,44.3619,cat
f7047771c02c9116029d633814cf0231,103.5558,103.7461,78.3579,59.6582,66.8409,51.1927,cat
a5143a0d6e01f3e96b41d1cbf5b6a639,115.6067,113.8472,107.5368,59.8478,60.9673,62.3018,cat
5c135df3b243786ed58ddc080e4014dd,69.7594,62.9151,58.6261,63.525,62.7066,61.7948,cat
144d13136a2bb8804d21644bf4e11cfe,140.6553,99.0585,87.7738,41.4633,54.3183,69.0943,cat
5d92c31abfd6582e44743fb7d614f006,107.5113,101.6875,97.4771,60.418,62.2088,63.8776,cat
fa91b2b4251f97dc0e1ace1bfff2ac6a,110.8228,119.4823,97.8644,51.7017,45.2996,59.2864,cat
8aff032c5f09354839cc21e825f58d90,133.4709,113.5805,72.664,68.2465,64.2223,57.3526,cat
12fc4d601d9ed87b7339cf34bf515eef,108.7169,112.7545,124.9176,65.7168,56.8326,63.7661,cat
f7051aa1b92aa0802dfb5dc7f8cc9e14,143.1618,139.8082,138.002,67.2707,71.2811,69.9387,cat
8a952dbeae433c29251c1dbc6ba9aeae,159.1041,152.2919,139.2927,52.2551,56.5489,59.6049,cat
973d58acd5a96f6b4a2cb6b8484acf27,145.5438,66.8895,59.7737,37.7038,34.434,33.4055,cat
8df274aed999871ce6f94b853eead375,103.6261,80.4489,72.1987,55.7551,50.4493,46.5442,cat
2d49bc23f78c6f5c5128f6fc87ca6350,151.8037,133.49,118.5445,57.8125,53.5631,54.9942,cat
4f73d08f8d27f4bc0265651b6d857895,117.3716,119.1465,119.9686,64.8284,63.0548,61.4303,cat
87ac478e06d4fdb9f8b5db09c40a806c,119.0599,127.2688,104.7648,61.0696,68.174,55.4537,cat
fcd05a42f4855d591e34bb0c920d0991,162.8421,117.0954,72.665,84.6761,56.3406,33.3348,cat
01e167119ea58b572d5b60e9a9f55568,52.5858,51.2625,52.6294,58.5117,56.685,52.3899,cat
05ecd8453378113b8a3de1f4a601bf86,83.6666,57.3804,20.8009,76.3605,58.8721,29.041,cat
cc3d735d7edd381cc75f581bf348c7a4,34.6333,119.281,177.3864,55.9638,33.0677,46.7405,cat
1123d667af300431fef8997711bfdfcd,86.2158,83.9934,78.5641,77.4065,74.7746,75.9505,cat
53e8d1c708161653cbe4d373b1c59962,123.5791,124.1679,118.4434,66.1624,66.9192,64.1382,cat
43309a6f0adb1794da61d1a8fa8c3999,99.8449,89.5521,84.2623,56.0917,62.3244,63.1404,cat
98f70911bbddd247decb88d2107da61e,121.5403,121.5167,126.7406,105.8205,105.8859,101.1529,cat
6976a7b34676f9a72dcf96cdc4356061,109.5633,105.7389,102.4068,39.4676,41.0844,45.9667,cat
ca4e0fab1797f63947bc222f30c2d82f,73.5231,65.0319,52.1994,23.4712,21.786,16.9114,cat
9c4a028a31225db894896c723ebe298f,139.2755,115.8166,96.4709,54.6788,52.0497,57.896,cat
5a4055d998a5e95e1ee2da41b2024976,45.9822,43.358,43.0953,53.6661,52.6524,57.0235,cat
891fc80fe1506d0aacb39dc70b11b1b5,128.4446,122.0292,103.1056,65.5907,57.7676,63.4486,cat
0053c59baa630c9ea781299fece0eb0a,93.9259,77.1804,54.9407,74.2815,57.1866,44.1045,cat
8a2127764895ee12e652bdedd79b34f2,134.3359,131.7685,125.3146,59.6379,67.13,72.018,cat
1d131b911ecdbcd808682d9f33765e22,69.2092,93.1954,84.9864,47.6379,64.0927,58.8935,cat
5180b2c78d77d86ba3b8b01af8ec70c8,111.8939,92.3256,80.0048,83.905,79.8225,79.2655,cat
05aa0c2b1d144383b661f39dafef97a8,125.3476,120.908,114.3159,84.7191,84.7932,85.1904,cat
555e16331c9b11a7d44c8b08ef6f792a,101.5466,98.2505,99.4856,58.6833,60.3147,63.3477,cat
fcee19a27a112875b57b3e6aa43d0a5b,159.9891,138.211,120.9242,60.3296,61.1827,49.8382,cat
591342b23e9216ad71250028375598b7,111.2546,103.0428,98.9551,42.8862,49.8201,63.8377,cat
d4eddf03c768d2e4d1b7c5c934c3d3ab,122.2212,112.6314,115.6226,50.7106,49.5225,55.4663,cat
3e3067f8bdac5cbe0f3b893566de017e,95.4107,121.817,80.7755,49.1385,39.6813,55.5615,cat
49f555f53fa89351a57eb0153d39c8e7,138.0107,113.0386,95.6131,30.452,39.5731,39.7854,cat
9833b9a8dd1f42b90f81fd718516264f,170.6608,151.862,150.7845,76.2171,61.5459,57.5695,cat
c99e8b558bda3922946010afe48c098c,142.4384,147.5509,153.5608,70.1335,71.5201,73.8987,cat
8d706de301313d6786d6a0d0535aa05e,159.7056,159.8541,159.7553,41.1909,43.4899,43.6394,cat
8ba774742e1acc58ac51d6e55c9deeed,104.7376,101.9521,96.4079,79.7769,80.1421,83.3568,cat
f8ea5baf65ed59bd8701040f4da2db6e,121.2794,113.5848,100.9467,65.9097,70.8204,73.2575,cat
78118bf727caa69cac7e9b8325d14bf3,127.2316,137.2598,136.829,54.9649,63.4089,69.0082,cat
b97fe50087839ccce79024fc57a14e8c,152.4818,115.5846,63.6769,74.2547,65.7041,42.3798,cat
031e880467fdcf3cb506c87b5b271e16,133.6653,122.16,108.6851,63.6166,66.9068,72.4076,cat
dd77e5d39d4ff866816ce780ea87d8bc,56.0449,44.0667,34.7233,40.7736,27.9642,22.8933,cat
aa622fdd7cf9896fd3b6019197ba6668,155.4505,154.8426,154.9554,51.152,51.4293,50.4682,cat
3a3e526ba24e77029710591f3fc5b8a3,186.573,152.001,140.9439,52.1404,56.219,54.7882,cat
b5f8926083a78e89b3b1ce05898ad719,113.0428,120.8337,119.5932,78.6044,81.821,78.9659,cat
dfe85cbf69403ea42f1173750201f52d,114.6356,112.0804,98.8941,63.4875,62.4162,58.99,cat
c81185d85aabc4822da058b0e710097b,196.2091,188.892,180.5452,56.0729,56.7222,58.7261,cat
c904bdf3675fd1ec7f1da7bc95468db7,137.6193,99.2179,79.5607,63.5473,65.2662,63.124,cat
976aef11110dacc546c2768588d385d8,125.8386,126.1355,125.8702,68.3009,69.4273,67.362,cat
98c37b6938ce23c68928afba0666e846,97.4574,91.0945,84.3377,52.6766,52.9643,53.8481,cat
a07c597d7acb2d73fce93b8633a4a5fb,142.6453,134.4248,119.8147,63.5813,65.4331,68.2514,cat
1a156823cb75b53f90910cd6b2d7df84,178.5849,136.9355,96.2015,47.334,55.9991,67.2745,cat
94a968d418b5c8dc2cb4582fccf6df21,142.2172,129.9366,117.8906,41.5823,45.5847,50.4667,cat
ef391a2794359a7a045cc9a878d2725c,152.5825,145.327,148.4413,58.5026,64.21,56.2124,cat
351c722a6aa5633ab046bf6e55c828bf,99.9888,67.8962,71.9469,56.9715,58.3472,55.0043,cat
161f6d307cce2bc08b4446ca7c9a7da1,191.8633,98.2672,64.775,55.029,32.9519,29.3259,cat
0afcc112247bc30d803af3d4c5033fa8,195.0419,147.5481,114.9735,74.0906,81.434,81.7453,cat
674575a61d23b0500ad9327f94db2864,127.0121,110.4118,92.2972,61.8427,65.1852,60.0967,cat
4cb1c297aab1628e84ebd7af838b6e59,130.9531,134.3058,123.4775,73.892,74.3033,81.2275,cat
a1c28dbd8a59075a59cc5851bae9c569,78.9753,52.2993,25.9482,33.4323,27.0893,17.9081,cat
0537e5333a7bdfbbdb9d3f66336659a1,136.3273,107.5448,74.1073,33.1936,27.2943,30.6761,cat
c85e1e3b7d2a6b23f13e35c2167c4861,112.3438,108.5186,97.5863,102.8255,99.3241,95.4628,cat
cd7034c290cf6789ec6a571abe967072,179.9508,109.6272,100.7054,69.5977,58.6975,64.0854,cat
3658efaf6748de776931417ee7b1a719,124.7647,109.9923,96.5902,58.4934,54.7114,52.7299,cat
2dfe18a07b5c6a28171d207c8c2f351a,146.8055,137.4305,135.0661,45.4416,49.9419,53.8128,cat
6e3ed99278525be335a092194c4cda8a,98.8812,83.7434,70.4357,64.2014,61.7017,63.4179,cat
0707f7afe25f1d12c3cf61324b274a16,193.2733,192.1608,188.6473,67.8147,70.2198,69.562,cat
908c4fe1eeedd1d812abfa8d4695157b,97.8026,84.6734,82.6258,76.8162,80.2298,81.5319,cat
7369426ddbd10135e5e6e5e078eae7d7,146.1395,134.6781,117.0948,59.7337,62.7673,69.9644,cat
6f1399438097b9349fee7e1c72a3913e,77.0951,69.5979,41.63,74.5774,68.9748,52.9784,cat
1343d64efee807f6ecc6e128f82a2a2e,82.0477,78.785,73.8489,59.5529,61.0427,64.4225,cat
ce5a41d7d2bc3b25cbbf968919708f1d,106.628,101.9244,95.5754,41.0612,41.8501,45.6319,cat
7cb15bd21698d4f5d8902bea879ac755,132.0714,127.2411,123.5902,25.9045,30.8941,36.2708,cat
9d5895a97c74859b81762fa3ce9d7c0c,124.8123,106.6887,98.0112,45.2084,48.7026,51.1065,cat
e46c02aeaeb7e8a019b81d7f80920f85,44.7656,42.904,38.864,73.0164,70.4771,64.829,cat
98540a880311d5b632345a3928e41750,76.7242,76.8062,65.672,45.2563,44.2218,46.795,cat
34390fd05f1dd92ce047e45349c6a858,83.5727,106.289,69.8239,45.7297,48.2101,51.3062,cat
f733b7832fe03bd9353fe2d03da6db51,127.0102,141.7545,118.7709,50.0055,53.032,55.7075,cat
899a5a3d05bc5efd323ddfd1e1763e61,141.6879,141.0009,129.7235,63.4773,65.4556,66.4854,cat
75be1a451fac937d0fa16a9881adfbbf,62.4359,59.5165,57.6257,71.3779,68.021,66.0575,cat
5ec94d80c2e8b6cd70671587cbcd7e5a,113.9828,118.2468,107.6195,50.2311,50.6499,56.7702,cat
78bee22ab14d3b7410a75bb8c42c452c,114.32,111.4295,114.5999,37.8927,37.0425,42.0486,cat
46119fd58148be53262932f1c6c5fc78,149.4133,143.2888,135.6978,47.2943,50.4397,54.2549,cat
58d82a98ec1f9d6c16d9cc169f9dc814,98.111,100.2027,85.2548,68.3998,67.104,66.0872,cat
a4cd46e57be8a40a658a9d8930f98f37,52.7927,49.6893,56.7593,45.1271,42.1905,40.1225,cat
9b12cdd4f86f59167301feefd022aa26,155.2051,148.7516,148.9097,44.2084,50.3943,53.1409,cat
ded1c449505d1cbd16ee7fa0add8b145,174.1407,166.5244,159.6416,54.5515,56.8764,61.2612,cat
e2c0df0ac88363024ddb4e86fdd3a8f6,71.6725,73.9275,70.1533,74.4113,73.4919,76.5844,cat
367e72aaaef0c02ce29dd88370cf525d,61.8917,60.567,59.1392,74.3629,74.3235,74.8582,cat
71e038400b5d90ea25150c2665b4c64e,176.7493,175.1212,175.5721,40.1197,43.0908,44.0308,cat
99ca143342103c51369d1ffcf883b1f6,58.6645,45.6925,31.2917,41.3066,31.6134,20.679,cat
138daea0a09b55e4377e63e16ca62cdd,74.8512,77.2697,83.8736,61.2063,57.3677,50.4906,cat
aef6acb20bc2578a02ed66c86017e390,187.0049,184.3748,193.9208,49.3856,53.2812,51.0554,cat
027f44b1b4b85ccf32e2cf124ae099e7,84.4238,69.9028,59.3717,74.5983,62.2366,53.5725,cat
b9d6575a8a9ac4b7a1c2013029ad4ff3,79.527,96.6254,66.3974,57.7329,50.7335,65.6177,cat
543c23c497f43824cfcd3e27e7ccbba5,156.1427,147.0333,138.2444,62.0062,74.3905,81.533,cat
442d24d44882f7f63dc289e73a3fd5b7,130.5003,143.377,145.6801,41.1991,37.8349,38.7344,cat
469663177ec3b08fb363b45ca3418e89,74.3221,69.2387,69.398,80.8665,81.7397,78.2246,cat
d16b30d258a10ddbf12c46cc3b51b34a,133.6835,123.11,109.4195,56.2437,54.424,62.4936,cat
49794ef5621b86006e269dec7f133f8a,147.9091,150.3244,143.1924,59.7907,61.8333,65.5358,cat
b8874b705ce3e81f9ce4516b4902e11f,173.5015,166.5306,162.259,47.8106,55.597,60.2478,cat
bfd5150135553b7e104bfed29bc19ddd,86.1976,68.2423,56.9313,42.6391,29.88,23.8937,cat
3d3f7017b8319c2bf53eab0207a2630a,90.9351,76.2762,72.5528,71.3432,72.9926,72.2306,cat
54ee09af1c548241134613577d656ab6,122.2166,151.4358,82.5612,30.0813,35.1911,30.689,cat
0dbff36c39168ff8892dfb1c29a40f5b,83.022,87.8087,55.6255,34.1783,34.968,34.2888,cat
a46ad3e2a2701940f1085839e9e0045b,163.0853,166.1782,169.7039,90.6343,88.708,85.3524,cat
1c464554028fa9ae8ac07363141e50e4,119.5879,117.5908,87.2565,48.0685,52.9482,48.1734,cat
670d666a194cf727dd7529ba30880923,154.1854,125.1538,99.787,67.2969,67.8027,75.8156,cat
b2aeaaacdc99699c9b0579d0d98b02ed,44.7079,38.9643,34.7169,62.132,56.5312,52.7809,cat
0ff8d0341dcf5638ef0370157e398b5c,110.8561,93.3418,79.3717,52.5325,59.6506,68.247,cat
a5773140deeade5d8f2f00d6849461bd,113.3349,111.9856,108.073,70.8437,70.5638,71.6138,cat
a659163df92f91b1cade6f8c04962e8b,157.5012,122.2735,100.9362,45.918,53.0527,62.0194,cat
40259fa24d9bceeae2e21120787603e8,150.0795,129.0053,119.6111,40.7682,45.249,51.0019,cat
87ff1ca65449360b438852c5c599ec5f,125.9111,79.2099,40.8863,87.5599,66.5393,44.4924,cat
586a9ba3c8d146f1c8e68b82178b7e50,192.921,70.8736,73.3346,50.8758,33.9815,30.5039,cat
cb9b9230a3e5096d5c2d1b099e774c8a,108.5376,100.6843,92.6242,51.7405,49.6483,49.1885,cat
a9a5300d6f338f62f835166b82f77b2a,195.5591,190.2779,185.4926,52.6459,49.692,45.7203,cat
4c0bba86d666d2fbfa92520e4a3e1819,199.1658,160.6637,144.0835,53.4653,64.1677,61.232,cat
26a81212282336ec13a3ea968da15bb2,99.7651,94.3059,92.1402,48.6883,53.1844,55.6798,cat
f0554cec406ce90b521554e462f2bf7e,99.1504,125.9782,167.7884,42.6659,30.9716,29.9119,cat
91b20804374c2d577709e9d2973c09e1,111.7216,92.7897,70.6778,64.1355,65.0099,63.5715,cat
37f4a80788f49b6a4aa353623268de38,104.5982,104.7147,106.6377,91.2707,90.8485,97.0423,cat
0e45c82240d40bf6c94a1e1a119b0dc0,129.1378,103.5931,64.1066,76.4965,69.4626,61.7073,cat
f0ab2c1805c22910898adefda804d238,188.0707,188.2078,187.5517,101.9754,101.9309,102.9525,cat
82dede5854c94acba617b73a06fc5c4a,137.144,125.9731,106.4445,58.3932,61.6023,63.9412,cat
781aea91a38f73c4c4ccdccec8cdd55a,109.7337,106.4552,91.9328,61.6093,57.8328,58.7943,cat
fa89ab6982fbddfb109aff4de523bc29,188.123,149.2558,122.805,56.0472,53.3467,55.3253,cat
f5bacf6355c0b5bf604f5250aa9f843b,128.6006,119.6079,110.8378,53.7418,54.2292,54.5272,cat
e2e21968f374e40b8bf8e1be9eeb0d69,117.5738,80.234,80.1743,65.294,67.0659,63.5191,cat
d89e0f2785e7bd8da440afb7fd1631c8,146.9431,104.5796,76.3472,52.6734,49.0986,47.6171,cat
ab944d225b62884251c2187ce9d3cacf,153.2468,126.5384,94.5942,35.5044,38.4156,45.8495,cat
1554c3f231a8c988707ff2bda7628b1c,125.4345,124.1217,123.448,70.9548,73.4436,70.7899,cat
4c3266b6d5025415a710d023d60ea75a,156.5961,152.2405,152.5534,51.2205,52.7246,49.4311,cat
51db5ced371fa5e2e69858bc275f252f,130.9677,124.4347,120.6376,60.5768,61.7359,60.7517,cat
0d14b35ee6a18bab95992b05ccebb684,153.6642,152.9324,152.7074,68.478,66.2762,65.8969,cat
19b5b1a07d5b8651f3872b2c977d6946,133.4611,145.7658,147.0511,73.6377,68.1662,71.5262,cat
84ecc34b294169ba63e5f807f3d97dc8,171.4322,109.7369,90.631,61.1609,82.6425,73.3774,cat
cd8c9d4d6ec2879d90d2d23f723cd465,120.5242,128.1533,131.803,69.3053,63.0688,61.3765,cat
fd5aaa19d97d158b7f4f33f2d684d711,138.3784,84.2063,45.854,59.3308,44.7661,28.6113,cat
cd16017ff487aa9d57864d02adc040c9,105.1188,97.3544,97.1539,46.7073,50.4106,56.1693,cat
6544cf9e4c9d2efa155471f2d649a1f8,132.6692,124.0527,121.0625,52.157,56.5049,58.2405,cat
024da3114a8097fb6c74ef139d6c51d2,160.0569,137.3624,91.188,66.8862,52.2164,64.2859,cat
2d337cadabfaf4bf0a0c81ef8522c962,175.2486,146.8286,124.4946,70.5586,78.3231,84.7079,cat
acfebab1346187cd3cbfe4bfcca53127,127.5891,115.4913,106.76,29.1939,33.4966,35.5439,cat
db9d02d9df11557772f1c6c360dd0e00,125.406,114.4838,108.7747,47.515,32.0242,32.4419,cat
8db3b809c6f0236482a7d9b31970fadb,76.0998,73.9977,65.1134,52.4942,53.5207,50.5514,cat
8c737d4f95f19dd5648b616bdfdf08fc,152.9943,152.2036,143.5306,61.5807,62.6407,61.3159,cat
597a0db86aaff44ee459392ce86b8c77,46.2821,88.7101,83.4193,62.7934,37.4759,31.6346,cat
85a5f243ced1d6cea1be401caecb8777,118.1874,121.2094,101.4507,62.5055,63.8128,64.6052,cat
ef4ad90b5115616fa0d07bddc4c0a9c0,110.6539,96.7962,88.137,66.668,71.1869,84.7434,cat
7ae866f1b1afbf6dc363bde7a2422985,138.6478,126.657,124.4081,29.8034,37.629,41.5386,cat
0e00c4d9ae051e61521c1b748d60e90c,144.127,143.1053,140.7406,82.4286,82.3192,79.3925,cat
8f14b43f0a6b714075e1a5a7978d2c66,94.2698,92.0859,87.5066,63.2252,65.9061,74.3372,cat
5e616dfe1e4528c561424565f4c41426,138.0082,136.109,123.6406,60.3451,59.8021,61.6808,cat
b48ec2b56f131ac9a7d5280acc1e41da,100.9674,49.6235,46.9536,69.8303,24.296,22.782,cat
3dc083ac5326e479d4253d65fe823dc6,154.6917,153.714,149.5647,24.4201,26.5671,30.89,cat
209594a95ed47b24dfd65d72fa9b1958,44.1501,41.4668,52.8316,56.7694,48.5746,44.567,cat
5f5eaf9d085edfd6cfbed781804dcc61,121.736,124.7564,119.1267,75.8481,76.7888,68.9067,cat
ea8215e24a8ba488a154a807da7f8a52,103.7049,64.9098,61.2148,42.9779,54.5302,53.6628,cat
b48f629ec1a0cd1c166622699a6ca154,104.5169,102.0595,83.2124,79.2349,78.8194,75.7678,cat
1f051d42415f95ef9bde2ce51e0217a3,72.5677,64.164,60.2009,31.1002,32.9982,37.8566,cat
c4a333687226a6a93ce4dd2dd7b3c497,87.1841,84.0942,75.4834,55.0417,52.2177,53.1698,cat
2660bab4a3ca9cb9f67dc339ffd71f2d,79.2264,58.6757,43.0035,61.5851,56.2441,40.785,cat
b45708c62b5c97ad5f4bd800f80b1aa2,71.3743,49.061,37.7711,50.8727,41.6089,39.0766,cat
7a270f93d40fc8c252cc9e17dd708ee7,175.42,108.5434,119.7088,56.49,62.7129,55.2263,cat
3676b8991fa9ba895a1aa05f675a32db,156.0231,154.5058,153.9893,68.9486,68.9849,66.9766,cat
086d8f0e0b0991222ec8ddf59256a5df,132.6654,105.2225,95.1169,63.5895,68.6842,67.2278,cat
b05c2202d17d96d8577f37eb41706ca8,165.083,174.9587,135.3657,71.2251,76.3709,69.521,cat
f6a7d934a1ff7232834d157fd7c0e4a4,105.6968,111.5841,99.3672,49.9284,51.0219,63.1104,cat
d8be15d01bf5170d4884758ef5608502,201.0246,176.9501,135.8425,37.3283,35.1671,37.3054,cat
7ff50b62251fbdd6dd641d5549171c20,140.196,140.7801,143.774,44.6648,50.9614,58.5594,cat
ef387e1cbb7eb9585f3cff875cd9fb19,100.9733,119.4533,108.0438,57.1146,52.243,63.6701,cat
83b9b5067b48bd0b1dca351f372b0b82,90.2492,78.7258,67.1367,63.4968,56.9931,50.6394,cat
175cea89a4720fe05bfa6d0fbac74a22,186.3668,142.0335,137.8621,37.8232,52.1961,57.5407,cat
2496c57be4f205d36a7dce2c79512441,82.0721,41.5468,12.3719,77.6008,44.2583,22.7469,cat
2906f8a08252b2879d926f6a38451b32,123.3379,105.7515,93.0951,52.0578,51.6756,54.3144,cat
e32a32daf2dd9c713e2ca0076e84dd6c,144.787,132.7247,135.3139,51.8537,63.1235,64.15,cat
e5691124255b36441d8a38025dd4cc9f,100.741,59.1209,43.8619,33.899,30.8537,22.3402,cat
cde14619dca579078b73e2588866c304,121.8427,100.7168,73.1294,44.6139,41.1256,44.7706,cat
9f4b4d4e1f9213ba27e8a57107729a55,92.6414,106.6675,90.6574,46.3262,45.6203,45.5069,cat
30d203ed3bf4a6650843009941e13c79,143.0526,142.1207,139.6882,95.9836,94.9387,94.9542,cat
fb8b3d41144ae2edfa07a6f990f884e7,65.831,55.457,55.5077,59.4416,59.088,64.3961,cat
e46e462ab508ff2591cf0a4a366c7659,118.0885,100.9688,52.1275,65.6907,56.3943,33.947,cat
251f1d9aec3a78895fa3216bdc5932bf,84.8512,108.4832,142.844,81.8244,58.1475,50.7779,cat
e827bcf02633e424ee9dd24576a5f5d7,101.2971,90.1387,93.2327,57.3024,59.5356,65.0896,cat
36db2ed9f3a360d4934663eccc4c3b6d,145.7411,121.0481,116.064,44.0904,51.3162,57.9859,cat
f12ca71f47622ea5a3e80388ca89b69f,100.1702,77.0162,59.6294,63.2648,49.2672,47.1458,cat
7cac0c907c1f28942851b3646bc42490,154.8391,144.9056,132.2124,68.1298,49.6003,55.8617,cat
de5a7bf7f4bff9cfb3b848f596d8bee1,146.5742,128.8548,103.6883,51.2937,50.8204,48.6558,cat
e63c1af84c67e9796021206bb88db016,94.9198,77.3207,33.7196,78.1946,66.9553,43.6493,cat
687d83f1586a2a37b11520cb2c86cb9c,57.1587,42.8711,38.2843,26.0842,26.8318,27.6686,cat
61ebc19c840e9046c6cddcfa3ac45fd7,112.2953,92.932,90.5625,57.3728,69.5191,68.5524,cat
00da3399b4551a83ab114480503721dc,67.7464,73.4998,54.1175,56.8578,48.2576,44.6524,cat
dc155c29b53aa90d676b9e1903c81c2b,145.2518,144.9723,139.7282,52.504,52.509,48.6058,cat
3e631a19153fe2effdeb315d3ae2c92f,136.1498,126.3999,129.2507,62.4258,64.4913,65.0887,cat
e0a3e64324c50050ff0f57d75cf3aaff,99.5609,97.5019,102.0679,55.0793,56.5488,55.3624,cat
b0ff3ec042626dee7603d7bfeae63b6a,78.151,62.4356,49.9267,61.1875,59.1763,59.4114,cat
3478609c2cd62bb27235b193f74f9409,136.9422,121.2116,113.8856,56.9141,66.5255,74.749,cat
367754be5db1031a581033ab8e043801,82.2262,62.4205,61.1676,57.7102,65.8614,66.6496,cat
acac689c9f4e82e0fcf2994c6d64f34f,143.9482,137.8824,129.7137,74.2674,73.8306,77.0047,cat
61613894377db01aea740f3a8ea33537,98.9465,82.3211,67.8481,84.6189,87.8239,74.8358,cat
9f777d5b62a5dd22604775c923d2e312,118.5427,106.9774,79.7989,58.2641,57.0168,52.0469,cat
bd2c523ae319ae524699d878bcb8d80b,130.5272,97.0083,63.2115,83.4186,69.3264,48.464,cat
a536116a033775e98ad5557ae5ac9d84,132.3084,126.5048,124.9331,30.7753,30.1784,32.5595,cat
1febd6fbe547d6ff93c8fb5c909f230c,110.7347,96.4483,82.9234,45.5428,44.6458,46.8156,cat
172f854763f3c2a65f689689920b290d,102.9551,116.6989,119.9161,48.9527,53.5039,56.2473,cat
f58d597198fbd7b21bbc79f861f97d40,69.5396,59.6474,46.3306,90.2429,78.991,65.0434,cat
1175fbc926e97b9ce210ddac4b75c050,123.4807,119.8822,106.6529,66.4467,66.981,70.1455,cat
72ed4ae166836db5b5339ffa40610a79,68.345,85.5008,59.4882,57.4272,51.9068,64.3216,cat
e6b8b3f94b4487230000f47850d79aeb,64.4524,81.7506,127.0807,52.8339,50.2534,56.9183,cat
85b5a2e9f8f0166285e592b2d66d2df4,133.2365,127.1842,124.3701,50.8657,49.7387,46.9877,cat
e2510b3d6a4bb6440ff9e566c8d0599f,108.4755,112.6119,104.5154,71.4578,61.9596,64.2942,cat
602ead132beca206b2430944d2f74c51,108.5015,80.4572,62.7793,54.2745,47.3316,41.0573,cat
c920a51062b98ed3d163d50f876f967a,47.904,65.7769,89.0315,48.1722,42.3823,36.9749,cat
ea8c01e75320d67c2866341e6c30f43a,119.9642,77.2712,65.4781,37.9391,53.6981,63.8285,cat
566cb5606cf24255248ffd4c411018a0,59.2633,73.9623,141.5084,58.8949,53.0128,36.9977,cat
9cbef4ba92bad156141d5c51367a396a,166.2322,162.6358,160.0892,57.7207,54.4454,58.7946,cat
75aeeb6fc254877b13b0d5304f5579c5,113.2683,112.6508,103.0505,65.1881,71.3309,81.0931,cat
9f55e660f1d4e41112fbeec21c071c71,169.3611,164.0627,151.0727,48.7783,46.9673,46.5485,cat
82a478569b60199b10493f0fbcb84b56,110.228,98.2246,87.2136,57.7256,61.6992,64.7389,cat
b8f7b7fe68e161ff1cb5bb49da5d31fb,61.4789,35.5959,36.1925,73.5207,50.3247,49.9038,cat
d9b4d8803fca3715d8bca252b9e586ee,170.6558,132.861,99.096,64.0225,47.4533,32.0402,cat
3d7791dc46fd6aebf8b02b2f8017bb42,85.0124,106.3362,60.8036,28.1369,28.8066,30.4679,cat
69f7cb9d505cbbf1d6ecc7927d70aa0b,162.5049,111.3122,113.5806,80.9869,72.2649,72.1891,cat
fa28d5913f8b2ab602d45e0643056b75,186.1507,133.068,91.1002,50.1163,64.0875,63.9741,cat
883be2aeb154fa168246ee0f0eedb6d6,81.1779,79.9647,87.9652,61.4335,61.3184,57.1672,cat
e2359186827fc62ccf58960eff9ac56f,143.1169,128.6561,121.8088,61.7041,59.8961,60.863,cat
e57b8573b1ebcc83005fa3f06128056e,157.8665,151.7295,157.7198,28.9015,28.0632,29.9552,cat
27392199dabff2f8e442aa091ff77bec,144.5651,130.6368,94.5206,65.1432,64.4157,63.8916,cat
e9ca2b482269191fa792fecfd26b94f9,106.115,103.702,103.5245,35.1615,33.4657,32.7945,cat
30bd7d9cdf302b1ce7f57b2e917b6a3d,145.7468,117.8191,86.6796,56.0845,58.0624,63.3018,cat
9aabe69971db0839a5792033e8812718,144.7581,105.0777,80.0169,41.6983,52.4027,54.6422,cat
8f1f5ea58fb82b1ed734c26c4e946905,96.8366,96.3204,94.9984,59.5956,59.97,61.05,cat
875f7cdef9827f7fab7b53359aa619fe,91.1757,68.6127,56.0462,64.6835,58.3297,53.4182,cat
94bfe9a3d97e23d16c9e21ea49257b9e,138.2273,118.885,104.0355,48.4579,46.8332,44.7973,cat
da1feb38323f3ad24ae3ce1772b02608,99.8287,95.2777,92.3972,72.3647,73.8155,73.7386,cat
2cdfbf853c2c702bb166287e26f5d248,65.7278,47.5565,31.8623,50.1458,34.8839,24.3975,cat
afefa183a905403099a0f38130fa60dd,49.6258,49.1983,31.1201,43.656,37.6563,39.2175,cat
7794fe6ed516ae0520d5db361a3a3363,203.0759,200.5479,200.4817,28.9316,31.9287,36.719,cat
608875f4dddb24a8bb2e247c56e62ae2,118.6276,120.0361,94.4499,64.5713,56.2855,64.5002,cat
6c1f1224f22f76dc8701557cf5e96ee1,87.6155,87.4769,88.4497,86.6276,84.937,83.9287,cat
f9a5583076199923b65def08770e359e,102.2665,109.8919,65.5227,73.2859,65.4793,55.4423,cat
c64ef534e3be852b3ee94f5f0fd3d9f4,111.8243,86.8218,62.6305,73.3855,46.0034,22.9903,cat
1ad2085f507b50e5f5d067e6bcf0463a,90.2584,84.6849,63.4697,54.0557,33.6237,26.3052,cat
4a4b57916ffcdb26327e69b9e8a77d3f,137.1145,112.8911,102.2128,92.5295,89.2344,84.2804,cat
46e2390a548fefcc98c81db5a045a19c,146.596,126.4036,97.3214,46.3405,51.5882,53.6911,cat
3cc8b9ce990cfa6dd5c1b2c046693243,153.6805,142.9363,132.1487,36.7314,38.9807,39.9885,cat
5a8a7c00abeb3562940b1b2f796fe71c,138.8975,122.8775,96.5818,64.3592,61.3563,58.1426,cat
ec8081d7b71298c7f602469fe585646e,128.9207,119.6361,111.2834,55.1215,57.211,58.1525,cat
8d3566e680870af486bb727433c47a0d,138.9773,123.715,107.9203,70.9796,62.4705,63.3232,cat
c884642b53b06278458a3342d8c3ebdb,164.4396,150.4469,136.2525,49.5144,52.7497,56.2317,cat
2330358e4c96138bcf2cab0851ab35b4,57.5612,48.6034,49.6506,25.1482,22.4685,27.2984,cat
b734903fe0ff9cdfe86536a351ee4079,145.176,133.4581,121.0406,51.8723,57.9158,64.3062,cat
cbaba4714303002867ba4da45a64ab10,132.7443,108.6634,90.9562,46.5456,48.5504,52.6563,cat
c223075401381077cad4ee570a708188,71.9819,50.4715,36.5432,58.7233,59.6197,50.249,cat
8fe8f8619ae7267ecb5e842ab209e536,141.5695,87.1174,56.6224,32.7746,25.8661,24.3527,cat
bdb83a89547890aae7f4d789b8b4a0cd,166.3147,135.2604,120.9882,52.6752,59.558,66.1694,cat
e29ebaea1270b180ae334ca5e88a5d67,195.7216,125.7241,98.4729,58.5703,81.1237,76.4057,cat
6acf8baa4d77c882363a8e4ca52ed578,52.9478,100.6162,95.7424,73.9507,48.9815,41.8478,cat
46e13a820a19ceb1fa2c5d314e7a7b23,114.696,106.5084,99.1412,90.1491,88.8547,88.8048,cat
ccff064eb514be484b6478b85e45870f,86.5352,88.2953,87.553,77.863,81.1253,77.8214,cat
ff7c6fc65b238bc3f1e7c8f9dea19810,94.2778,60.9623,45.3118,49.6425,42.8903,42.4618,cat
100a66eea3e58933382efa23d84b4146,104.1109,101.513,106.6524,65.5951,66.2006,62.9883,cat
9c654b4022605ea0ccb8ef6c83423188,117.4014,123.8209,126.1234,61.9446,77.053,80.8759,cat
eac24972256c5dc338137bea2b69f4ed,82.1377,73.2397,58.0834,37.7102,37.8709,36.9091,cat
4274af778963e8683f8e384a29e2535a,151.2028,146.3603,151.8922,59.0367,57.4484,46.5366,cat
09ffffbbfd52fdc21e094e8fb1e24220,87.9231,83.4432,81.8583,70.7819,68.0045,65.172,cat
b085ea2b72924b60efa4fe56f93e4048,136.841,120.7877,102.6444,65.296,61.6289,56.5201,cat
199ebd12d218c5023de1781bc2aff1a2,154.4765,151.9155,154.8677,63.1211,67.9122,63.7299,cat
6eedee0365dc4e05351bb2618b1fa085,131.2097,133.8544,128.0283,59.2632,58.4069,63.0487,cat
b62f4c17cd069eec56cfa16d8b15f97a,126.1969,103.4345,87.5292,41.2214,41.3773,42.8108,cat
a0278c9143c619084da86689cb3139f1,186.7048,186.3967,187.6221,72.0246,74.6513,75.7916,cat
a16d3ba569fdfc45c678f4438499a5d5,114.6392,120.5088,115.248,68.506,71.7863,76.0162,cat
223119fac3a5ee8551078fa791760b02,133.4502,127.1931,118.8081,76.1332,75.5649,78.1851,cat
54796b416191ba664d02bc65bfcea4a7,177.1739,165.0394,156.1712,54.8985,60.7695,63.0223,cat
4243cc331f7f2521c72c66bcb5cc7c69,114.3761,74.5846,32.365,45.3901,34.0612,28.6985,cat
96433067e9cf6dda89e58c1a822659d5,177.206,165.8939,125.5158,53.5485,58.306,62.4348,cat
992ff2936eb77b635bb3bdca1c7af266,159.2015,141.3809,123.2541,69.7059,75.6966,91.151,cat
04a245bb11c325da8bc3ee5777a6e9ab,167.6476,130.258,89.986,32.1452,33.1503,31.3525,cat
2f612c33a6110a9cfff4f72547c052d8,132.9362,126.5015,121.1187,49.6541,52.5938,50.7858,cat
23112ed7d644e429f25026229a4880dd,107.4065,102.5489,95.9812,43.0538,46.8216,51.1993,cat
c25fc9ec4c1af3ce5a974c7179ac9aec,125.6234,123.6331,122.1408,66.1855,67.0914,67.9761,cat
80a7076a237e41e11b5ca937037c9277,201.4286,97.9225,69.3481,65.611,27.9087,32.9238,cat
6921ce399076cd92c6d4475134d7a25e,201.9019,147.9667,121.7764,50.6554,74.2747,80.7049,cat
a752f544647255db746d6560f74a4a67,225.5385,222.1843,223.4671,48.4751,52.7007,49.248,cat
51ab2be9f30148cff118d399a4cf16e1,215.1435,208.5127,197.3419,61.5837,68.6846,83.2003,cat
1b75f5ddeaec6ed36dad913ec3b76eb8,124.2092,101.8808,91.8465,103.9338,91.8389,82.4846,cat
81a017a172fed30f1255e235e3f3ea06,117.8983,116.7904,110.9961,59.6748,62.0023,68.7653,cat
a76170acebff68d4819654f517f90b24,102.565,89.3912,85.9831,36.5341,40.9407,50.5047,cat
d98a4697184c7ffbd4c80603e6a8315f,136.1016,106.0481,83.4534,88.7656,74.0136,58.853,cat
f96ad63f3d390fe212d18f1f92855406,105.547,89.5042,67.7516,52.2369,48.3933,44.5595,cat
2c768ea374284c83c6cde50cef32fe22,103.8973,74.3028,45.7598,63.813,54.8481,45.1307,cat
f9e7d0a2ec1fb4e299d6f0a7b92e3bb2,68.3181,57.1127,48.8359,48.6941,44.0155,38.6133,cat
e4f8ff6b9cba25d5d53d1ce06c47e5ee,192.5447,180.9732,169.3975,75.3041,86.6282,98.0237,cat
26bed750936895167ba5565e9583bb9e,126.1023,101.2161,77.0916,47.9754,42.1732,37.4391,cat
a2e0db092702c668eda4cf9af174a937,91.5508,55.3051,41.5196,64.2546,59.6986,57.4877,cat
04cd10ecde47688202e5b5993dc19e6e,127.9029,137.9821,146.1447,63.7139,71.3388,79.6753,cat
19d1d2f6db8b2bc0c76bfdfbebecbf52,48.7905,33.3393,19.8757,48.4466,34.7272,21.5621,cat
a90b02cfb1d3c2d48643dba650a5760f,112.5405,102.2657,88.1056,63.2493,61.3169,63.1667,cat
7868e1d18042e9b975627e32461649ef,126.9954,123.3043,131.8848,80.1018,80.6347,82.0049,cat
6dff9e07a3ea61516eb8b4c579c58bd8,135.3401,88.6721,66.4804,34.3507,31.3782,30.0501,cat
6495973a099840b52141f98b90aa7a28,103.3359,99.5372,102.6184,65.8587,58.3284,55.4383,cat
c01c2a1ad23e88402716798d52f9ed81,148.6671,155.975,145.5493,99.768,97.2947,98.9775,cat
1102bc717f827898ab914b376326627d,97.9675,81.2404,72.3449,40.8865,40.146,43.0302,cat
9b6e1fe54b05b778f67920e8d2ad3be9,155.9123,129.4298,116.4211,84.0844,91.8031,95.926,cat
0641459758300abce2c10a2b0a799881,104.0818,102.1713,99.3164,86.0144,87.1439,86.0156,cat
14ea47be42932f68245d1ebd3aa7f873,145.1346,132.8863,135.074,72.6624,69.7203,72.3131,cat
853e12dacdb058db954deaab2ad57b34,28.0517,17.6322,12.9972,31.1527,23.1895,20.5948,cat
7c32849e16505e1c162155e67ebff1ce,149.8173,149.4777,148.9218,50.0824,52.1215,53.426,cat
997b5afa38274206aeadde21ab7764ac,176.9066,177.474,176.3173,78.9266,79.1422,74.9204,cat
40849074c35a4ca6956a61b642b9b8c9,170.0131,156.3867,136.6758,43.6237,47.2141,52.2746,cat
13420176483e70e0bc34097e0794f2c8,149.606,138.2806,139.8158,47.3426,52.4669,54.1157,cat
1a846fd13893e62d5f7bca0dd622456b,172.9134,108.856,122.6902,39.8658,57.2587,53.8106,cat
e12829a73bc02c78006c4b89bbc67c91,129.174,100.0186,70.5776,44.8994,40.631,36.3209,cat
d15475cc84b2d720111dcd4f66b58141,136.1326,125.9234,124.9955,53.285,60.9491,62.5266,cat
2cc9c30e75140eefed0d1bd1148c9500,102.2744,106.5449,104.6061,62.7472,62.6734,61.8663,cat
859a9e364fc4a8583e4dc97861828788,105.0118,102.2691,101.8095,42.9831,47.3634,51.6494,cat
1fcf2ec71f96e4b064baf2fc7db09137,145.0159,152.4066,126.0631,59.9438,63.0905,61.5653,cat
b0635cdfbeb7a9d6ebaeace280cd6b05,104.7931,104.5673,96.9769,68.3219,67.4718,73.3754,cat
245fa8ceaa84695ef108db85f324a9c4,163.0364,153.698,142.4011,62.9513,63.4233,70.4674,cat
84aadcde2855f6dd4bae19a184df699f,142.1069,126.8383,120.1439,79.7062,77.2322,79.1024,cat
d8a6be7bca8e5b6d7ec3180a9dca50e8,76.5889,69.3162,63.1871,53.6911,53.5427,56.0122,cat
485b6d63d0c876a594bae531a896400e,170.4826,144.8768,102.0949,65.2274,68.4941,74.0916,cat
bdf6ef5f6ca68d70d4e7046977d9e94f,59.0467,56.2382,55.8806,77.6352,75.6496,74.4556,cat
6ed42b5aa17c9c0676cbf2b7c8457a69,99.6987,104.9056,105.7254,68.7197,71.0746,71.112,cat
8074c999d2ff277d067ec60e58b21aff,100.5633,116.3542,127.4081,46.9228,61.0068,89.5669,cat
d671f9c3cc1503c2666e47bf2e4953b4,93.9042,84.6027,84.7785,61.9276,62.7565,52.8446,cat
409d61577593ba4cb3c79e4d9c3af5c2,58.4223,39.8822,39.7563,58.271,63.0421,59.9882,cat
35b38da2db0e0da76225e88d2c66ee7b,124.9368,102.2932,92.1019,67.7321,64.0255,63.5998,cat
a0a6bc839495d03cb9dfafcbd8368d9e,128.6824,109.9144,96.75,54.2667,51.0671,51.057,cat
eb5a59edc745372ea7f7b493d3094fa1,25.1557,26.4366,28.4606,21.3933,20.5245,19.7299,cat
17d796dab722b22344c901f0bb5c9ab5,94.23,102.077,103.2125,76.1626,79.9558,79.1871,cat
dfaa294e930828e471db757df0e51228,80.3172,70.2881,57.2271,53.796,43.3102,36.9,cat
f46c511c5afb70d5ecd87e78bca7687e,130.336,157.4948,150.9879,75.1579,77.5548,67.7512,cat
460ad57550ba37d2e4b2978df09f098d,141.7915,132.7717,120.1052,55.166,58.3657,64.0194,cat
3ff2578a8e7555f5410d738b30b20fd6,42.5062,47.6526,46.5485,48.2401,53.0086,49.7192,cat
a5faadb59990a28cb1adb96543dc3141,169.1081,128.8671,84.3672,61.1747,57.5021,53.6272,cat
a654871d30067fa407aee9307886a4c7,111.858,106.8153,87.8617,58.3875,65.0536,66.9752,cat
241d18d49640d482e00118a439920ebb,130.958,128.6434,101.3323,61.3352,55.2105,61.0085,cat
5e5e9d1f5a3a813da7448381e9aaa922,102.1775,90.0877,83.8141,76.5956,69.8748,67.6311,cat
b6a0fe52547f1f18a2c638722fd743fe,124.9209,100.4483,83.1075,62.0183,69.5764,69.4449,cat
d423d3dde474e554458d1d299ee40187,135.1334,120.741,99.4017,62.4375,58.975,53.0118,cat
bae80f80ca3b740e06421fadbd5ebf61,104.4546,82.0794,51.9467,64.9543,64.3447,64.7169,cat
08d134353f80045ee5544e30df908a76,127.4771,129.6491,150.0661,58.7462,48.3339,42.9739,cat
8d529796b76712b87503dc0a6284040e,152.9686,161.0375,142.9972,63.5532,51.6527,73.6504,cat
9faf0d03e5ae3cfcc1fb57061cc505d1,108.4953,83.6976,61.2908,66.5239,59.696,53.2923,cat
03099b132376c8d5f5eaa2e8a6e818ee,192.1081,138.9259,81.06,39.6625,38.9494,37.6349,cat
6844578f4b7a12092a1d174f32a5b2c6,121.299,107.0326,97.0215,47.9751,50.8076,59.0636,cat
7638907b2cd3913516b5a0ebe3f64d42,150.9562,132.477,130.374,52.119,67.2833,77.5293,cat
6ee79c4da0c625a8b4bd3da1d0218bbd,119.4181,94.4939,66.558,47.593,43.5497,37.8956,cat
eb6baf451146b0d0f7065680599e9734,164.1543,157.2469,154.0556,50.5449,53.88,54.9474,cat
5f2f31502808dfbf87816105a893828b,127.5637,115.8932,65.314,77.3091,70.0156,64.7449,cat
9bdee088c7d069e714d7a8a015ee7f28,160.1485,130.8422,112.9691,45.0699,39.3504,38.8536,cat
9a780dc8393f837f43a0e0341aa35e51,107.9306,104.6615,83.826,69.0923,61.5363,61.1486,cat
0f954d842eeb09c1042f988697ba09e4,120.1648,92.0108,82.5939,56.3248,57.0408,59.441,cat
e243202246ef0718a03f818239c87546,157.2544,138.0249,116.9236,63.3887,55.887,55.3248,cat
4b6386180dc047478d9e82d72be00cb1,116.9077,96.2625,71.4779,50.1661,50.8205,55.1995,cat
63ca6666da642e731a0f257b91bcd0a3,114.4235,125.8678,124.8328,65.0816,72.9505,82.6237,cat
6c8109f89dbaacc48dd33a0810503c0f,149.9428,144.1247,144.4114,63.2333,66.1065,64.9712,cat
4bfb5a974c67e738b84df4fdda172902,177.7881,159.3692,167.4618,42.9219,47.9471,53.8954,cat
51e7850aece0088825e81e5d72f7de6d,121.4594,105.1897,98.5518,56.5941,64.6011,72.4886,cat
b0bb595bdddc5b08caeff35b7ba6d960,68.586,62.6769,42.0128,43.0704,49.3825,56.1831,cat
db3e297c7a8979bd7bda0686e12b06d8,134.9942,114.6522,87.6584,45.0088,45.2309,45.7494,cat
40908c08264a2c87f1713d861f048d8d,84.1182,83.3587,78.4682,67.8097,68.0102,69.8368,cat
e925f390cd47cbccd78a5f93a2d0bab6,153.8875,142.6305,130.911,44.2849,44.8868,46.8496,cat
38d5d59c97961a283d086d9e58af637a,217.7654,213.2102,207.3337,43.4292,50.8126,57.6397,cat
c839b3415f9e4f4df62631ed6f67381d,235.826,232.9708,232.4171,34.8161,40.1339,41.3672,cat
6a29f91ce5fbe6e498f11a4d86714204,113.7499,109.2367,105.0305,64.4281,68.2214,74.2963,cat
1ee3ba142a51a6301ce33cadb21dbd1c,162.7982,163.7849,161.6421,72.7277,72.1361,74.223,cat
fb96ab3a10122d3db2e6cbc45b78b6f7,131.3385,93.0303,97.4968,48.4559,55.9125,55.704,cat
98ea8e3637ca7c764a4022323bfadfba,78.7878,81.869,89.897,57.964,62.2298,65.8106,cat
f906e2e56213dc067cefdb2c6ef1cf4e,90.688,83.5611,83.126,55.8387,55.1968,56.8607,cat
41303d1f10f2ab34a24182e013e15f42,167.2833,141.7083,158.3271,52.9184,48.0382,51.1495,cat
71c731dcddaa82be6ee69c1d69084bd3,210.8522,206.6333,205.4563,73.6413,79.6493,80.6649,cat
875039998040450ae8a64b9dc0ec7883,131.912,111.3541,101.6572,51.1439,69.0335,61.0085,cat
ab3c98fcadaa4cbb0acd135e8de6be63,152.313,145.7945,141.466,68.7837,74.3776,78.5837,cat
af14ce33a839b9c8e8ebf0ecf974d904,133.7849,113.3494,105.7704,41.5222,47.9729,51.75,cat
b97c70dc5a5c36adfed5dfc61597450c,137.8662,124.887,122.0941,41.6554,43.5895,48.7299,cat
71768b2faf533dd593c96938af38da9c,142.6305,141.8531,129.5354,52.327,52.1889,42.1845,cat
12c6e747bfd8a9769a44846e36e8d1ae,114.3792,108.1307,105.9643,48.9379,52.1634,51.6915,cat
a21f51297a8dd2c95788b3f411dfd813,118.2539,109.4011,101.8496,62.9048,58.7936,55.7887,cat
ace79bd00a562c5af3511133b12d5b25,103.4016,83.2747,74.4159,79.8779,65.9102,62.4028,cat
3ea16fba5f08204561fa346e17c3d44f,176.699,157.3339,144.3337,54.7333,68.5706,73.8173,cat
e3dca1107f6383eafcc2944f66b4c696,80.6449,77.3714,85.1689,74.1299,70.3876,80.6692,cat
addc1e7ba53c063cf78a05c28767886c,134.3668,121.0706,101.6865,60.5793,68.3585,78.6143,cat
42fc7419ee5ecbdcc0c5178c7541f2d3,88.3238,99.7157,97.349,58.5533,64.696,67.9623,cat
7fa8a4b5d946716bf23f0a7969cbff99,158.472,152.9962,146.4845,72.2975,76.9634,82.1276,cat
5721e6b7d535772bdbae812aba67f641,59.9634,61.6153,71.3999,48.5518,52.3198,59.6404,cat
cc8b41a36c63a12812c5ee246b14338c,117.7013,108.6895,95.5408,51.4327,50.9145,50.1413,cat
5e9715762c6bf58a8b0a70a2d423b71b,98.0633,89.2501,82.0106,93.249,88.7825,83.8256,cat
0d3303cc90007f0e0f3b46ebd6bbede4,116.9358,118.2221,89.6685,51.7841,54.8462,51.148,cat
25e1e091c8bb4d6691916ac0484f3019,84.7899,101.3476,133.6871,62.6559,48.0111,55.4277,cat
be8b7d2ecde3b540f7c0e73192ded0b8,135.6336,78.1929,37.5445,78.611,63.6676,49.1969,cat
11787de9ee6eaaf43ddd9663d4194f3c,200.5591,151.2414,85.24,46.3428,45.8761,58.2761,cat
da94e679da8f93dfb6638b55104c8bb2,181.9212,181.9965,183.0745,57.2274,54.4512,54.7283,cat
1deeac08e9ea06caeeb0e2a2be3e7d45,108.1857,70.0068,36.3459,63.1233,49.153,38.7256,cat
4ef62f9d6a2e2975e43e3eda56fdbfe3,131.5542,116.2135,99.1711,46.3954,50.0012,53.3683,cat
0d358cf2b04fa54d00f4f89a7263a35c,127.0624,120.4181,115.462,42.1326,42.7371,44.5471,cat
186e35a9d1af1bc68049d9ad64438f23,98.8342,78.3628,74.7128,49.8178,45.4759,49.5622,cat
2a6d5e470229a9d9c5d6b85e4a0c822c,93.9129,96.959,98.5339,65.5448,64.6383,61.8032,cat
b9ae034ada377eff2b0cab8f02869835,170.0647,130.8943,77.0494,50.697,48.3392,43.9181,cat
cd16d2d6868a7dd7f75a86e9fb9814e8,149.0343,139.3526,138.0397,86.1316,84.0799,81.8225,cat
c02809d9318f10bc89168c322cb16cc4,106.8819,114.209,102.4852,34.2104,33.8822,32.1058,cat
48083dfcdd960d14f555dc907d22db78,111.7943,137.4721,72.2677,40.0852,50.6899,29.8044,cat
daf74a3409f1ea30f8c503aeded9fd2c,26.6144,18.2122,11.6167,26.5521,17.0758,11.6329,cat
c2a4bef6aa3455829c96186b3ce37789,177.5919,98.3844,97.3075,75.1772,43.9418,43.7731,cat
09c130a94417e66b5730faf0e211b24c,78.6007,79.4466,75.8827,66.638,65.4863,65.0436,cat
cc97bf65ddee6186a554ce5ac46f02c2,41.3044,38.6819,32.2222,60.7313,56.7808,43.7233,cat
3c166874258aba74e8067d66e1b3ef35,94.3659,89.4347,84.0001,84.8597,81.9115,78.5017,cat
efe39b9af2d5312ea770a66b7fe8dfc0,153.5441,107.4902,80.8572,60.6895,61.6069,54.987,cat
d201d1955f4b38d1ebd6baa9bd43904e,135.6097,122.7819,127.3148,42.0536,49.705,52.0892,cat
3eb026499896e4082028a9bff233c213,143.4554,101.5395,100.8702,46.7205,60.7666,45.101,cat
ad8e06e97537afe1fe8c0517413e5c04,171.901,148.2463,113.2113,61.6762,64.1234,61.8999,cat
059e3a122a8d4288f2120fd5730de7b3,81.7447,82.4959,84.3441,34.0013,30.1886,27.9953,cat
721da5c3db6b58310ad357bdd3734c1e,113.0127,83.516,81.9028,46.9535,57.7353,57.279,cat
92c0cc14fab26743817aedf6798a2957,131.1348,121.7472,110.1123,56.0066,58.1391,61.8201,cat
9994916d3814651b21aaa182eb0640d9,122.183,115.9309,112.9634,64.7292,61.5561,56.7979,cat
8fb69107c943a0c58cb80666d9660bfd,102.7696,94.4764,89.1125,74.7157,73.5221,71.5012,cat
743c0c215882ffe748d0efd0aa125399,136.9185,134.8894,137.6304,62.2989,66.3461,69.954,cat
54f033025c1264b20468ebb4e8a229b6,100.0059,95.9577,95.9911,77.7721,76.5188,74.7423,cat
0e5e7cb5c3f0d004fd1a91d2f648f398,111.464,114.3091,114.9932,71.7131,71.9824,77.9322,cat
e898ac98058716e6ecb1442856b69a36,47.3771,45.1263,50.1191,49.8477,48.9834,54.9966,cat
d29d9d592f1e880d7960122e9fca9f78,154.2298,138.6414,128.5578,76.6728,77.4377,76.6228,cat
07936c30fe4303405050af4fe981a8d4,87.1424,62.6901,56.4485,82.2383,76.6457,70.0038,cat
6a69b350967a7ac6ea855f710e047e5b,139.5448,135.7855,129.6613,50.4805,53.5003,53.3396,cat
18147c37878ee1aad3302fe70c8f417b,98.018,76.9235,71.8269,57.6798,63.1542,58.9361,cat
afd6e9d36602879d7be5e178a072e1c7,133.7068,128.2465,114.0705,74.7549,74.6286,71.7472,cat
77a388a782ebdd40de6f2ea080baf42c,116.1331,107.3196,103.4899,59.08,57.6317,63.1676,cat
92ac8ed9bab5fe07e4962fce7fdf9a06,119.42,108.5349,73.5495,80.0458,55.7637,52.3424,cat
954f038bbc833da127f842ab91e0dfda,135.6885,108.0053,73.07,69.8437,65.1869,53.4799,cat
8ad859a0ba22d4e64463e6213f6f7508,187.8008,182.6803,180.4604,59.0272,67.6974,72.6325,cat
5599aaf6b2250f775b7c792742791056,125.2082,134.0225,95.2609,77.0301,79.5682,85.3566,cat
b7e53cc83100e93b4781354a2f93a3fc,111.5714,78.387,60.819,85.9011,61.8315,49.3437,cat
5377bda60666a0670787f2a159bf1a73,101.4921,99.0716,91.5976,68.687,68.9384,69.3006,cat
43c0b98f50abdb2d61f94a9d21bda19a,53.3873,51.2209,53.7603,46.7283,47.0666,48.1449,cat
6fbebffb83eab5532fca588c5d6ebdb5,126.9256,90.7605,69.4226,57.8703,34.725,31.8917,cat
ce394a33ff032bc7b7402a96f5ba7918,109.8612,84.7005,64.6292,50.1913,43.5353,37.558,cat
6ebca10ae32d0729f1fc13d0b59550d4,116.7061,70.6332,33.9903,32.9248,31.143,32.2571,cat
ad1c1b4a72b28ae0fd077c99386b9ac4,82.1405,63.9742,59.231,46.8463,50.7792,54.2606,cat
4df87dc1e4bb76c6d80fb9a8a89f6ec7,163.092,162.6355,158.8989,29.891,35.5763,40.9598,cat
cea5b3384e93f0401de3c9d69a188a0c,56.5887,39.7284,31.9204,66.872,52.2326,47.5874,cat
31fc72a5188f1d64511821e312d5c924,134.9941,125.4413,113.7969,41.1975,44.3824,50.8638,cat
568a112df4456e1c05f5d3d3dc46a386,112.4728,110.8408,101.0406,70.2494,66.5443,76.8071,cat
964cdb0243ecf9903ae872d286a76038,99.5591,78.7099,69.4248,77.3221,63.401,58.086,cat
5d04c458fc71e29fac35c24b17f822b8,140.0332,138.204,134.5041,33.6936,35.5334,41.6485,cat
059bb04eccd6927b020065ea15712113,91.8976,28.9877,47.3677,43.0804,53.4147,48.1957,cat
5a753f76ab7aa204f4658d46f9fe8c75,72.2305,89.3204,87.2584,57.5222,73.2197,80.3619,cat
0bdaa232c221567dd0bcca9c436002e5,56.7036,91.5689,153.2501,52.2163,35.0594,37.9057,cat
269644e37be8edc07bc9ca438fd0e8fd,129.9784,108.1991,100.9957,58.9704,58.0531,59.8669,cat
ba5e2cbcda7c201301d9c293e56a6a01,194.8911,198.9151,202.4792,56.7834,59.2729,62.0827,cat
3d5ae88074408e46cab242f580610594,46.0495,39.2282,31.6997,35.2187,33.3478,33.5524,cat
6c58f4f5b6b64df3bb16a861a1e4d3ae,76.4933,88.3992,80.0709,65.8661,62.1671,70.4008,cat
142579510f73d403f15b8a80752a23b6,97.1942,86.923,72.2407,79.031,78.5539,78.3083,cat
6abc3f0c44ec63742ce5b3c3a1fee974,141.906,141.7788,121.0305,72.5056,79.6759,79.568,cat
b20d3a3e80c1ed2e39974cb242de0544,121.071,106.4224,83.3846,55.4686,52.1672,49.8206,cat
67d9066db72d7cc9ff360c3988b7fb53,142.965,126.1789,112.7128,57.1749,64.203,67.9471,cat
d80889340c494618521d558badc2ff0e,129.121,121.4566,109.0647,76.5339,72.7489,67.8115,cat
0028679279f3ce9063e86788d6e0f253,190.8492,189.3423,189.2576,77.6137,79.8719,80.6066,cat
5b1af9335c18b72af3f29c3a32653531,159.7019,125.1767,95.104,51.7509,54.7902,59.164,cat
cf2cdc5791ef3d01eeb2774e1f1924fe,144.7957,123.1295,100.2627,57.3765,56.6091,52.6561,cat
2423bda652bd4a950b64fec223fb1c43,118.52,113.4888,108.8549,50.1522,52.5894,56.3299,cat
746ba65376dcbded75034665c8cefa05,142.7807,140.0104,128.1221,82.6604,85.0705,86.2038,cat
7e633cd272847c75f66d32f1e06ab9ad,108.1773,73.8695,56.8883,59.7565,50.1708,46.8945,cat
cf0f53384574a17a4079240660424e02,97.8567,97.7064,92.2256,65.9663,66.8625,70.0498,cat
b7c692ed3931a8767843beb57e8fa5a9,156.4845,137.0776,104.7125,46.0017,49.6246,52.0525,cat
ba19551af7c698592ff4d779e1e0cef2,149.9784,138.5536,127.2411,68.2995,73.3665,71.3352,cat
1613e0a3299aa0b38c5f2f51554bad42,147.6849,137.9527,124.3577,61.8568,58.5167,56.3873,cat
74332ba6881f73f68c00c25a1e8562f2,85.3232,91.4632,128.1063,43.6058,40.8151,43.1872,cat
08c15f0814485540d35198943202d5c4,134.3062,117.2753,100.4807,62.9236,67.1485,73.1481,cat
945f99a0ff1bcfe1efbf857c7409a239,127.8832,121.0045,121.5272,34.1113,37.6239,45.3758,cat
dd091c292ab9455f149d7003b4f12683,159.739,143.4888,133.993,73.0297,69.7226,68.4205,cat
7e44dee670057dd25e2ce87f2e19c7fc,59.4785,68.144,84.7853,54.5758,52.6206,54.9414,cat
bbf7cd2bbf58baff2528f4503a3b150a,124.252,122.5487,113.5057,43.2578,44.4469,54.5365,cat
efe8ca0764fafcd5a993dfaa34fb60b2,122.7696,93.8104,66.8631,101.271,76.6743,53.416,cat
528ec31114bd2aa84e2d4bab6e76c534,130.0531,107.6277,94.586,69.5444,63.74,59.76,cat
da73ea526ad75c456df95c08a84ca301,101.616,97.2778,88.7762,78.5459,71.7375,63.8256,cat
a044c128192e26981d6697b48f56d3d9,68.2432,45.1188,30.9186,75.8709,61.4478,49.5165,cat
9ec290f7b561af4c032229105b188977,122.2898,101.4528,81.6631,84.9837,81.7548,78.5307,cat
b1671f6b9d7ce73ae53bcc32ca4a31a2,128.6801,149.7002,108.8318,88.3225,72.3117,76.5867,cat
3d2500716fd083c37754b3eeb1270072,136.6483,148.3668,102.5863,49.892,61.9544,49.7335,cat
296b99119282d16af2a15878a7c604e8,141.9355,134.1648,126.8639,30.3804,36.2535,42.0184,cat
1bbb7b1d89cc9ede8538cf73ff35fd6f,76.4878,65.3037,50.969,75.8774,70.5611,65.7434,cat
6a9d8274614caae3203495db6c5f7833,131.5732,91.7001,57.3669,75.0153,66.7038,57.8328,cat
866d6d5a01128e9334ceab7b9b8067fc,116.2248,101.2436,79.7442,56.0659,52.9673,48.922,cat
e3dc7fae814cb8d462d8fb864ca1bcc0,76.813,68.0438,63.9659,32.5628,34.3006,35.0836,cat
ac8b31858d59c3e66b1b55e5253537ba,182.4809,165.6332,140.2471,50.846,52.2658,51.5212,cat
914dca5788e7913b3bc13d7447224d6e,178.8376,143.7485,105.3927,68.7471,60.9809,55.9899,cat
9178cc49e3fe2f60d2f2f8914a315883,163.9391,157.0336,153.9654,55.4406,60.5409,65.5561,cat
e58332c45db90687f7f2dbed062cadae,149.1311,115.0647,84.8899,39.647,47.1665,49.4202,cat
342bcb9477d93a6958c81bc8641e5b8b,168.041,131.413,87.6911,64.1335,60.4632,56.0171,cat
d65b22917bd6da8dc6fbde70001a5553,192.6959,181.3901,195.8435,73.4164,71.4892,67.2322,cat
329135ef1e53ac9916d22f58089c29fb,92.1316,103.1746,80.4082,91.3537,85.0584,98.5975,cat
c7dc4dce79ccc748f0d3b52308581f01,115.3266,109.9893,115.4515,46.9212,47.006,56.3843,cat
587b082434e1e945635719a1ad89546f,139.832,134.3714,101.6321,51.1083,60.4087,59.7671,cat
274215bc9cc79088cd421ccbdc872044,96.4023,76.9825,53.7687,54.2591,45.3469,36.3044,cat
3b001e5da41c390b00219df609830f23,81.1011,71.844,37.5225,67.2248,60.9074,41.711,cat
4e29e96514a0ccfc28adc9652027231a,212.7331,220.5474,227.5018,55.4351,59.4758,62.2908,cat
622dd9624aeb1b115304e65a7ca1607c,118.9077,107.381,74.0537,74.2895,69.5307,62.1408,cat
a85131a90858beb4fc9af60d8ff29a88,141.268,139.7318,136.6617,64.4331,63.2831,63.1369,cat
b0fb88e42e213edb04e0df2c1e923e09,132.9111,132.4778,135.7908,83.4376,84.0315,80.9114,cat
90df21a12e80718bd842f7b834ab79e6,137.771,116.7628,90.2002,64.9918,62.5811,59.3192,cat
7edfd00d3e65f2c3c34ddf1c719385be,182.9205,175.2059,172.5424,51.8713,59.3409,65.8142,cat
b69b5ed39b4c308fe046234d957c89dc,129.3753,145.5816,150.8643,64.0759,71.4117,62.5289,cat
fa5bfbc1a0b75540b399133d1bf41d09,36.2896,30.6314,32.6831,56.5876,56.097,51.5021,cat
44e166d4bb5637a92531bef983a022c1,154.597,114.6487,70.634,41.883,50.5097,65.7497,cat
b194c2a7b211b62ae281fe61482b01d0,145.3262,142.036,166.0429,44.7658,37.0793,50.2596,cat
9a9eef4829852a7b6cf11f5536c41c61,126.4669,125.7398,124.6563,64.907,65.7557,67.2936,cat
8754e100584bfcbbebefc86b71384319,109.5716,106.8038,103.8347,67.9824,69.1861,72.4416,cat
099c4a2737905085e11731f50326303e,130.5797,125.4079,122.273,47.3015,48.8242,46.4122,cat
a89338a933684ad9ca8b9b120c8a3200,120.5229,95.6754,79.823,54.5987,64.6513,61.129,cat
716e9966ceafa6d223e24b79c70b32cc,94.1557,77.0254,66.2954,55.4001,60.4618,62.1961,cat
8a4481f61ce1988cd3f38df35efbc304,201.1428,199.1413,195.9954,74.9378,77.4998,80.4016,cat
41192e9da8b4a7f60591034479e1b7d2,147.005,132.518,110.7085,79.6841,79.3322,73.9559,cat
eca67e404b77b1ba5eeb54c3e68bbfdc,115.8161,114.3346,95.641,56.2858,58.028,62.3737,cat
f64dbdb6e297fe761eec4424fdfac01c,137.8817,115.9124,112.0022,65.2355,72.7794,79.43,cat
190d5d52a9e36d2df55de2f50f0f8f14,135.5553,122.1736,117.843,59.7234,62.4413,61.4072,cat
9610b9cbe7482c4e449d2eee2b9314d2,158.1995,150.69,148.6518,64.6577,70.5766,77.4055,cat
e25a3fbfaea8fa6b55edeb60cf3a437d,132.3864,112.0943,79.4983,38.7793,39.7467,40.1951,cat
7240c2a398147e1a379e1b67c4cde67e,131.4666,136.5026,136.3202,42.996,44.6857,47.3257,cat
99139bb1648c370238d684bcdc5a6239,102.1105,103.4881,94.1853,37.6188,45.9962,49.5606,cat
781ccecde3b8049f00debb3bbc4a08bf,130.7128,111.6885,94.1809,61.89,60.7468,60.6631,cat
bff3a0453f8e76d4f9a9385274cef741,116.4986,93.9314,72.3088,68.3003,67.6359,63.8701,cat
64ff130dc6cac9916aa694b40ca7b477,131.0934,115.4165,101.5748,79.0727,80.0763,83.6557,cat
5152bfb4bbc69ea6e589ab7070cac695,159.2142,148.4596,147.3241,63.6145,61.6506,62.4804,cat
3b2a55c6a9492230dfd0637073a589e4,131.6862,127.3029,109.226,35.0437,37.1543,42.6147,cat
510c78071e09ad2301747d01d5e8f0f4,53.8635,54.2043,59.9892,60.2219,58.2686,56.9826,cat
f2ebb25317fc9714241ac6ca73cfdf80,162.4502,138.9697,101.1356,68.974,58.7995,54.1976,cat
ee948ebb15ecf1b466e71a772bf11e88,117.496,107.0244,104.7648,69.24,67.8656,66.6879,cat
2539f897401f96da0a52d1f96872b39f,179.3857,161.4294,157.9688,61.5015,66.6664,68.4731,cat
8c417e558dd1717be5e92c420ef154ce,72.7247,60.4967,56.0296,65.3468,62.2,63.4615,cat
dae4a80acae4a6b150316c9176c8f199,119.514,99.8457,83.1886,53.1829,50.384,47.804,cat
97859c35473949b69301f8ff734f4d86,91.131,84.5149,70.4468,74.5027,65.8316,66.3983,cat
e1064e22439b8cefebc54b218a031756,135.8149,133.5438,129.3791,53.3696,52.6891,57.147,cat
e612950d54ab953ce1cee8a5321afe45,68.5682,64.2725,62.0974,57.2557,51.254,46.3387,cat
1d6b47537f5d292b88b58724612c66a4,152.3435,146.4215,136.1087,54.2121,58.6933,65.0064,cat
5be0e12a5fef3c6f34c03db5d212c956,120.8365,117.4858,114.0445,44.6208,47.8696,51.7423,cat
6d7ab8ea7b75c8ce60caf47da935b825,86.2002,46.4893,34.0661,77.1572,39.1652,30.2237,cat
8f447fd9d46dedade0e768aa6265c129,149.0228,117.6301,100.5118,35.5161,47.0735,62.8283,cat
0492234e86fccd6194eb96ff743f3599,113.3991,109.5492,81.7799,66.0405,68.0622,65.6701,cat
ec7f6dad762865dce9144013844ce4c3,120.8194,114.2908,108.6196,62.2467,62.7992,63.8916,cat
48de26ddebd5070f20899f8046a3b4b6,173.0831,161.5085,143.2388,25.3775,38.7532,48.9189,cat
8a36aceb8dd3776992ffecf676c5db91,84.2275,66.138,59.2538,45.486,41.8852,32.4094,cat
2230f95ad667ed2694af379da4a1ff33,124.4364,119.5528,120.8676,48.4829,49.8929,52.197,cat
aa3634be4b346766bca9e2eb21621a38,148.8057,132.9973,123.6321,61.1592,73.2726,80.7631,cat
5733c27b0802e560c13e740d6cd8291a,91.5296,83.9842,83.4384,71.8009,70.5904,75.4687,cat
cb95fb118a00fe678e3684f847036187,88.3768,71.2839,65.4631,59.2384,64.7115,59.6923,cat
2cf7cfb665ed638208794c33db2486ed,149.3451,143.3928,135.8523,66.6427,71.8544,79.7801,cat
175e0cc578706c12bf14cc4571605b06,195.7557,177.6466,163.1143,59.6641,65.8145,62.1107,cat
7286ec7540964dc4f5210acead43a810,96.614,98.1054,82.0595,55.2144,50.0903,55.5786,cat
0c219f3c871879be842d948040d5333c,51.2324,47.0052,47.5839,44.943,42.3443,37.8118,cat
622dd9624aeb1b115304e65a7ca1607c,118.9077,107.381,74.0537,74.2895,69.5307,62.1408,cat
a3a2d7a5843e0144cc67438989edb421,182.0092,177.922,176.147,48.8541,62.0149,70.7666,cat
13dd2c421b076e4db61295c62cde42bf,126.9396,152.7483,177.9761,98.0878,75.8079,42.9772,cat
5dfc0c04929f677175581b8793b8980a,114.7311,106.2003,107.7529,63.9884,62.7795,62.5475,cat
6d41303964ed159aa17669768e05d742,95.1735,98.0038,96.8152,62.3717,62.5221,61.8323,cat
eabffa72836e453b0b96d8cd26d6558c,107.0892,81.9208,70.9076,58.9458,64.3244,70.0463,cat
7bbf10cb71a9bf401fa049218d99622d,133.9657,124.9902,127.9015,45.5608,42.0943,43.7319,cat
d5ed70e062847caf0eba9dfc8a816684,158.0528,136.3946,104.2582,86.6195,73.1067,52.686,cat
6966dd49fa05c7d4facf9d95a15eb892,175.9034,172.804,153.8161,48.7627,50.5583,59.7396,cat
110a8cc8347a29809b8a23b017cf6242,121.573,134.016,118.6553,60.1832,43.406,47.0996,cat
fadd1f45605351b289128f460b0b5457,126.4787,133.0466,93.7032,36.8858,39.1039,44.9712,cat
d8de4c85c43f49cb1e37772335b15726,169.8079,170.5224,171.3582,108.4842,107.3138,106.2852,cat
04f5ab60a5c8d8c9d5fd716f780d8855,194.2402,187.114,175.8957,63.9176,78.9627,89.5111,cat
9107d7662d528fd4d0420fcdc5705ea7,78.5834,79.4347,75.8573,66.6942,65.5179,65.0672,cat
7ee29341a06b0f9372ff7cbd36c75358,141.004,137.3644,112.1977,54.326,49.5212,57.7313,cat
6bba0837ef4d2cb33c0292f1e30fb013,105.8788,93.9183,71.0518,65.2493,61.7841,56.9468,cat
64e7fbd905f4b8a25af8900819fb292c,66.1608,64.4117,41.4567,40.9625,39.1824,32.1178,cat
f640e9b0c6fdfdde7c0484fe42ce0948,142.5582,123.8985,118.949,43.5337,53.5561,66.892,cat
ba96c5251631c8ac08a8bf679705b9db,94.1758,77.0957,78.5134,57.2823,62.9051,58.3248,cat
07a69a80533b4b4f3be9898e85cb8e81,139.9714,135.0951,131.6664,63.1964,64.2928,67.8679,cat
45e74663e67035910be936c6a0ee6392,85.4016,79.9602,60.5089,75.6991,67.3781,77.1774,cat
e46becee7be2f65da720be1eae11e479,168.5848,120.0251,80.0289,52.743,51.9866,45.9513,cat
17ba7b7dffb8e1c38fc7ad3c931bc3bf,105.3747,96.5346,81.8581,60.6499,59.1431,60.5056,cat
d2b2ef33c9a02b80b4f4b442884d6839,122.6728,119.4894,120.9166,70.0556,74.727,75.9651,cat
b4fc78636410d793713dd6e2b1b94eee,104.5501,106.1559,95.0847,48.7497,44.9298,41.15,cat
54af2087607f6ab7e48c480aa259a615,80.4639,85.9866,149.4241,58.45,53.0529,54.5169,cat
488b4c4642c13d9fa6fc0f431b67487c,166.2973,151.1247,142.2445,64.0383,72.5159,71.7065,cat
0627e809cf15f2b7283093806cd366a4,152.5806,153.2899,110.2189,64.4693,49.0077,63.4387,cat
730c66afb889d3448710b938f65a1556,107.475,126.4392,147.8976,45.3815,52.8914,65.5583,cat
13b14daf661de024d0dfd4d3c1ad0ef1,121.497,110.5338,96.5458,80.1899,73.6159,69.7405,cat
417e07159a8e75ef79ebf7cc81cd9bcb,98.7442,88.1191,88.1234,64.5855,68.4939,63.8959,cat
e2855fee3e99075c3d2d500e03ac266a,135.2264,135.7276,128.961,72.4283,70.4568,71.5403,cat
d16c388ebf629e70e5ee8a07e1e656ea,188.3501,175.2138,171.0988,92.3825,93.3004,91.1061,cat
2e0c9b3545291d4bda0ea0f041540835,130.2889,144.342,154.7749,45.9908,51.9447,58.1203,cat
6eab20dc1047823b218aa034b4c77a0b,69.3146,49.1738,35.0934,43.6578,33.9552,24.6267,cat
f0535e32bbe48bf61a829b5bb9ab376b,159.8435,133.2693,95.3709,47.4302,51.6204,60.2266,cat
64ffd4d4c1d3a4cb03b8e5b31a83b02a,88.9312,86.5776,90.5618,51.8831,40.015,52.5,cat
ceb06b4e233c4d26e9caa92fca6c9870,105.6813,90.8052,83.781,66.4576,59.641,60.5319,cat
55066570127ab54fd64d04aa3e749a33,184.2994,137.076,107.674,42.4337,42.481,37.6479,cat
28490531af3632fce234c81b722d4806,136.6537,128.0247,119.5811,72.03,73.1386,73.4062,cat
e28171ea8681fa6f1b44e0abcec2037e,63.4523,36.2999,19.7594,29.4013,24.1958,13.8934,cat
9b9eb20ca627e62b548aced1008b0b85,122.1924,125.3109,122.2645,48.5364,65.4735,68.6935,cat
da5d8c12dfa17cd94f24255430db4cdc,65.9318,60.8021,60.0247,73.788,59.2299,60.3021,cat
593b0ccfdaf6117c6799756c99547e2b,158.9928,153.8876,142.9995,78.3054,81.8642,87.1308,cat
21794f4c657598886d15237f956526cb,90.1999,62.8466,67.2001,77.4343,59.7632,61.7402,cat
02af8b7e2e49eb560255d6df95e9c972,122.8643,94.2995,62.3471,74.0277,73.8948,75.3333,cat
31cee979c011301460b302b4a1107187,95.3071,75.05,54.5794,65.3876,60.3925,60.6753,cat
38064ddb580c00ed3dc19b6479914168,119.0793,94.9734,76.6646,44.1946,44.6322,54.1508,cat
ba23d718429d41710aba3a38521df736,189.8122,168.0544,161.7552,40.3261,45.0794,47.4477,cat
fec5666f72c30f919f6e540bc4484900,86.327,79.2654,66.9031,73.158,70.342,69.3264,cat
80676c573ba8b1559711d11942b12041,100.6079,101.6389,89.8516,74.5292,78.2664,89.7391,cat
2a5ae01793840b4ac7c34f97ea80b8b3,116.5719,114.8176,108.7584,70.6606,70.167,70.0157,cat
f4a92f81c5cb1bdc0a8ee8396e9a3462,95.6696,77.9816,66.9594,71.9606,60.5066,59.4683,cat
3b38de738df757da2f90a35d56e87034,133.5494,133.9506,134.488,76.7379,78.8062,79.8464,cat
821469268f5acb690f6ef40cff879bc3,105.8703,99.2466,62.1264,39.6966,45.0762,42.1765,cat
7c066d2ecd59daf744535613ea2711d1,152.2896,141.6474,122.0505,63.3606,62.2967,62.5352,cat
d29a0fb6c56d00b71565f040e338f85b,107.4848,107.5899,111.5872,59.4961,59.0159,56.1526,cat
87bfeeda599879157fdbb3ff6d1d7b1d,104.6533,99.7286,95.2198,43.2127,52.1129,52.0396,cat
c9d36400ef6ee4ab1a135d1ae444e85d,67.1255,62.8448,65.86,46.2021,45.415,44.6674,cat
c140402fe84252933a878b8ef7055c99,179.5184,161.7368,138.8779,78.6211,77.6579,77.455,cat
11d3a46601ddbac95017f4a58ec1afd1,130.9246,113.9645,110.0124,43.7406,46.6997,46.3108,cat
22295576b096139c7bb11ce084ee5d75,148.9992,134.4125,130.1712,68.483,75.0204,77.2682,cat
6fdd2d53f5f32a06c97ae5c5023c999a,130.6347,115.0622,101.5354,57.3302,57.3526,58.0771,cat
ecd5e04c3acc67f213deaca1bceba663,157.7141,143.0699,132.2552,60.8062,67.3931,68.7933,cat
51448f1a02a30b96935c7eaccad8604a,138.6482,100.5294,74.7069,62.8919,64.7704,59.5078,cat
0575615b6d2b714a25f00a01f28d7e75,77.3743,73.3665,62.7909,68.718,65.0009,56.9225,cat
f2c9adca23ea86aebc19f1ff201cf69f,128.5735,90.7377,71.2561,48.0136,63.6422,73.0574,cat
4182db9f474a8cf7d4346a708164919a,111.2346,96.1779,75.1275,63.716,72.7996,77.0203,cat
e1c7e5e3894dc1a533115f46323b431e,134.7598,127.0454,112.7838,36.528,39.8404,39.2568,cat
b19159a677cde2707a99a5d4d5ece03b,169.3509,167.3757,164.8504,77.6536,79.6873,82.1906,cat
631ab2cb4f9909db6c2dbf63ad3620ca,131.257,97.0496,85.0128,42.0846,40.3129,41.9532,cat
1ae8885e69776688f2c4473f92c1eee4,123.577,94.3393,56.0351,54.873,41.5419,23.1721,cat
72ae8c08d9a54961444d5ade1fbe62f3,133.0841,129.2605,127.781,31.4523,32.8852,34.412,cat
1d96944d1411509e1193aec619c57819,136.6604,138.56,133.6122,51.5202,55.4135,58.2584,cat
9fbd6be8936732a735bdadb7693fc84c,214.7531,196.1048,180.4014,56.7281,73.6125,88.2325,cat
3e4fae88b629104885e3e54cb81c1b27,135.7786,122.0832,109.2884,52.039,43.139,36.681,cat
7a7c7522993c887e379938d6071e8853,83.0252,86.4138,99.9747,51.5325,45.7785,55.1244,cat
268636cac358413677fd8943069e14f8,163.2467,118.2165,76.4394,28.1603,31.8995,48.5939,cat
b72cfa81345465945cf64209c332b9f5,147.6897,139.55,136.3677,74.4107,74.5707,76.1688,cat
74ffd48b4e1865ca00e93733713923ca,161.5593,155.8313,146.1296,38.4441,41.5279,52.7784,cat
b7c78ef01638d6c76e5abb98d26566c5,167.1243,153.5146,145.5534,53.4812,64.0409,76.5012,cat
4f49ecc942b1c06368b04a836bf76932,92.6961,85.8258,82.7424,79.6229,79.3796,80.5369,cat
c8e93da3ff53dd3eccd3d8cf37d63785,141.8995,105.3189,79.7362,68.5345,69.4169,61.7915,cat
9c0b3fa5a80baacc6a149be68136841b,116.06,118.482,114.9603,93.8135,95.2347,93.9532,cat
b2536b291e32dab9e5ef2c41b7031ee2,194.8701,165.0304,119.4766,26.428,32.5206,33.7419,cat
ff0d54ff6c09c0ebeccc3f3126106b73,70.0576,71.6336,57.7713,67.3349,57.7427,59.7776,cat
5c46fa054dba94eaf7bb1ba4c840f4d1,70.6516,60.893,48.6931,78.1217,72.0305,68.6953,cat
bdd4f4d026fca6efa8526cf29626c5c5,193.1654,131.3112,111.8411,42.9235,47.4038,52.0126,cat
2987a8d37d9726f9aec675f150baa23c,115.4684,86.6639,59.1625,32.7098,35.2501,33.0452,cat
02b320f35c530deb374a72cb3821c5e2,124.2613,80.7765,44.8348,74.4523,56.3127,41.405,cat
1b75f5ddeaec6ed36dad913ec3b76eb8,124.2092,101.8808,91.8465,103.9338,91.8389,82.4846,cat
38d321f5b11af1ca8317e3bd0dab400d,137.9211,126.5072,122.4116,65.5567,63.396,65.3799,cat
c820480b67efdec85cdf266834d5ed68,89.256,94.6667,77.6169,59.2848,54.9207,51.0805,cat
601b9d38eb79b42f91257105944d9082,136.6766,107.7859,75.2239,81.9375,68.2597,49.2403,cat
af28424b0f011d45e57db2b713a8236b,87.2833,68.8047,45.7273,52.4557,44.8739,40.0381,cat
3f0a14b436f34d698a9951ab05813372,95.79,65.4684,63.08,66.897,75.5104,78.9049,cat
f22120fa1c014989271a2c414dab3856,115.2385,122.9324,87.4028,57.3776,44.1513,36.7143,cat
3dbfc1da84df7910f2b956414bf8f226,62.002,57.3447,59.619,49.3874,50.6455,54.5477,cat
02a3b62493779f3208489d7c7f920a71,150.0327,126.469,122.6118,83.5434,93.3579,93.4018,cat
ac338336440e709194e7ac5b0f3ab918,165.2881,104.3687,60.557,62.6294,53.1164,51.6,cat
88d82e2ddb8b6c680b81f3a4d3510370,93.7584,74.7875,60.9587,71.3365,60.1312,54.6812,cat
a2d1454e2555bccd460b2cf19383ca69,152.4113,139.9053,135.6783,62.8246,72.0796,77.8925,cat
c802d153b1307e958feaceaf68e3af36,144.8337,149.004,165.8556,75.8315,70.2958,75.0489,cat
a839969d6cba77f4074aa2d48ea11793,67.758,59.0347,51.8771,53.5795,55.2225,53.728,cat
e4b47732c0c0e80bb58287a85505a586,87.9434,69.4598,52.8119,62.7555,53.4483,51.3624,cat
4ec8153525b962c47c639e07f347ccdb,211.0997,102.7031,59.5758,37.0627,58.0514,59.7394,cat
b6c4106165e2c9337a3ec7e53458ac04,132.5754,133.8466,113.3977,60.7015,59.2795,70.211,cat
5d5d62d5870f1ba2a358549a3e338832,166.3533,133.4461,111.8874,53.2447,64.129,73.0988,cat
5ba33c5c2594ce494f2745d38f915541,99.4823,88.6238,76.9826,70.0555,67.3056,65.3603,cat
7c5d79da2f281081f5bc08ca31662a92,79.1331,76.5531,79.0122,81.5169,79.8534,81.519,cat
9b238630e4df0e2110a01ed110b9ee03,161.221,146.0387,135.3065,51.8053,55.5942,54.6015,cat
bbfbc1aacd23bb15516f27423b8a1b01,104.808,108.171,88.5075,66.5808,70.0749,59.1506,cat
c94cf36888c652593eaf6fd8f62d3871,109.4413,94.22,82.3374,76.9163,68.8579,72.2038,cat
dbd80048df0a52bfb996b9435c3a77b4,168.482,161.2199,143.6293,56.2374,57.7118,59.0715,cat
ec33e97e4118dbcfdfe213fe108a6d66,135.4357,122.5091,119.8758,66.4574,66.1577,68.0894,cat
628ae84bdc8d542f334f01e3969ff82b,92.0913,89.2363,89.1383,44.8832,44.6284,45.7357,cat
0744b7c857e7bdc2c74f79b418f2a98c,115.9437,101.6895,96.0802,79.554,79.9084,79.2863,cat
73ad620fb2bfcdb7bac64b2270a723e3,73.0009,81.9799,71.271,58.6357,63.5089,71.1071,cat
4d6356f3002fc5e17f18dcf850abd7d2,100.1973,64.5046,59.3878,54.0593,55.7936,48.7616,cat
142f4ce997992b96e404c298cb4459cb,129.2738,131.547,122.179,68.4464,69.9988,71.463,cat
d5d6208622c4bc66abfc6b15f56ca9a1,139.054,140.1961,127.6109,56.3253,56.8364,63.2277,cat
d5506e613977fefd670f4531a9465f36,123.9891,91.7634,57.698,64.4263,57.451,44.6515,cat
3d01b82f81e85f55511a85002535c817,107.4768,85.9365,75.0663,71.0087,57.6851,51.1251,cat
7677427608d5e7f88de3176feb6d5445,92.6316,87.4332,86.7039,42.6675,41.9848,38.0706,cat
5c29fb561a9f904c6a403da6031de58f,147.386,144.7011,144.8541,61.1127,61.3513,64.5257,cat
5b4e29c82ff72daba9e4532eba065205,177.0829,157.975,131.8187,74.0704,76.4497,72.0461,cat
b6564f8a2db168764297f382a516e90a,135.4975,132.5272,129.9132,62.6633,63.1441,63.9251,cat
b2bd069946793851e617449bd674504c,200.1588,193.8404,185.6458,56.8813,64.0094,68.419,cat
a175afc55eed63cce6f0f47916b52fb9,63.4063,61.5603,59.2948,73.8873,74.5561,73.1419,cat
87fa50cf7c92440d800e5f3338b348c6,171.2697,167.2602,161.5115,61.4543,65.2974,67.9333,cat
0a6e40bb5ba4a0c03a3def4ee576634f,184.7306,183.3893,183.4656,57.7788,59.0046,58.8655,cat
9d388e879642cf4a2d1a75c86a9d7d43,127.484,119.4045,110.0628,70.3208,70.2504,72.3935,cat
f9ae0e724b62f92aafbb7f2e9caa2837,75.5354,67.5586,79.4577,55.3714,56.207,50.3584,cat
fddba8a1aded2e9c9547646c4dd8432c,136.3283,137.0164,126.6487,49.9433,54.8773,58.317,cat
2e2ee34a31515108069aa4240bbe0a25,121.9614,137.4034,72.1914,49.4616,46.4912,59.8256,cat
9581d17e241deb0de8433dd50d76ad0b,114.7573,117.0081,107.3574,53.8503,53.1935,58.2223,cat
e82e824d23973b3b3e8f503aa4836f09,80.115,56.233,32.4029,61.7774,48.0389,33.6018,cat
1b0ce907f632c4c5dadc1a6954b5087f,122.2223,103.6308,100.5568,55.4572,50.937,51.9128,cat
4634581ab42ce6d12973e373e25f8257,179.0711,164.5433,149.417,78.2096,84.8263,88.6627,cat
683a5c904e7913847f7debe5a7bf5865,141.2863,132.9204,110.1729,75.6887,72.0337,55.539,cat
473241e0d68d10c3f8c91cde9844f9a0,138.9628,149.2216,153.4863,53.9659,57.0017,59.4196,cat
a1b53361840627c2207f695469467c35,174.4917,149.2936,113.7844,30.8037,30.5199,34.4155,cat
b5e670c698b46e90fbaaddad44801a53,102.5959,86.2755,77.4729,58.0405,67.7827,73.1787,cat
a12560da2e5a529612a2abe19bb47f07,197.4082,193.3628,187.9327,74.2176,77.963,83.6548,cat
f210c53b953e257f8cf36d43be4d43f6,62.9298,59.4218,51.8651,45.4888,49.4668,55.0812,cat
1145c0d49d8b3cab01345dd8268c045a,125.5291,113.9134,91.2645,50.5384,49.7249,48.5663,cat
116ec5c1d132da6db41adaf974dea3cc,142.6191,142.5909,143.518,73.3907,81.6857,83.5712,cat
610253187e7f6512224efeeca616001a,100.5303,111.9176,77.9734,67.9006,60.4072,71.8339,cat
9fe88428077f695b415eb9a51547af0b,33.9785,119.3755,177.402,56.999,33.1866,47.8948,cat
947495f4b17db9f946eed84799dbf485,127.067,124.0395,123.1785,38.6757,39.2474,41.6802,cat
a51e629c00c843c147f265cb89328dc3,123.8591,123.0966,107.2864,59.467,57.8856,61.6228,cat
e77d6f9c61da0e3438cf7d436bac51c6,87.7896,65.2277,55.0083,39.4171,45.3397,51.4592,cat
277700458c9ca47cdfa5097c5db308bd,125.5245,100.768,87.8919,39.4787,46.6189,49.2664,cat
7009b61bc83e067a27ed49bbdee09983,98.6937,93.5173,83.1012,60.7035,55.0885,58.4722,cat
6ff6691427dcf7bd37bb07bdedd50dbb,156.6788,138.911,131.0835,61.9384,67.9554,69.6417,cat
041bccb4cb84b6cabbda7b0de7502b9a,183.6104,177.0161,169.2047,55.2291,59.2466,62.5379,cat
19cde009d55ea2e9500d8837376a8a41,94.1751,73.1878,61.4654,56.0064,53.5173,51.7407,cat
d4d041234a92a6edba06d7449404ad09,147.9424,142.2443,135.7439,50.3557,51.4026,56.3472,cat
50aa5fed2fd002d9a19fe895236e6a2b,125.9723,125.0343,125.8664,46.7056,47.994,51.3329,cat
4a4e50ab18e192304f0023354253d627,144.8848,141.0985,136.2518,51.3465,51.7551,53.2502,cat
92c4f7a97a22fed65f6fea75ffd96a82,116.96,114.5352,114.8648,54.0378,50.5386,54.8495,cat
1bc589698fdc63443e93439d4ec92129,135.1447,94.5784,74.1476,52.7942,62.118,65.3303,cat
753e4c248d52ab68712a3ff31b7dc0f9,131.7665,112.9311,95.3936,52.5718,60.2376,68.7331,cat
3819cc27831cb19455471775e32da459,133.4587,126.5837,127.348,67.38,68.4752,72.7806,cat
7d0b77a171e3b77361ed051003d00196,157.9041,76.2094,57.6712,79.516,76.4043,67.7411,cat
2520e3a3a5d985d7671f8ffc60416c2b,114.0458,164.1269,197.9229,40.4643,24.6139,33.3732,cat
6182ad1858233fcfed2ce270d1ff9ff9,122.3189,119.2059,101.5208,49.0247,52.0575,56.44,cat
e7ca30c8ae5d23f2ee1d0869c66e62d4,141.3286,71.1579,55.8058,79.9369,57.2085,46.1356,cat
ebe570de0b2285f2456af52f8dba1f15,137.103,124.6338,130.6003,76.6769,76.2154,74.5365,cat
44e0d1640160c6025cd41c5052bef1a4,165.7227,164.8299,168.757,69.8257,74.771,82.0582,cat
add7b60eafa3c1aed2d6559fed12ecb7,126.9757,107.9337,93.3595,55.9959,56.9818,57.4547,cat
e422295fdf28513efc7e23ecc21c6ca1,124.1283,101.5002,83.3043,48.4275,52.7244,53.9637,cat
6bdaa846d48486abab0089b94dba3d0d,201.5663,187.56,182.1013,58.8671,58.1265,58.3591,cat
ce480670e0f8be2432a69a0292293a62,139.1609,139.3587,137.1828,52.7574,58.3636,61.6696,cat
186864109cd4f4c46dc70ac2ac323d53,92.9767,94.9484,99.0335,86.0488,83.938,86.5662,cat
d97db30dd2d2b4dca060dcb86a4de1a8,193.2114,149.6043,83.7326,82.9001,63.698,26.8086,cat
61beb0aa7dfe66ac973dcfcda3f39d0c,164.9384,150.8352,149.4412,81.9427,81.5017,81.3429,cat
45cfaaff3d84809994126e462087c20a,107.2076,84.0883,63.0765,61.6337,61.0511,59.6359,cat
7a5661a7d02d475deba588721c574dd0,163.7882,147.6684,125.0151,55.3868,50.6415,57.715,cat
64f482b1c0f9b7f375efdaabe8dfc4d8,110.8479,99.8061,86.6872,39.0968,35.8537,35.2038,cat
bed9955e8478d14c4b39d39855540b40,147.158,136.5387,125.5475,62.4475,64.3341,65.3095,cat
6f1baf8dc5104b2443bd89c65c2ab187,136.9831,89.8437,68.361,34.309,31.2884,30.4327,cat
3792686df11935799b3b37c4b5b24cd5,127.7423,96.5843,56.0032,53.7633,53.5046,49.4763,cat
26bd9fe22b02c9e2568f271c1ebe2264,105.5932,94.7234,91.7269,81.3675,83.9839,86.2162,cat
16db9dadb39cfe58905b6d48644006d0,126.5484,119.1709,119.2174,104.0886,102.7546,100.5266,cat
579bd31f08b416f535669676b723a104,116.0394,113.4331,113.2978,59.4386,60.2887,58.492,cat
9e804ae1d09690b28bce244305569620,169.3887,148.3792,122.4817,63.4671,69.618,71.8099,cat
38e6222d5f2f8ce0375f768cdb72bae9,139.4194,145.7627,161.2708,78.6839,76.3002,71.9684,cat
3cabef4ecdf8f72873253f68c10cb16f,95.6561,91.6379,75.478,51.5121,55.0989,61.402,cat
61cd4dc4fb8a27f214317704d4e864b1,130.8988,129.172,120.7137,34.5879,38.7424,56.9028,cat
003f0b075d36f4f8c07c17b9d5a49d49,136.1886,138.2323,136.137,53.3487,55.4609,57.1176,cat
909f9d16cd8efe90fce929fe591950bc,123.0823,118.759,115.082,60.2954,61.7092,65.5864,cat
0ac47997048496a6849f2f14ebd865af,138.4294,138.3678,138.1988,65.2073,65.3152,65.4536,cat
816ba90fb3d9055c8466d7b9e2cdc950,107.0534,113.7374,105.9801,69.1341,63.4984,63.2898,cat
5c6c8c27c68749211836c44d455dac81,153.8449,134.8672,106.7294,42.1103,47.6484,41.0871,cat
75f991d06eef55e8ab0e59d6b8ca2bef,138.0156,118.5189,93.34,67.8738,68.3449,79.3048,cat
23c0ae2837aecccfd5bca346932ff4d2,98.8096,82.1283,70.7822,48.8661,52.5308,54.3764,cat
53808651d783cf87e49640f2bb1ff791,135.9005,134.3942,127.7691,60.1862,62.0089,66.8859,cat
b3bc7d0d24720ec1c5835aa6652894f5,122.4558,110.1146,38.5648,38.7392,31.8145,40.8312,cat
de74042aeb087ce8fa49ec4f6b76068f,117.891,100.4579,80.0136,60.7636,59.5762,62.5193,cat
b6d51ebbbd75b4f36712279ba894d873,88.9906,66.7674,52.8799,55.3147,52.098,56.0043,cat
e64e3a597c44db9669961689a318998c,62.1355,62.4537,94.0237,82.2395,60.9912,36.2353,cat
5aa332986c8880dda8e8bda0637e7369,110.0687,91.6965,58.2581,74.9335,69.8916,69.091,cat
4682139e585727c6c6cb4a480fad6782,176.3182,69.0413,61.8534,44.0502,76.1643,69.7453,cat
9408acccdb1d81e7e30e876f23f9a333,93.1476,90.7957,91.049,67.8848,69.5444,69.5873,cat
d8d01d85e48624f66bd27b55a86d640c,132.8552,131.2687,127.2401,87.9822,83.9761,76.9589,cat
ca9356213f49a40a7dfa7c105986074c,69.8519,65.8748,45.4138,31.9191,39.748,44.7564,cat
6ad1e5ea33cb1f66bf81939d775a9e83,122.964,121.7673,121.686,75.4316,75.278,76.3772,cat
479b02dd8b4c0995ce6d35cbb32693b2,110.6729,121.1513,122.616,43.8712,40.6631,39.8022,cat
67846718b604cecba44b38d37118917c,127.1276,72.7749,82.6017,88.2571,65.3493,68.7563,cat
058f0bfc278279606303340c845d6ad5,44.5417,92.1062,79.6215,74.8612,53.7302,55.5543,cat
d88dc411399d2de97a5684b786cc3ba2,75.563,57.3507,36.4426,38.6424,40.941,43.7955,cat
53af25b4447e80db17f68feeb66fa6a4,134.6557,137.1155,126.8687,74.9759,78.9857,80.7284,cat
b73d849e7135b64e95f7893e4be3106f,163.1957,145.9034,136.6042,66.849,77.0226,76.8977,cat
4ade08fb0d24f15acfc197dbfe4a9df4,134.6665,115.4377,82.6778,70.4434,72.1118,76.2679,cat
33266149c738ba21b649bab5d4245340,136.4946,89.853,67.5024,33.7618,30.7161,29.3675,cat
c27c6295ddc8d8f6aab1386a5de6b83f,116.8262,111.2236,103.177,49.6149,53.8245,58.7455,cat
e27c4944be52141a7bbb02935f391da8,131.1588,106.1354,92.412,98.6324,89.5143,74.3218,cat
3967f15cdbee0694d6eba9b8f4a1e76c,39.7822,29.753,20.3492,62.5936,47.1373,33.8476,cat
d6cd63532457fd6d3c47f0c331668c1c,126.7555,123.8384,105.1235,59.3668,64.1871,77.506,cat
697719014f366bd9184690572446177d,94.2669,92.3352,94.1315,59.1575,60.0592,60.1761,cat
767921608284356026f3ef573a0b368f,126.1033,129.6428,110.6823,57.4625,59.1087,59.9798,cat
6d0f48377c267bc52c8ac3019a917bc7,151.5839,109.2624,42.8812,65.7661,62.3349,75.6682,cat
862a95b50d5d594af7530530559d399b,91.4427,91.0076,83.3829,70.7732,69.1394,71.5118,cat
6e138f253b0f6ae2802c3c2a141950b8,143.2331,145.9687,144.4111,63.2375,65.1064,65.8138,cat
f108c5566839c8e864370d9769748632,85.759,93.3259,98.9481,70.1408,82.9616,82.0773,cat
c0f72f787d6d48f50a433e333c4e078c,157.3981,145.7358,136.4154,32.7896,35.6403,38.9214,cat
acf6e127e664a4cf736872bcfca12e96,136.2404,115.6251,106.733,54.9838,57.0967,65.2176,cat
10094d01531b745ed3fe142374eb4493,128.6926,96.0438,94.7038,57.7669,58.0044,59.4681,cat
adbf87249705e49e465d33a89d2d3e13,129.6869,130.8441,130.6382,82.8109,85.7544,87.8441,cat
ee6224bf677883ab297198523018b8ad,169.1149,158.4977,160.2734,81.932,75.0892,67.1794,cat
a398dffce9833d1794dbf5742211e309,101.8936,106.9306,113.8463,57.9,68.9835,77.5879,cat
8672be9907999a4f9213f298c49618b9,142.5619,141.448,144.708,47.9547,48.9783,50.6284,cat
4f770029e0e60e00c1e1e7485a8a597b,201.7823,188.211,159.0943,33.8135,36.9046,40.0052,cat
9296a0dac343660c5293203ca64f7c87,158.989,109.7859,67.6079,78.0292,69.4653,58.2485,cat
c37fae12311a742c4a776bcf13de0562,93.2819,81.2437,81.3102,50.977,45.2339,39.5536,cat
9e8b2de408727d413bb1ee69cd473680,130.9302,130.7816,130.4305,86.6974,86.5838,85.6249,cat
b5dbb189da77bc1d8d2e6850157a587c,122.2216,120.8632,120.6119,62.092,62.6851,60.1677,cat
109d340c286c5776831c119bae53f25f,129.1125,102.5982,84.5747,61.2613,64.2031,59.6173,cat
14f2e6eee5017ef16f340416762fb0b2,116.6816,90.3682,78.0303,61.8573,54.3518,53.0338,cat
13e5eacb3802813e0b85ef6fdb2286ae,101.6007,84.827,62.4315,83.6034,73.1636,60.7799,cat
3fdc1b1ba74afd7057bb7715a6acbc28,154.3499,128.774,103.057,45.6097,56.4829,59.2478,cat
e7ca30c8ae5d23f2ee1d0869c66e62d4,141.3286,71.1579,55.8058,79.9369,57.2085,46.1356,cat
7e492b820b41588f679e020953acd953,130.1576,132.399,148.4349,29.2103,35.8659,58.3735,cat
07b0975b7178c2f8ccee4a5270dc089a,66.6286,55.3281,35.0098,25.8761,28.613,23.0855,cat
3f1f2d1d39aad9ede33880bb651f676d,25.503,17.2136,16.7055,23.4244,22.9284,20.7393,cat
759f2a46cc94e9c4180e681c53c1cd9d,156.9242,167.9323,168.065,48.3342,61.7209,62.4452,cat
d2d35bf15dcd9f651cf279dae8b77cbf,112.317,100.0688,78.5967,63.0648,58.8318,56.0445,cat
db94557db1c41bbe786f748ea6da2a39,45.8757,44.0825,39.1465,77.0027,71.3306,67.9347,cat
2ca3645b19a9ea8f34bc04f66d68b1df,124.761,110.0526,98.6331,45.4506,49.9244,54.1708,cat
daaa0a9cacb30da24617cd3cd4e5e6b1,156.3251,151.7531,153.2445,62.9623,65.3365,69.4199,cat
94665033440493fb7e4a283919a7f31e,119.7168,95.807,76.8075,63.7528,70.007,68.3746,cat
0cbe9cacfb1727a81860eedc36459f37,154.7729,122.0552,118.0817,41.0168,54.522,67.0338,cat
6c5f273d6cdd43e0edcd4cb81c8b43d5,127.9411,117.8059,112.9795,60.634,61.1158,62.785,cat
7f551d335fb50ece64c3a9a02b9070fa,143.6294,129.9136,120.1964,62.4337,66.2753,69.0755,cat
1d50a58cea69ee54d064d65e6e39f52f,116.7747,105.5447,84.7533,45.981,47.7112,56.2072,cat
85234a4d8ad81b57624feac3ce692741,144.7744,137.0531,117.0517,61.3308,64.6024,66.6391,cat
4ac45b61efea3111a9b1cc8b2b69045a,122.917,102.2719,76.872,55.4448,48.1074,48.2241,cat
f667de39d4f2c0ff094b464521224575,85.3466,85.8233,52.3698,58.2382,52.2527,55.6313,cat
b7f2966d0986f86e1a8aa25d9e5e0fcc,105.2551,100.1156,96.4987,56.3234,56.9961,61.7258,cat
9213863171345399557def8e25b3979e,162.7468,174.4075,177.423,79.4012,75.4764,77.122,cat
766d6e288f7f6b8cda29d3ca67ec35bf,92.6756,77.4217,68.223,40.1362,32.9186,31.3237,cat
2650c0e8f2cc92daad5ddb834cd2b834,108.4988,97.1795,76.6188,86.977,79.0791,71.2168,cat
318c10974d59c7ce97534d2b113527fc,144.385,102.2946,104.0263,51.5901,49.0111,46.4898,cat
5755a660b27ec3b7f3e65eba81839012,114.6666,104.4514,91.3943,77.1916,69.7743,69.5999,cat
5ea73c7d6b9bf742a0e2fc54524065d8,134.352,150.4399,77.2566,65.0083,63.6302,52.9383,cat
ff00a86ec3a32210ae4470651ac0ecc9,149.063,137.1523,125.5781,54.914,61.2076,71.6506,cat
3a1a35e1d68a700c0a0ce0342c8eb145,86.0082,106.9651,77.5246,70.0403,69.7951,70.9002,cat
39b4ca3d63fbe2d2f3653b668a61f972,83.2013,77.2303,75.8008,64.0711,53.8159,46.1052,cat
4a391da606430558670fe4fa1d068f95,97.3374,103.4044,87.9044,65.0188,66.1314,71.8045,cat
e9891f0a838677049249b871692976cc,113.1567,110.8686,90.7339,61.6578,56.0027,55.4272,cat
e3749246c915c434a0eca4473257ecd1,142.7398,55.5969,75.4504,28.9258,31.4276,30.0251,cat
788f92a1e33e7b586945f69e5ce43064,153.802,157.3905,141.4055,48.5896,53.9063,54.0029,cat
d7a1b8124e3ad05ee2dbaa2cf21a53f0,106.8433,104.3397,102.8352,76.3472,81.4358,84.9594,cat
d9b407b91c0310cb9825adc3f165fddf,87.1448,101.9585,112.5309,35.267,31.5938,29.5639,cat
149b6644e206f015b204ffccc3577bc7,156.7545,142.0496,131.1149,55.127,59.2706,61.0669,cat
ea03e8f25e36e58298f0b31b9bcdbc8a,50.7552,48.2205,43.7028,62.202,57.4359,55.3407,cat
7ba169e4fca1f045da339aaaa1b91c6d,108.5781,108.8702,104.6151,66.5916,68.1518,67.735,cat
b5a10eeba97a27c0f9070a85421754ce,113.3945,113.9422,108.4162,78.8194,81.9484,79.76,cat
9bcafca15235631e4613a4ea28553ca2,93.9486,95.3506,60.2566,53.2835,43.2398,44.628,cat
1025ae3dc317dc18213d7148aed7980d,120.925,122.4501,112.6938,84.7531,82.2234,83.8933,cat
0be909e0337eda0b2368883d05141d61,103.6387,88.3606,75.9556,52.6615,47.2722,47.5193,cat
181df5a2427b4a2106a87980c08f185a,84.3327,81.5085,79.7326,72.5846,73.1474,74.3901,cat
d0f1fba67cf6fefc739f15a2bc1bf5c3,131.4596,129.6483,77.632,57.4064,53.1885,59.231,cat
61ba9f7d11180a6cc867a8566474f811,184.7124,203.798,199.9588,39.1089,46.1708,52.3143,cat
ae6b29095551edacfbb4ee9f6853da52,118.851,101.5601,97.8915,58.5698,56.1414,56.1144,cat
9ca44dd008bc670921c27f77ce348d16,171.2248,162.5414,156.529,84.0612,88.7102,90.5612,cat
1b0434f294ca8547d1bc4a3d499d3136,174.6866,102.7595,67.2274,50.9547,47.9248,46.9533,cat
d853a2595ead43449ec98a8a79c22b72,74.6046,75.4041,74.0367,60.4142,60.6514,63.0677,cat
1881358f96ecb4eb47fdd0de5a7bddb5,98.9736,91.9837,80.5542,57.575,55.0951,54.7745,cat
bacdc24db75cfb7c98039556e399af5f,177.597,155.9033,135.0495,47.5866,53.7687,62.7,cat
20bf856bc131a6f8934c3febf56e5f18,136.8439,117.3576,92.6203,58.594,59.956,60.0386,cat
abf4b90c3085588c0bc1622ced08f8ba,132.6226,103.7909,78.5133,53.5747,49.0587,46.4412,cat
b6e67464968cc402a52871c746f2ca5d,180.5558,165.0163,168.9335,86.6197,96.0558,96.8179,cat
482b37fe6e51928c2b44d812c7b88f4c,114.0993,114.5651,91.1667,69.2716,64.5307,68.2569,cat
291e843290fe85a5ac56b9e972048be5,106.7081,101.1504,103.0219,54.7457,52.3172,48.9116,cat
41399e51d494f7aba9ea4f8e264e38b3,141.0874,140.4136,130.3723,54.9729,56.8808,62.1304,cat
321213fa4e6fa125017429e6631c5ec3,119.0438,100.7765,83.4564,55.141,55.2814,54.5623,cat
147982634112c2c16f39c104ee927ce9,159.1299,148.8812,128.3519,59.1262,65.7627,69.7163,cat
afc6f48c4f434982f458fc1a2cd97121,139.5739,172.0739,124.5701,36.8958,40.3682,39.4099,cat
06faadcf34ca11eba8bb4f56fd3dba50,135.8003,124.421,113.3686,50.5118,53.3135,62.4668,cat
dfe85cbf69403ea42f1173750201f52d,114.6356,112.0804,98.8941,63.4875,62.4162,58.99,cat
7a07fee2b2463c2779cd99998528c8f5,91.6108,89.5031,74.5728,67.6293,65.9636,68.3464,cat
a92ac0851117ecc8c8795a0646ac7fda,156.176,139.5294,120.7783,49.0553,48.1062,45.4463,cat
89edbdb50889db4be1d8c3da3df25caf,141.9004,107.4202,91.1006,57.9933,65.381,61.9623,cat
a0cbf48dadfb9a419644a50585fdaf63,73.9768,70.6209,70.4948,39.0676,40.8587,43.9503,cat
aa9ca72bcd6289c295cd3785b6c59201,175.0414,189.4841,191.0134,42.9561,50.4896,52.5097,cat
cd4f1fbbee63889a7bcd696a2a8001f8,111.9192,103.961,100.7973,63.2709,60.6089,65.0152,cat
a0cbf48dadfb9a419644a50585fdaf63,73.9768,70.6209,70.4948,39.0676,40.8587,43.9503,cat
65b931495f8b7d40568a2b3e3699f38b,97.807,93.7588,88.1638,59.8888,61.6767,64.9883,cat
d1f5787d98e890b323ad898866a5cb89,122.8091,120.1879,115.5875,67.2698,65.9252,71.2151,cat
566f547337550e9ed4ae8dca41e2ae1a,128.2247,111.5825,84.6197,25.1764,25.1216,23.8709,cat
a2a039ef2fc6cb4c0d4a35271c5f9db0,167.8874,163.7349,155.7264,40.3834,45.1759,59.6443,cat
ba2c2d8b67084b8bd17a8f56725e3399,93.7001,88.4379,85.1998,71.5892,70.1248,74.1067,cat
eed65da8c0fb9f07824f908be85040fb,83.0475,82.515,40.3318,79.2849,77.7816,57.6709,cat
a8b51765dee1c783909cb95b2c15201f,111.1144,110.241,106.9865,57.889,59.3149,61.8938,cat
25e4c5e8cac21c077348884977d9337a,129.9967,110.5088,82.9278,48.0753,55.3535,53.1247,cat
e6dc2e5c1c20d31a8f89b2c2b5efe923,146.0649,136.9511,126.1036,75.044,77.2941,77.555,cat
f689f0e3996ef546b77147ebc8eeed6f,177.109,131.6151,101.9428,42.7602,49.107,59.7345,cat
6a5d3102b1e033b073158e79a8a2c568,99.9888,105.4761,77.5136,69.1442,59.0394,55.1674,cat
812206a6da6bfede676833bbc823686f,111.3131,107.3801,98.7905,58.6057,57.4014,55.002,cat
c581cb0472b61f2d440667f8023f4b42,126.1513,96.7956,63.4464,52.8145,52.5172,49.8813,cat
78083313ef627464ddb8636fd1cfec44,99.551,100.2516,92.6819,49.2695,47.1676,53.7194,cat
1bbcc291c1e9be4d2223053390427a0e,114.0566,124.0457,120.6786,60.4347,64.808,77.3836,cat
c2c164deb7a4d3a3d773645cc8f9f75d,122.3529,115.1073,104.7703,61.2231,67.5118,74.6476,cat
8efce28199facf34fcced0c54cbb059e,57.7518,46.4732,41.4352,58.6991,51.1245,45.6538,cat
ccc0826b551ed10652bfbb99d3d44878,132.4786,121.1598,127.8601,86.8157,75.7245,85.2036,cat
dae7f2c3abb2d72b09d14903cd75415e,110.7434,93.899,88.2029,47.3536,61.3517,64.1478,cat
02acbd24e69812401d07d30c21384a5c,111.6282,88.6166,70.9236,84.9455,86.0023,91.7271,cat
900a46b8aba9a4243056a9b4a900d97e,110.7054,111.2091,106.3339,66.8683,65.2163,70.9627,cat
3d0f1a462c9f02b24ab746bede5db1cc,103.1447,110.3188,112.5392,76.2277,77.0311,76.8083,cat
1135100559450e519c6423dfeb5eed3e,107.763,110.294,96.8619,55.1661,61.2405,50.6132,cat
6406e8ac18eef664c8bd953126ecd4d4,135.9241,38.745,17.5821,74.7616,54.4231,28.2165,cat
314e94412dd1cba44955b66bba73bfd5,91.6769,117.0054,87.9039,61.4053,58.3433,65.6247,cat
e529f7af823da44b071fcfae12b5cf9b,81.4941,96.9701,61.4081,90.1896,75.7746,59.5893,cat
db813170575c55e27685a497cd33d90a,135.1791,131.5762,117.2711,54.1181,56.24,57.4058,cat
5145e9baa270b46c7261e3badc739d1d,126.622,122.4703,108.4018,54.8141,55.9624,60.188,cat
1b8a60178fe267d55af59b37d3773b11,147.035,139.6755,128.3772,35.426,36.2757,38.5804,cat
837d5f0cdf5ea4b82ec4ea28171b2c11,123.4514,122.346,112.1568,40.1598,37.2249,33.508,cat
1cb2f39f8e9dbac77e9a3e242bd54558,132.7561,94.3883,55.1545,48.9011,46.3919,43.9457,cat
ee7e0805f7c853fad66699522b5ec0af,109.4784,126.9011,106.9051,44.3809,40.6534,61.0765,cat
fc05a3516abea6c8d230f65a3d71d1de,130.2347,76.9799,86.0742,53.3566,77.1517,73.0306,cat
78022b2c9dc425e5fd11ff35aafc3b3e,138.0645,132.7663,126.3787,58.9805,58.9958,59.3055,cat
ab5ee67c85983990d633169f45ec37f2,159.9887,156.24,150.0396,65.912,71.3946,77.9797,cat
aa1318ee309916fbdf91b1db547f5c8b,74.8024,69.0288,67.243,52.9881,57.5501,60.6416,cat
3a29bb9d48071f32f0ad9296064add7c,89.3215,94.2327,78.1378,57.1499,62.2121,64.1553,cat
aada58ea309ef8af10a68ad4ca630d9f,153.6487,147.659,130.1214,52.8775,47.0514,38.1937,cat
a060b050314fbc2b954f622f6cad1a0b,105.9908,94.3071,76.3919,41.7778,34.7524,34.9113,cat
b501999749deb2de55acf202140cf86a,163.3319,148.1678,107.9003,71.1565,61.0768,45.48,cat
c8ef93bef5601586c30dc96bc817228e,163.9507,157.8301,149.3372,73.2499,69.4816,65.1648,cat
fe6292fdab87f22e18ea5598d9155697,180.241,148.8823,110.0426,61.9079,53.5464,43.8943,cat
bcac9218b96e2448d5ba1e4cf12104fb,125.921,113.5161,102.765,56.8937,60.8613,68.0322,cat
7f620f06e983eb928017411e32fdcece,110.1437,93.1757,70.491,75.0682,74.7753,67.4689,cat
e02d0c3deb6ac1b87cc0ce176b9b4d26,116.6266,114.1643,113.8649,41.834,39.6811,40.9505,cat
899e02da8c07fee136103cd8101cf3e7,113.0111,84.6977,51.4375,52.3465,46.7868,42.408,cat
46152228757548c75916aa2ef7ba878a,130.2499,126.532,128.5747,60.446,64.7311,65.2052,cat
11e11fc4af3d03ff131bef71f71b4c09,105.2886,92.5225,81.6474,62.5121,64.7331,61.7274,cat
c539b9c3fe03efd0e61b158d49cc480e,103.7753,106.7301,104.3865,68.5604,61.4301,68.1751,cat
f65b91e603df6778edf95211c6159767,89.2753,79.1486,74.1756,49.8272,46.6923,45.7983,cat
e34552cdcfb75e89be54b5182a74d07f,84.2751,72.0496,67.5532,40.5373,43.0125,43.1671,cat
5240dad684b96059d20548c1436f380d,135.613,131.7,126.3245,86.1521,87.0298,86.8569,cat
a914060f1a28b07238a153783b2b2258,137.6421,138.4291,141.9049,39.8536,40.8839,44.8681,cat
6e2ee7f9cba473cdd23a5a6db86da2e1,52.0541,34.4493,16.6728,37.3121,31.446,21.5648,cat
da3588cce23437fe0d96a6cd0f4d97b1,171.3685,145.6855,124.1654,47.1786,57.2044,61.5368,cat
65dee75dc07efc38efdb9f2b6e7511dc,142.6349,129.1251,120.1962,68.6114,72.6788,75.6627,cat
3c966fbb31bc2069b04c37d6069a4e04,83.3751,53.848,34.0989,53.1723,41.9267,27.3253,cat
b66d5eeb6f4ad12d18e57c6f01317bad,119.9478,112.6061,108.9969,55.4499,56.6632,56.1747,cat
60a8270d68d8280bf7b39eb615931a95,135.5929,102.4997,70.5763,51.4954,44.8721,34.5874,cat
7dff1907e4baf0fe6418be5bf1ed6995,75.2778,52.7985,36.1745,51.7374,47.2131,46.8339,cat
45d0912361a25c9310f04de000217683,198.2587,207.6005,198.3886,40.1286,33.0093,26.7493,cat
ad28fa62098543bc08b599ef87be6b5a,87.1908,63.4414,53.6981,42.7885,34.6367,30.2448,cat
28eb888cffd32e9239c7f25ca9d73d03,143.095,127.9117,120.1774,52.6889,60.3051,61.0181,cat
7efceb939a0dcb3f452c736289be14f9,143.5474,115.7391,90.3646,64.3325,59.5583,46.7817,cat
39a51292a87708d88fbba26a3a0aaae4,126.9811,128.2139,109.0203,48.531,49.6526,48.6829,cat
caf2c4300f661d429f3096270aa1a530,88.5492,126.9654,166.499,53.0102,58.8899,59.1019,cat
ee57a7304e5c7ae17e59e1058f13d201,78.3871,71.934,69.1489,45.8958,47.0107,45.5897,cat
7e2301d3e57d62951bcf23d944d5b56d,151.3093,70.9896,64.6782,53.6842,66.4136,65.1261,cat
b02b775dcec17ab749ff55b8a1c0efb3,123.0162,121.9297,102.379,66.2792,53.5531,64.0332,cat
013b7f19cceb3693a877d00418cc673e,178.1473,138.0618,83.697,41.3766,39.5038,43.295,cat
47a788032631327fcd15c9dcae3973aa,153.5254,149.5538,118.2418,48.436,40.4986,48.4887,cat
1c6eb53302e8caf946c2016613c6e332,111.3727,95.2138,85.1113,64.0267,67.7916,74.5731,cat
73d18ce476351763e5dcf9a374441584,97.6275,77.9971,66.0765,56.8057,51.405,51.0609,cat
2360868738c7dc87ab6827ce9bc9ece1,45.3049,50.986,70.8102,51.0158,50.4771,62.226,cat
ab32e6f50de0c949edd8a20d9c79595e,140.8036,147.3746,132.217,69.0853,80.7721,86.0807,cat
790410dce4e420c6c7894db64a6062d0,57.0511,40.3943,39.4171,38.0898,41.0778,40.0887,cat
033b3f5108e479a1db82623c1d77fc27,104.0981,102.6663,96.2026,59.9419,57.7361,54.2627,cat
8e22bce4a82ec0da13aab1a2b47a3c52,100.5445,80.6779,46.3837,37.1983,36.6556,32.7388,cat
97fa29a04d4eb763b80f07cf4c94187e,94.6805,81.5297,77.8102,50.2973,51.4506,57.3693,cat
121f9195762805e32bae1164f47eb552,99.6914,104.2819,100.916,72.0298,68.2462,76.128,cat
a9d39198a3316f85a5f3e35463373225,111.6558,105.1559,100.6464,40.3826,43.9314,48.7034,cat
043d49c43fc879891ea555c82ccb3372,144.8145,131.6837,115.9575,76.1984,71.6997,74.6306,cat
2a548f9bef23301d867c0b6f3e4ab972,131.2714,147.9448,126.4718,54.5564,51.5695,62.0977,cat
673d09fe2af7909a27c250260594247a,153.8684,124.7684,93.2139,32.6008,37.5086,42.2331,cat
d4ec5f76bbbf4034efbba1638d0d39f5,87.2598,62.608,54.2416,74.0985,65.6307,60.5991,cat
d86ef844b618daf64df8844430723c7e,110.3554,101.5667,93.0649,50.1883,52.9295,53.0119,cat
c7161555f16478e501cd83655b418245,112.1465,124.879,113.3994,63.5767,60.1676,52.125,cat
8630306bcc13652096ecd598a867cc14,164.1926,125.465,108.4904,71.396,89.5736,95.521,cat
c0be08546f12db2107a4aacc4ce3609d,94.7301,92.2882,88.6411,80.028,79.0627,77.9677,cat
44354c7545202cbd06c51d86c9fa14d8,61.094,52.8686,51.2273,46.1739,44.8413,51.2327,cat
25cc17b4b3110d82b50a4c3d70f9ff99,167.2066,163.3185,158.462,62.3828,66.1538,69.0902,cat
14d80cab2167ade3429b07386c2d94dc,59.9123,55.8647,52.145,44.4339,41.0335,38.6878,cat
d0a8f6bf7c9377eaafbd239981759709,112.1377,118.3939,123.6455,33.7034,38.6245,52.8795,cat
3cf9890a91ffb2b414e9a179c9802ee7,135.2115,154.3691,137.0287,38.9613,38.4825,80.4914,cat
8a5e4617cbdb1806b464397d1eb1b232,65.9925,32.2052,25.2748,60.403,42.3183,29.4506,cat
983f3afe71cf08e82ba2abfc7c4ceeb2,92.2046,89.1086,67.5371,54.7592,54.2736,50.1293,cat
4e05e9cbe3e523fd75dd40b5ebfe004f,68.7879,59.4258,61.1546,36.5731,28.6317,23.3465,cat
275717f4020e8e52cb37d1b68271b906,118.6056,108.2077,94.5474,97.4798,101.5059,102.878,cat
68e0e592e151f3136e3e25c0d53cac33,111.3005,105.5835,98.1353,58.6854,67.7315,75.7185,cat
9f37e1309fa5b830873115f2ddf3b80a,112.9307,92.9244,85.4162,46.0984,55.5705,67.5318,cat
11a23e0f00ffc2312614176c7b5d7d4d,161.4891,146.3739,135.9885,67.5341,73.4203,83.0921,cat
f6d2aa5afa84b557b9ac3f6f188a5e6a,135.787,131.9407,122.8303,71.5561,74.8803,78.9431,cat
6a6ce0d636ef41017e27000b71e2f03c,157.5319,145.929,141.3991,61.9055,70.9787,76.6175,cat
2888a24728eb062591711b65f970b416,135.3369,113.2809,97.361,65.6487,66.0034,70.5201,cat
8b807d77f9d200bfb8c7b452df2c90cc,93.0574,97.2825,100.7149,55.8293,64.6215,70.4278,cat
bf2191e9f2565c2e8d92ea93592d0664,113.3884,97.6913,89.8661,39.5188,39.1568,37.9618,cat
0477750d22cb8229a36e406ec66aa613,139.0132,122.9546,115.9626,74.6414,65.1069,55.6185,cat
96032a90d8496674e8d6874a495e39ed,87.0507,131.0909,165.2851,39.6732,60.4549,89.8066,cat
daa92fb89c8092a836ba72fd393114b3,142.901,137.4849,126.4099,50.4328,54.0696,61.6249,cat
c433ffcf3307fdc5e18bce94eb99f3b8,88.8981,82.299,41.8811,73.555,68.3087,51.0102,cat
b45c251d675d8f099b394f1b8becfa19,134.1485,78.6837,44.7036,73.0206,57.901,55.2936,cat
e2fec78b15bfd15c51998964a537787f,101.0634,84.84,58.3488,73.168,68.4543,57.3445,cat
c1f5273335bea772c469369fbb6fc0b5,124.866,115.9891,108.6621,59.9726,58.0586,56.7025,cat
f3c6e7e990ad4dbb1c59796fbb17baf4,161.1443,139.3533,119.5278,66.2735,67.754,69.7841,cat
ac28f6c0d8db91942b30da5fd401f8d5,49.2551,41.0575,49.007,44.8978,44.2783,43.365,cat
37f4a80788f49b6a4aa353623268de38,104.5982,104.7147,106.6377,91.2707,90.8485,97.0423,cat
e9e7e3ec1a5a4ce29743708eaa442128,133.3056,99.8088,69.062,68.1807,63.4542,63.0932,cat
80bd48699b864b9c5f312912350fd762,149.2237,138.6523,132.8871,84.8865,84.4652,84.1226,cat
7f97fcc110ae6a21b26532a7b14c516b,92.194,92.0452,89.5621,51.2869,53.0208,55.7074,cat
96d7bc141d0a53f52a3d885e8f4890a4,136.9743,126.3791,122.4463,54.1808,56.4492,62.6546,cat
df8b2c2d584354cbf26f8654f2e06094,127.6675,107.088,93.67,48.6608,56.1667,62.4635,cat
8176c2cd6d66817e9629c6d66443ffe2,129.9193,110.6878,94.6978,57.2111,66.7394,66.8231,cat
3f5fbf83f2e46879d3832700137fb7da,98.0796,95.8388,93.8797,52.6904,53.3474,53.8721,cat
035600e0e4d9ad34153a931947649a20,220.6477,217.0917,216.418,65.8082,71.0666,71.6377,cat
58379c754ab7719cd28e5eff057a2356,81.8663,81.9773,81.815,45.6789,48.555,55.3777,cat
247e37cce072abb9c58841ef533eadb9,102.0332,81.1283,67.6458,54.5896,47.0123,37.27,cat
8c24a48c3dd6fbe4a1a1543e30fe0a32,138.0213,134.3797,138.7709,23.3981,25.0465,28.0859,cat
5e98a26d7cab2fcc9fcf095db6c4892f,116.5458,107.2783,98.5258,62.3767,59.7313,60.4366,cat
f92d86bfe384a51ae54dccb4aa2134b1,135.0739,130.5113,126.2399,92.6746,94.6038,95.8356,cat
7aefcb794c1d0071d92e1525043dc4c1,60.6567,84.0165,56.8377,47.0399,43.6054,52.1229,cat
dcdd7cd478624b519b814124be902a59,122.9245,115.5483,113.2621,76.5904,77.6161,80.1937,cat
8090feb0a6eaeec9c3306e69ba5703be,74.0815,92.5664,125.6879,74.3793,60.3484,48.853,cat
d9abc37b2560be3ae93095a1f3d962d2,54.5752,50.3516,41.9094,58.0353,53.2237,49.4659,cat
4901a5883d08fb26b5f939c53d52c9d2,141.7839,127.6843,119.5084,69.6641,74.6612,74.1031,cat
062d5df5b4493265637a88fc25682753,164.4573,163.7794,162.5474,57.3357,60.6378,63.2664,cat
bcf84e314dedda7015a71400e196758f,100.1837,97.2376,80.9063,63.0067,64.8844,74.0809,cat
c98109324a37ce242a0a4508f1be17e3,110.3069,98.1267,83.8149,63.6627,67.233,82.8981,cat
f26254ded37aec1021c4771de7620527,57.2276,46.0997,35.8561,48.4269,40.4664,38.4155,cat
7429d9a8cd736866337d65172659b21b,162.9074,140.0923,122.7575,59.4111,58.3275,60.6469,cat
81d8f876b254b4dbd9b48c60957ba4bf,65.976,64.0681,91.4451,87.7771,85.7695,61.4383,cat
5ec39a861123bf9d9d6f388f4142fe70,130.8077,128.1479,120.2743,55.2748,54.7452,58.1124,cat
7f052552a5c516c3dca7acc383f31863,128.4903,122.8548,117.0918,44.1447,44.6218,43.432,cat
459712560e40e34c6734a89ac1719ee4,175.2741,164.4123,158.1202,62.7919,63.1359,63.2162,cat
6cabf00666a529feb18df6f274cbc31d,106.1275,75.7909,57.9797,79.5411,60.1898,44.0982,cat
b1ce97831f9298b9b2d85bbee6d8d897,91.9415,88.0484,65.325,87.325,84.752,77.5513,cat
39f096d50c62021513617ee90a415f41,136.3257,143.0753,146.2486,57.3507,61.8376,68.8894,cat
407cf772ac78c790d09fe3d59a8bad05,119.2885,118.8022,119.2535,65.8055,68.0642,69.0483,cat
c234783d609c5ce617679e284d0fd76d,100.1729,86.8371,76.6145,53.4747,53.8837,55.3254,cat
9e0fd5595421e0419d172820e1042445,146.3302,129.6868,88.0799,35.4084,35.3314,34.894,cat
20c710a65ce5f6e9c6e0c26791e60df3,106.1699,85.77,82.398,83.1548,65.7409,70.0516,cat
b0f56def578ed1751efe59299f8c5702,116.4425,109.1322,108.464,44.6293,49.1621,51.8665,cat
f313e025fbeb7233cb9efee031e9e427,81.0039,99.8745,70.8976,73.9056,68.3341,80.7366,cat
aecc68e7a7d8d7a8a70e5e8a392683f1,143.8494,126.9864,117.3761,42.5246,44.8019,46.9344,cat
507168fbf366147efa349f4a14c8840d,107.6469,104.2472,99.4824,62.1535,64.8754,70.1011,cat
ef4eb3520f062dcfc02a5009c099fce0,148.0118,100.6574,60.6302,66.0478,60.5938,52.273,cat
c1dcc631ea619b48dd5dce8149322c72,130.2843,102.679,76.4321,64.2852,66.2142,70.4373,cat
b495f3ac1754c0dfbf9a6eec551f129b,143.0468,123.5735,90.3244,30.4432,33.8781,36.4497,cat
2fa82ced79255e7ea2a1889bc43a5e2d,163.5407,130.328,94.504,40.525,42.248,41.1258,cat
d7298360cb899505abf6df8f6dd5ad59,111.8204,96.9251,76.1319,29.6524,28.9247,29.4681,cat
f65482b08d08c87fe59e430a6b5e23bf,105.1397,96.7307,89.7019,44.3513,46.5235,47.4565,cat
a993d60c1d9099ec222b7fbd7e5b1a05,105.8346,100.9628,99.4549,39.2607,38.2628,38.7102,cat
5e1153a718aa0eedbfe1ffe001d5c71d,90.1581,101.371,84.8107,46.7724,43.8431,50.2048,cat
7cb8d2f2f3ea5e9d3ec05fba56cdc0ff,143.9104,180.8836,207.3528,60.0494,45.503,43.8134,cat
4e079ac97421524fe31ad68227f2ccd0,124.045,110.0016,94.655,35.5494,34.182,34.46,cat
8370467f8024dd6f83c8a7a9d25baeb8,66.6374,122.8181,94.6669,53.751,27.9805,26.2414,cat
93e12b69998f56868ee2097b5afe527a,166.2491,131.6013,76.8146,52.9937,58.5148,67.112,cat
3c45a45ad47a11bef2dcb6229ff1740d,181.5544,172.5962,163.8628,86.8718,97.0406,104.4066,cat
a0420a29dca78fdc3f762d91779c3464,98.9859,98.0379,94.028,67.0936,70.7857,73.6581,cat
f5f559f5cd1ea9fc2551853251fd8e38,102.5019,102.4689,101.3503,71.0902,72.0347,74.7674,cat
7dfee3bf6cff6fc68e0ba5efaa965b7c,91.4506,91.4506,91.4506,65.2453,65.2453,65.2453,cat
a94397d89b52e9a7964dce7a0a262065,224.2,63.8888,99.0852,67.8678,20.0518,24.8838,cat
2fa766d434629836e001c06818b8116c,180.485,157.7431,124.2527,36.1854,40.9269,42.1147,cat
4d26ed7f3fc37b4d128a4a28c911eec7,52.1735,51.4798,46.6462,38.5103,39.6793,35.666,cat
44d50b96c7eb8cedc50213f695536589,127.414,126.7925,126.6558,73.4727,73.9843,73.7211,cat
3185e6fdb27c67d83a84f6291a06f4f0,178.2944,152.4798,118.2146,75.1872,62.1132,46.3157,cat
c676862d09c6ed3ca40e866a9eb13ee0,145.543,142.6744,138.4545,63.9384,65.7697,66.8258,cat
f473c26ea6fa94d8602d5871ff62ace9,127.2534,99.5665,78.553,72.3898,68.6039,65.525,cat
dadcd329c17c1d3debe7e5eea18c262e,89.2082,73.8098,58.5485,41.7603,45.3762,47.1494,cat
11b85c27e9ca671e37f5cf835c92538a,137.2447,100.3079,92.9047,54.8732,51.7299,56.8857,cat
e4f956a9b48676b174a613ce367d9a42,87.9354,81.9216,76.395,61.7932,64.8972,67.3308,cat
5adbe3c69fb31dfd21ccd6cd176947c6,65.7741,70.2592,66.3752,51.5883,53.7391,61.185,cat
9ea73c7bf52bd60b1f3498774c94e18f,134.2399,112.6739,86.0212,46.3555,41.9593,43.9176,cat
b6e9496af36aae7f315e45b0bd1cb916,124.2617,118.8621,105.8385,57.3751,61.1963,60.9498,cat
89ebd4e1774323bffd6fc2c8d44408a9,179.871,182.5627,176.0558,61.3353,67.97,68.2788,cat
a499789564acdc4ddc401d7bb6cddbb7,156.5524,147.3497,131.4062,68.6867,69.0052,68.1072,cat
a3ce6896c8de6101cb9643edf5d8a591,137.2526,121.2406,120.8803,77.96,74.8359,74.6354,cat
0b762b4f2f08af2123ee97bc91c40ac7,132.8903,89.1594,67.5414,32.5797,42.2063,48.9378,cat
adba7795e74fc4993bae6cfc7906e6a2,135.9244,124.4621,101.889,60.8016,58.4486,62.6397,cat
6353d9e5a340c3c437cbc952ace4bb57,126.0672,107.8912,92.3766,80.1227,72.1268,69.2024,cat
6540e8544528a51519dc89a8fcca7d74,125.6813,116.5786,107.5747,68.4543,75.1494,78.0183,cat
5d0a7767075514204d33e3e9388a8ab4,102.4275,91.6685,67.4607,71.0687,60.2949,45.0851,cat
a5ac6069bf767e997f63f1170f2e05ea,160.5144,159.1892,158.3299,52.1125,52.8041,53.016,cat
354956ea815313244e940aaa03390140,137.9293,136.6863,123.5456,91.1696,87.3058,71.2848,cat
da6269b44a32211d01f8557611921f82,75.9028,62.6054,56.6749,77.6485,67.6066,72.9025,cat
e6437afe675da24e19dda7dce7ef2c64,124.7794,123.2183,116.2698,82.0477,81.975,78.2492,cat
bf4fe9629a2610da16c980ee8e566b0e,104.6689,80.2372,57.6071,63.8882,60.2802,54.0963,cat
6ab10c50d5142d70ea05042bd1dc5515,173.526,162.4726,149.7914,41.4279,47.1427,58.5979,cat
1389b1c9896313695085e9f0fa1074ca,81.1804,66.164,58.0801,30.3701,35.0355,35.5206,cat
38225d40d272dce28a2bf3f05c3c9d5b,128.9415,103.3837,83.131,67.3405,61.789,59.6292,cat
61c9d3f658e406ca89b69fd5d6be0241,72.2816,71.5068,54.0746,51.6314,42.7482,47.0812,cat
c09f7d66a34a0b7609da57aed757fce4,174.8096,180.6253,186.3282,65.623,67.3002,67.1761,cat
13b7a808a18d71b6384e82e5a72e9f68,169.3095,146.8999,120.7719,51.7493,50.3504,39.817,cat
47bab3edfd2ffceb51ab713a626a4adc,92.4591,57.2756,42.0743,46.8928,51.5823,54.5882,cat
f0bf961c5848e7a4bcb3241847fd958b,115.335,69.8227,52.8931,83.4001,68.6953,58.5145,cat
c5d001b1f4f45be1c87ac4328a5c4482,177.6953,173.3418,185.408,72.012,69.9992,55.481,cat
606f65b8a1851a7b0818b31d168a86d2,164.1021,162.5664,169.0467,94.3913,95.6734,91.1333,cat
450ef846e82ec53aa80bf6309397b56f,103.7042,100.2525,97.8325,66.1753,68.878,71.8273,cat
d9139112b5a364a8338847dd723f8c24,104.5942,106.8872,77.4398,49.8519,50.6589,52.967,cat
464952285e77ddd13f03ec4eb07265a2,149.8311,157.245,155.7879,51.7211,71.9622,75.1588,cat
be79d3c037efd5efd7644809457a9535,149.4744,116.1179,86.1394,47.8569,43.9701,40.1956,cat
da71c3562b375bbc833d4ad5d9c55f40,117.0683,102.1237,96.4659,59.9538,60.7241,67.7768,cat
7e4e5ec522618fcae6bbc5601280c9ca,105.9692,95.1894,78.5841,72.8558,65.6118,61.635,cat
afa8b05d6410a2762b9b70b976ed3f5a,154.7375,130.6675,115.4995,56.2079,65.177,67.557,cat
2f74daa44a53186e4f121ed087602834,170.3058,144.4367,110.6572,40.564,44.8277,45.5751,cat
5bda3121ed0a5e4e8a82efc9c7ccd44f,137.2276,132.3691,113.9311,59.2677,56.4651,61.3387,cat
ff01eb49ddb494458f80f4bae74d86a3,57.9698,56.9351,47.0185,59.7993,56.9905,50.2254,cat
5f47efe140d34a7e59e1528ca53e9c89,140.028,128.3193,114.7604,46.2267,44.3122,41.96,cat
8997732ba051e82eaebeaa65e09158cd,147.1222,140.5079,129.6741,60.7009,60.5057,62.8057,cat
2b42a9845242e5bcf75ee32d8b0fd2ef,127.5414,120.297,107.0643,62.8423,64.7633,65.392,cat
b55d4d5ed45aa22c1becbc36ed3d0a4a,51.8714,41.617,32.3184,60.6813,55.1619,49.7094,cat
d96b6f2a16cc3e61ec8f8dba51beb7de,95.3333,79.0049,64.4247,57.5965,49.0531,44.2402,cat
bce4ca80e67267bafc6788b1e9a2e21a,149.4085,57.2087,47.8326,41.1525,44.4645,33.1829,cat
536c217b99e2bccd5cff1f4286563d81,107.984,92.1215,67.4336,79.2729,73.5634,56.7926,cat
1c09940a42c8e4789f87b6fdf0fc251e,111.7506,104.2763,94.8529,55.2076,59.4157,62.5731,cat
52599dda6357c3eb19130f3e5fc7a36d,132.4181,91.0543,53.9908,62.4953,51.4712,36.5804,cat
161dbbe073daffca6d22fa36882b9a6c,216.1249,143.571,160.0909,32.4342,80.1731,52.3442,cat
4b82922cfeac8b6ceac400079c42b3d2,148.1907,146.7191,147.3646,69.4094,70.3135,71.6793,cat
03773482529ce0c5ac02b30f42ce324c,168.39,129.0506,96.2979,70.9192,65.7764,64.2492,cat
0594ab800c6038c665a48668e6737c32,106.509,90.6937,89.2536,52.2027,60.746,64.4672,cat
83a3a542b279dbcb197299a049455923,103.8912,95.9317,99.7479,70.8042,69.5229,71.3733,cat
56084071659dbe0cdac92a783d35779b,98.1798,94.9336,87.5336,69.4396,71.732,73.6657,cat
416b09de96216301e7d576dc0f9338fd,117.6288,101.5063,92.8272,53.2324,53.0984,50.1533,cat
89fa11beeff5d2f48c1cb7ba8e32e155,49.9742,48.0695,44.2987,40.2554,38.4087,38.3155,cat
9ffce45ed30f106ecd00df4327d4b84b,116.687,108.4404,94.2168,65.6482,62.2584,59.3588,cat
1668ccc7960ba19e6333c69023e495d3,144.4114,141.1788,135.1779,59.661,71.4058,82.3573,cat
7d25e9b7bbe8b2ba5ff0bc3c6144ba97,108.8108,135.3991,91.276,76.5919,53.3242,56.7703,cat
be9403c0cfc689f0c2036d67738baaf2,126.0017,100.8969,87.3667,62.5652,66.3649,66.9715,cat
84dca2ae52cc4f0dba5972c60932dd92,106.5346,85.9662,64.6446,66.5108,55.9178,44.9921,cat
3b76009581f945aa8661f82138a7b290,122.9361,113.3585,101.4327,61.6527,51.5636,42.0226,cat
b2dce213fc8c710c2286228d4500dbf9,171.8241,136.7216,102.2824,18.332,34.0139,43.6638,cat
b4637397f4125b5a72c613bb522d5662,123.7283,124.3475,132.0105,53.7556,62.4851,73.1893,cat
9f2f5da333ff258c5f82ce02a51cc94d,119.4455,100.3592,96.8183,80.4702,76.8179,77.8589,cat
60bead673ba2adb87ecb0cb4d9bb9608,144.8348,148.55,151.0484,77.7353,76.146,75.7474,cat
074a94d13d859d555667fef649b85ed8,75.1675,75.367,69.1262,59.3946,62.3969,69.5991,cat
db65fe31cdbd4e261d6046d03be4c7c7,104.6521,99.3421,92.7509,76.7195,73.8624,71.8418,cat
5ee87b5360cfe3229527e77342c0dcbf,141.6149,115.7661,121.9384,56.3255,73.5417,72.5991,cat
6f5a0d215e8a0e2ad5488499dd624d42,134.8071,109.1995,58.3571,45.9816,43.9935,39.687,cat
456700fef3b1fa1d2a2b99c18c02d7cc,149.7182,127.4692,94.6811,62.4101,64.1578,59.0961,cat
9f7cecb9b30d3dd37148bbc3225a7c9f,95.8863,73.3237,59.7276,55.5696,50.4012,51.3724,cat
673495627a26d24b9bec4fe86e002d3d,102.3344,130.6215,141.5641,65.8982,53.2264,47.4982,cat
b7d9dd7c21aa5a22a464b680315d8f55,102.8429,100.0563,97.8163,50.1236,49.8122,51.1063,cat
ac3f51069b4d4935eba743380dab9850,94.4696,89.8049,79.4394,65.8065,64.1711,64.7231,cat
774090778902ea25cf97c956dd80c51a,141.119,140.7365,136.8363,80.4723,84.1786,84.3859,cat
c1e298069e2db261d0394c338f3b6191,143.7534,101.7984,76.8397,81.1714,59.4691,52.5693,cat
659bc2a2f98ee4e3efd89fbca9aa8e52,123.4412,114.0973,119.0902,81.7541,75.6121,79.2881,cat
8da9073ef5d5e21941e29aaea77bd68f,104.5142,89.185,73.9996,77.7831,66.0497,62.5713,cat
0faddbe86af24470686514eb68daa896,151.8827,141.4851,114.5041,33.5445,33.2261,31.3371,cat
b47789ebdddc25f465e08f3d91dd0ad0,142.0296,80.4948,47.836,100.8971,52.5749,39.8964,cat
0ce5bb1890d8f465f761471e2f0f0098,91.917,88.7885,86.4215,79.4933,77.6974,77.6792,cat
4bffa9a289ef2ac3a08c9a53070cd2f7,102.473,103.534,98.3108,62.7804,61.1434,61.5428,cat
a6de941acbc78ec037c8afd0c789e38a,135.7244,114.0666,103.2696,59.8229,67.1641,66.6405,cat
486b01a72d210acf3738b9e91cf2f710,162.5413,157.3111,150.5598,52.6433,52.0197,52.5028,cat
a2cde2058859d6faf5a10ef03ba50744,192.0583,113.9413,101.0359,38.4739,29.3833,24.83,cat
d7caa9449850779dd4e3c6f4765c024b,56.0456,41.3663,29.6965,37.6115,33.5603,30.6977,cat
6e334ecf136062a3a76b9cc2245b7da6,96.4849,91.3148,78.2331,77.8113,77.1305,70.5188,cat
8399e3dac1208517aaca794242778425,133.8007,127.1741,130.3631,65.7637,65.0373,67.5197,cat
bee7b9faf538ced6c2ea8b1a43ddb4a7,97.0759,97.6273,104.3672,65.764,57.8474,58.6466,cat
4c775d351a32985a8b4d0ae55abc2f43,162.2252,163.2922,153.7762,74.0992,74.5259,80.964,cat
978d7979f6b84a05cac4ea3b4036c0ba,83.8648,77.2286,73.9863,55.586,58.4147,64.5498,cat
8f6d4dcfc62d725d6d15fd906d6c411a,119.7769,119.9519,121.1903,87.827,90.712,92.3275,cat
6c649cbc7b2f9343dc8b987c1e2e3bb0,135.7571,117.7935,101.1715,60.1496,63.4283,71.9214,cat
990bc2483fd117a968578ebdc384d849,97.4604,115.9247,132.3504,57.667,57.0315,63.2211,cat
2addde0f4d237823d47ce55be4414871,148.1227,149.4604,141.1347,85.6328,87.4501,94.6418,cat
bc32e57e232b9ed1b08575780968c984,145.0048,130.5408,133.2042,56.7943,56.2837,55.5811,cat
7cfab2a488fd6684da2cd8d3a608de07,99.839,97.0824,91.9188,66.387,64.8011,67.2986,cat
846c058ae2970a2d7a0765dc9b7cceaa,81.1799,80.539,78.1214,76.3265,82.5624,85.9461,cat
bbe6ced13d58d630ba5b982346f54dbe,152.7079,137.1747,70.3317,81.2303,81.5274,48.7303,cat
1674ebb3e24b4f23330ab0672f660916,97.5568,68.0654,150.1059,35.11,44.3337,24.2001,cat
605200480d272c60788e80b34ff42e47,137.4307,132.6092,124.9235,66.028,67.8514,67.3308,cat
12baa6bd267458f6234334f8a43428b4,115.654,102.7403,76.1211,74.0058,71.2532,73.9732,cat
40370a14591647fe16c6d3bc18a131f0,147.8115,126.5494,125.9624,81.3689,90.6083,89.3439,cat
b7ff35ce8d6e087e25b6ab1efc619614,144.639,144.0694,149.2147,47.1369,48.8549,50.3729,cat
68951e1bafd96b94578324c47546d7fe,112.0155,100.2837,98.9139,59.368,60.6185,63.6105,cat
47f62fa2bc9f74f300c78d811f5f78f8,112.3821,109.7294,102.4339,47.9964,48.6518,54.7647,cat
247a7392a07bc38c2cef5ba233b6a9ec,138.2332,131.0881,130.9565,62.8093,62.5042,65.1094,cat
a2f3b96bdd8d175ef08263722e717748,39.3187,36.9562,33.9419,72.4939,71.2287,67.6753,cat
62f24cb54568693ece73570a37897e27,109.6675,69.5127,44.269,48.9268,41.3089,33.0051,cat
50a4f0767a0363e257d54c3e0914c877,100.3566,67.6526,59.858,62.457,66.8306,60.8549,not_cat
a7b48a881c93665f7be6c036f04f6a58,160.5328,161.3681,167.5956,50.8133,59.1621,67.6411,not_cat
6c09c4c47e6a111fab06ea5c4aaf3046,118.3576,125.0105,79.6244,55.1926,59.2175,58.874,not_cat
d0c48feb1f82891ed0085feba0ec922e,155.1068,136.173,131.2349,67.2056,65.5228,64.8688,not_cat
c908ba8e948f1e83ca607b6b611368f9,121.8897,128.5094,107.0254,68.6983,66.4641,71.5901,not_cat
580bc81c35ae67536e6cf042682b14f9,116.775,124.5301,126.8051,83.3105,85.7916,91.6675,not_cat
f67a636495ee33432079076fd20a35b3,122.0761,141.5995,151.2282,30.7789,33.8564,43.6741,not_cat
c6061cb3e5b56591572fffb6736fd8d5,60.7224,40.0547,29.6206,59.6348,42.5573,36.6777,not_cat
d2dc9b4e96716a38d7c49cafb3acafc6,122.1769,112.2349,102.7822,55.642,56.653,57.1553,not_cat
e10ff30fccab18533c7726fbb4409218,98.5651,82.3221,75.7907,51.6898,50.1504,49.0662,not_cat
8161c91e4e3148e0df94a21c51154544,95.9985,76.2329,58.0028,68.6197,60.3741,49.5145,not_cat
af399f9f285602c3e1b3b55217738e53,101.9469,121.3908,61.9633,57.3198,52.8214,51.5637,not_cat
52de9b797d6c1bd6467d94931960f348,146.3672,120.1522,88.3354,42.1963,47.9591,56.1806,not_cat
daded2687a5646cdfa3c047652b6104b,116.613,117.9436,98.2737,69.5615,66.1273,55.7703,not_cat
83f2804dc7b728effdcb809fc4bbf926,80.1448,61.3721,50.8934,57.039,49.9587,49.1218,not_cat
b69e791011dddaddbf8259741768935e,131.3781,114.7,99.9803,68.5272,67.2825,70.8893,not_cat
246f2fbc4038c64f03ed6b78c25a46a9,107.5111,55.5219,43.6828,61.5035,68.6518,67.2857,not_cat
1d03177918ea1b5a48966c579d431230,138.136,129.7,127.7624,56.4246,63.9682,68.1492,not_cat
5659cd1d5a323dee9b0e5964de3d5924,190.1068,170.7527,148.2502,42.8747,46.0915,49.026,not_cat
614db2ca3995e3cf536bceb518427c53,134.4895,126.658,111.313,74.3439,69.4523,74.6868,not_cat
ebe988b1ac8454a014f7825e21fe7262,116.4073,97.461,88.9272,47.815,51.8004,52.6327,not_cat
363382d7f6a3c55be215fbf04e939ba1,90.1934,86.1383,74.7096,51.8376,50.274,51.5085,not_cat
fe6023e1ff8eb345559a6d70e416ab70,146.0328,143.7073,135.2638,57.4217,58.256,61.1173,not_cat
36f79a89bbccea0fe37ca36e52c84ea6,133.347,142.3477,128.8222,81.062,84.9617,85.9284,not_cat
d43ad2b6e149675481f0aa7b5acd66b5,150.1986,139.1223,126.8091,33.437,32.1724,34.2203,not_cat
de73d84d8d86cbdb54c761eb61959e9a,196.129,182.628,153.2437,37.2885,45.8345,62.0902,not_cat
012ae3c9872233b31835f74c0ab25005,138.9642,139.945,129.4696,67.5165,70.3353,74.7387,not_cat
58c602e7beb6f3701f9e8b54cbdf4101,148.8362,93.0459,32.3494,44.2471,44.4226,43.7266,not_cat
f0dd8ce709c4bb4749a1dcd70f8c6b55,169.7769,169.0706,170.8985,60.1608,65.577,73.0068,not_cat
b1892c2ebcd737792415207f5af25a61,95.6034,93.7462,88.4486,65.0662,55.527,67.3653,not_cat
c32e220e696991442321f7658c6bea7c,136.6341,121.8723,86.9813,65.5803,61.3152,47.7769,not_cat
8fd2dc7240464f7039eb90bead4e7e01,103.3634,95.3813,78.9479,58.3227,53.6708,54.1707,not_cat
eff4cebf7f5792289a6e4c7bc2700a0b,119.9544,89.1415,71.1869,39.9055,37.7497,37.075,not_cat
d9e95840cb5256c5065c4011fc236473,163.2073,147.2404,129.8429,40.8247,42.0292,45.9429,not_cat
3c44fb7e41deac036fe193e4b1ebd0b0,111.4029,114.5157,77.1794,73.5815,73.8136,66.1767,not_cat
0435478c587ebc9ab17625cb94973e73,191.1541,192.9464,197.8668,40.3052,46.475,56.0435,not_cat
82a6e9b9dc73e77d52fe59e64c1298f7,101.3384,101.3384,101.3384,70.1107,70.1107,70.1107,not_cat
10201c7628bfb61a138fdc701e975a38,136.641,118.2895,102.173,41.4131,42.4461,47.4767,not_cat
9b8b6668345d1b1e74b238e734c4cdc5,100.0726,102.725,103.2509,55.3286,54.5009,51.3869,not_cat
d1c7393d0e4d8f290a2b4b71c31dfc0f,106.1458,100.0672,66.2597,49.5612,48.8117,43.3159,not_cat
4198e689a940921aa19291ad0ce18135,62.4926,67.3349,71.2357,46.2322,43.1247,39.8094,not_cat
78a991bf3a802d0cecd6c016f7a73c36,156.8094,142.6151,138.3743,45.0111,51.2442,54.5523,not_cat
b0e455cead47dbda4606804c6aed6cc0,103.1376,102.9428,99.5687,57.0298,57.0551,54.7246,not_cat
92663c8227db1e1875dd01cd38fdd6fe,125.5679,103.585,86.6082,45.4704,44.0393,44.3438,not_cat
8984eb38144af3d5d849c1722c1e17fb,101.6616,58.897,34.8996,68.4091,42.12,31.9895,not_cat
482bedd09c2cbf940ab9b4516f4e3070,102.5433,117.6408,83.3229,48.3732,45.4518,50.3285,not_cat
24bdd12fad83c0ad7059d598c0a688b5,149.3325,123.2951,120.3116,53.0524,58.8946,54.7907,not_cat
1388e092f48bc6adb0c6ed8a59505b07,142.1032,115.0296,84.0818,71.4768,69.2206,60.9542,not_cat
370412fee0ce5119d26baec92903ecf4,111.1811,117.1235,95.2791,56.5972,59.5869,51.2178,not_cat
b8c93fe426d0580523982daab0c36b8f,139.3038,130.9827,118.0039,70.4666,71.3734,73.8236,not_cat
7bf43160fe0c7735a841afea1a71733b,123.1797,119.5063,122.2667,36.8071,38.1306,40.2777,not_cat
74c1ce1140e76ba479d550d7a176b16d,101.6395,58.8582,25.3745,60.2127,45.6811,36.4001,not_cat
ac7bea835c8fc7ff143eff87e94481cc,134.7769,122.0907,113.3842,59.956,62.221,63.3929,not_cat
bded83180ee2c968479c624151ac7e82,123.4516,144.1934,103.3823,68.4475,62.4944,89.3542,not_cat
cdc159de9da4872519ab29076c51ecf7,129.8413,131.1662,118.6255,61.585,58.6593,56.3237,not_cat
aa3ced10ee4b7bf2e18025e663c0a1c8,128.9386,125.8356,121.7842,70.5492,71.2358,71.5815,not_cat
09cd8b1cd8e5ce46065403709dccc718,98.2705,100.7894,119.7722,67.6321,57.5347,81.178,not_cat
35295f7179f2df8c1fc73ddae4e2ce44,110.3251,107.1365,105.9339,54.9364,52.1891,49.4574,not_cat
c4766a5dc6f2a2a1ec90daf029e95e3c,129.6811,122.0868,114.6537,59.7627,60.6177,65.7979,not_cat
1bbbc0d52f9e831aacdeabb1cbfc47af,150.6584,149.7072,137.0571,70.1096,71.7678,77.1052,not_cat
78776b9d9577ff9df8db1078ddd2916f,125.856,118.4789,107.1921,55.3366,52.7083,51.5762,not_cat
308f829323a8f7eb061c2fa07e1ebf0d,138.8976,133.4983,122.4741,58.7416,60.2641,65.0213,not_cat
287e13b37ef4e5c8b7a23af5225ee343,129.2258,139.7563,152.0363,53.4165,64.7275,79.322,not_cat
a254e3f2c50644a014343f11320549ac,154.2813,96.9831,60.2805,66.8306,57.9533,41.8964,not_cat
97e60eb3060ff4c2c239daf951f355e8,127.3752,103.1729,92.3271,70.2834,75.0428,71.8202,not_cat
cfc630edab78e4fe2430bd23d7f73e3f,138.1979,166.4554,71.6871,49.3099,52.3213,43.5155,not_cat
d648e33ab517b46dd3beb7f6fb6df6fc,136.7923,142.8349,137.9997,68.5764,54.7956,55.9771,not_cat
88cb45f9b60bf622917d49310fcd36ae,156.2325,157.0277,153.8111,51.0448,50.0893,52.0078,not_cat
78da9b09059ecadf77ab9dfa08d7b518,111.5946,105.297,114.8283,63.6155,58.1623,62.3961,not_cat
cdb4c4a513c3f1db4b8540e9e661009e,86.2979,89.7829,56.9801,54.7547,47.215,52.9918,not_cat
b8a7ad969f76b129c5201bfe23715208,149.4667,117.6619,100.8223,45.7242,53.0007,62.55,not_cat
6dc4bf8058ce1faa94fdd2d58240dbd4,118.6889,128.3147,139.6869,25.4784,29.2403,37.3028,not_cat
f39b09c8349c2214ef9d300233e41f75,141.7985,122.7015,112.1375,65.9775,64.4833,58.2661,not_cat
616ad071ee1c8a5d6287580a37bf136f,151.8891,143.9214,137.527,89.3723,89.0633,89.6321,not_cat
0c8b474f3bd8d4461de05f1a188393f0,106.5662,112.0508,102.7593,57.1335,53.4239,66.2717,not_cat
8f73645fa27adcbaa0c3c21cb64666be,88.0348,81.6625,87.0976,71.3974,69.3186,67.4006,not_cat
4e8dfe28abc0868bb9ea66d859929dcb,120.9279,56.5007,45.5431,47.4303,57.2307,50.5741,not_cat
86b5ea146333cf392beea455c51ed361,121.2421,121.9678,106.2158,77.6098,75.9917,73.0024,not_cat
ad76ec6c5b2eba438e1d35c89f888067,111.331,117.8538,115.0465,60.4063,55.1484,54.2578,not_cat
22e6dbf3781f0519b5bfbf1c3bdcf7da,152.8673,137.9197,118.5244,77.8292,77.6817,72.4038,not_cat
2350ba53422e8bbeaccc3fbcb1713e52,123.3015,126.8344,117.263,68.175,72.8381,69.7252,not_cat
508823e630317aec8139039145a979e0,138.9506,116.0618,87.6736,55.5881,54.4689,47.6769,not_cat
3fbc377e90becc8552ed6812e7cc8ea6,126.1004,119.0753,91.5575,66.2507,67.7358,55.2145,not_cat
6dbf93c2690f414578dfaf8427a6a9f4,123.9927,113.2136,116.4793,58.2075,60.8445,61.0999,not_cat
b0b7e04019b64e645cebe9cab8339d0a,127.2308,138.3102,155.741,52.1615,49.6852,48.2073,not_cat
c89ba74c426c14de6d1880eecfd1aaed,163.2145,144.3502,123.4057,40.2955,42.6091,46.2942,not_cat
d923347743df63a89b02a8f934dff3ac,110.6877,110.8296,77.4582,47.979,50.0455,50.4412,not_cat
56bc4a1b90852480f4729c18faf750d4,143.1561,139.7033,137.4912,57.3368,60.5215,62.8782,not_cat
852c5b6b32518c6d5e50f3fc50e58935,201.0356,127.7678,75.5913,50.9723,58.8965,49.6641,not_cat
edafcaeee879751f391c956af1cdd3ff,116.9006,96.5899,73.6313,44.6072,44.0911,48.4931,not_cat
98cbfebf4785807207bcf2349a6d980a,175.8737,158.9833,116.773,58.1138,52.6587,47.008,not_cat
5efcc10dad4382d123312c8560b9627f,114.3345,84.2148,58.4454,64.7998,52.9272,45.6888,not_cat
4b5368f1587085d4242932c6a4a58171,141.704,104.7927,101.2721,66.8327,61.6897,60.6829,not_cat
bf6af6b5acb7583a1496a53ecdd51347,49.6532,41.868,33.7673,56.3816,51.8282,46.4386,not_cat
8da103dd5930807af8bdfb1684433e8f,160.2202,133.1366,106.3838,52.3953,51.8529,50.1919,not_cat
56482cd55c5c752c384ab560e2b47025,91.6154,83.4589,67.6962,75.743,68.1396,66.8468,not_cat
4f4deb95d313708310d00d35ce9f18fc,118.6308,104.7182,89.3637,65.4714,61.6886,58.9496,not_cat
0cefbd1f2246eda46614f5c2ab983ac3,210.0784,199.7367,188.119,63.1915,67.5629,74.6927,not_cat
a903f39f8ab5f0b1f92ff737fd9b0f10,97.3837,84.8194,73.8347,75.2935,72.5929,71.9103,not_cat
17915839b120a80acea730f080680980,169.7079,164.4732,165.1757,62.9971,66.0605,67.0557,not_cat
0fc5495be78d7e29f1230f9ab9485726,125.0523,118.3418,110.0042,43.9581,44.6966,52.8418,not_cat
a40af6fdf7d52103e142bf5e8218c769,129.1987,122.4612,118.5931,81.6059,81.5215,81.1509,not_cat
0d7ca648f78b7a8d32ae71a8f8e5077f,168.1703,122.0106,101.2417,61.7161,76.2523,76.8075,not_cat
d2a7df190c5ea1dd79ecb9181589ea5d,144.641,137.3788,130.4158,67.7503,72.445,75.945,not_cat
31028664c61e505d01972b2f196c52e9,104.3536,89.4731,75.3288,57.0671,54.5189,48.401,not_cat
cd880e5fcf2d221d5a9885bc0c2171e9,77.8498,79.6027,85.7167,40.9726,46.5396,47.6644,not_cat
8a12a6d41c5f6c363a70696530f61860,156.3819,149.7446,142.8059,51.36,55.0739,60.7265,not_cat
dd78d99f04bc13eb2c57ce4da4892a37,135.6924,125.1059,121.3887,62.3315,67.6701,69.6162,not_cat
c4c73b89c79fbf49a09c4e50af8a2b38,109.054,102.5411,93.7489,60.3241,55.5403,57.1243,not_cat
8690e7e51e61efe810d06aa18c59c109,165.3123,140.9888,134.7632,55.6532,68.8533,76.3757,not_cat
b5bb9ab4a0039640545181a882742f57,106.869,87.1021,84.1606,65.044,62.2824,62.5188,not_cat
059090f85bd55fff3ee048518111a1d9,97.107,115.7507,127.5533,73.0348,61.4804,77.8696,not_cat
e12077c552637759e9ab67e09fe5ae7f,140.6743,137.0047,130.1865,79.3021,87.3476,90.6046,not_cat
9240c58e351eeb8e86c4be6b6b5f57b1,104.2089,118.5162,69.4716,52.6556,45.9024,54.9419,not_cat
525c76601c2b759a063ebad497f22596,132.0365,129.9097,96.6897,43.0392,42.5078,40.969,not_cat
18b03f400fb3a46b53bebbbdd33bec86,128.0365,127.7786,113.307,76.229,74.8699,76.3756,not_cat
1b9cff094f00a45448a90bdc361849c1,170.4415,136.6458,106.2193,66.67,71.9479,78.271,not_cat
83c605e11256f4de45240229e8cf601c,158.1263,138.0343,141.4529,50.5188,55.7949,59.4291,not_cat
0d71d740f1638365473baeaa4359deef,142.1571,137.1884,126.4449,52.5153,53.2296,58.6747,not_cat
8b9d7b54fbd41b426022b936ebdef3a3,114.183,77.4629,61.884,54.8449,64.1327,64.8862,not_cat
703f30f28b5e4dd20473d8c52457776e,131.6071,105.4639,96.802,49.1682,45.5684,53.1852,not_cat
55df0e19b05a82ebd76395f50d99c3ca,90.2586,79.9405,72.1455,62.0686,65.6069,68.3413,not_cat
447153717fe20625680deb68ce099dc9,175.5727,172.7886,164.0629,57.9386,60.4698,64.9142,not_cat
9f008b38e5fe003489e3e3a8cbd43d0d,104.7502,121.7368,131.3755,72.3138,63.5317,68.0957,not_cat
4f7ace536c02ede5e5ca291da6ddca82,138.3681,121.894,118.4168,52.1462,55.9758,64.4024,not_cat
08d85532e6b27579a54895d714b0d9b0,106.4285,97.9529,84.5999,64.44,55.2826,41.3671,not_cat
78123d598481ac28c49105f0b01e40ce,121.1713,115.0447,75.1102,69.2634,71.6696,61.7623,not_cat
ebc66ce3ee34193f4e8057387516c03a,138.823,148.5115,113.9261,86.5729,87.0986,73.0132,not_cat
1710dfc7ddf17c944698520310d86bd3,151.4857,128.826,114.0715,48.0726,46.5376,46.8279,not_cat
980fa8743fb5690746febe7422543fc8,101.5765,83.3266,68.366,62.3519,56.9365,44.1283,not_cat
e32eb96d014d448c7281d30a818be119,195.0644,186.5069,155.2607,61.2744,59.1998,53.8932,not_cat
8603c3bace5419788d5b7cbd7d1e6272,90.4639,89.8199,86.4079,49.9164,51.3951,49.8714,not_cat
0a351a5a1c92d226da2c7b75070c8076,122.2406,107.9921,97.3411,48.8583,47.798,48.1545,not_cat
5be359a4b5d3fde1ae3d3e46789f100c,90.3143,92.9411,91.0924,72.3832,87.558,92.3161,not_cat
29b4230d568796717acb5ac9d2141882,137.0239,126.5067,108.3832,55.8701,57.145,61.1581,not_cat
c4bc6c531bf22d5fcecf6f955fc3b5aa,146.6827,137.7356,130.2009,54.1874,57.6901,60.1995,not_cat
c10a81e6b2145f356a4c74d6d04d39f0,105.5944,101.0153,100.8826,45.0924,48.3861,53.7716,not_cat
5450d189c094178a54efd610f57eba1a,160.3084,154.8113,154.7963,52.0398,61.6489,72.3614,not_cat
2e63a736f885114e2af2f0927bd25285,80.3937,72.7562,65.7479,61.5938,61.2627,60.7731,not_cat
50636b70ae457cd3c4a1b183321442aa,161.2762,151.5755,117.8403,81.1796,87.8921,82.5626,not_cat
3d5b91e176690fd4ae21bdd083699339,99.3002,107.0463,107.5441,47.5373,45.2917,43.1812,not_cat
1f8c314770417a5abc1d86216c31e98f,104.1769,77.4824,66.4996,44.8765,46.6276,47.0464,not_cat
60761d7c5f2219a90daa992271aa2b8c,110.3556,125.788,68.7391,46.5327,51.4986,42.1268,not_cat
d9770577b3a6fae80e826dbed9df7b29,134.2573,108.2994,88.3407,67.0938,70.7885,78.2253,not_cat
d23081e69d809c72d5fa0bb100b6ea17,172.4371,171.1004,166.6343,50.5657,51.4135,55.8655,not_cat
01ba4406c3305ebfa3599ac5f71372c0,106.4594,109.7729,86.5397,63.408,56.355,61.1575,not_cat
729284bc9bec62d7da081033bae8061c,141.8785,146.5339,120.5127,56.59,60.9789,58.7646,not_cat
522522021a2e38b31ef52972e7205607,105.3447,96.7487,82.3223,58.7156,54.5248,51.0814,not_cat
99ceac84b01c55b15babe5f65a91a174,162.5439,117.4167,87.3547,59.0791,47.9305,44.3695,not_cat
920f7875a6c85a865590880e010257c0,97.048,113.6001,75.7653,46.3477,43.333,51.4938,not_cat
76c7b31b1cd147a5950aeaf0aa0cf45c,186.2094,178.277,172.8658,65.2358,72.453,79.2823,not_cat
b62f221450495e6f9bf41a1cf42a8a31,111.9511,98.8176,92.7969,68.48,71.6641,72.5413,not_cat
9d905905babf81bcc3a8c89422478920,62.8663,69.5959,69.858,77.3913,83.169,84.6031,not_cat
4c745aeb9dadcd45f8148ed0ac519271,122.1509,101.128,82.1641,60.235,57.7817,56.1144,not_cat
976f07cc4ec43f1e4d81bc7638aef50e,110.8803,77.1709,75.1884,54.043,54.547,53.9505,not_cat
7977c1737509c287ed7a1ada470c3a34,155.3938,135.711,110.0492,47.0414,50.7176,56.886,not_cat
92d4183d933f6cef82242bdc6b6eb122,180.7867,84.2757,117.3618,65.2456,57.7835,64.5147,not_cat
029fc9be4ee4750c54de6d932f5d9136,160.7309,116.2277,102.0147,68.0158,74.8416,78.9852,not_cat
3d4aac3c3a10a4f4d53ea4fab5675b8e,118.0431,114.5969,114.9754,63.8677,60.5305,63.2627,not_cat
34aad1646ead6e75e06ed5ea03c7dfaa,166.7331,163.5331,160.9757,62.6037,59.3987,57.9635,not_cat
27314317f721f4879a1d39af9c61562b,144.9532,111.952,77.2119,54.6044,48.2429,43.987,not_cat
123044596821049086739f62e8f0c248,94.8558,94.8303,72.7513,67.5616,69.2937,52.5998,not_cat
7fa17645bfbf98de6483dac01680e187,89.8049,89.0497,74.6807,64.1902,59.037,55.2858,not_cat
cae66d83f3ebb7243390e02e3bc58757,172.0734,180.294,183.4324,62.8231,60.4237,62.7053,not_cat
73b0086500a6274cb6833d7e2170f547,151.5535,144.9343,133.4928,48.6882,51.2883,57.4202,not_cat
13b6a0c1bbb4486f7016e4c4ff929c83,165.9106,148.5408,135.3401,79.823,92.5414,104.9502,not_cat
c01907a20ea7be00688327044276a794,166.6731,157.9755,87.4394,59.527,56.4221,46.1781,not_cat
46b6d07defa0d34980c89dedf0699334,127.2888,111.4583,86.659,46.7387,45.1147,47.9021,not_cat
0e5da9e13a8e1328d1fc3cfa332ff98c,77.3901,70.6429,57.7557,76.6344,69.8549,63.5927,not_cat
536b50f6439e334f5d18db30efbe89c6,99.4137,114.4137,54.6077,61.0884,66.4444,42.7591,not_cat
865dffbe2c61fee94ac77fee55a77ae7,150.0739,148.2758,146.3386,62.2919,69.1988,73.6734,not_cat
07bbaea0a81e6f1dad0ffa0c1d45dd48,102.9643,96.0798,72.5902,82.3052,79.0935,75.0467,not_cat
0c7e642ccddbbd1c927cabea8f1396c1,116.1742,114.8909,124.0243,78.0232,81.9982,82.9072,not_cat
08105b24275278f263dda2d10f814943,102.0709,92.1079,82.2251,63.8521,60.9824,62.7359,not_cat
63bb74b354031ab71e5aecb16f8750f2,122.3334,135.229,100.9782,63.6729,58.3994,60.4128,not_cat
4d699b0e991fe1f82a5869a2ef19edea,168.988,148.9253,141.1649,62.1928,63.2324,65.7293,not_cat
40f894bde138c22608e903ea848deccf,138.0458,121.5639,104.9127,42.8992,43.3413,45.7089,not_cat
f8987cc7a473c3394ee715551d8c4e67,94.9088,96.4508,92.1608,73.3256,69.2378,78.1934,not_cat
abba84dea8e66dd273c1db74d993559b,112.4693,111.9693,90.7419,53.1346,50.8882,58.6756,not_cat
a94c65b08f3cd94fb388abccf2e838b5,171.2916,145.5496,114.4541,55.7675,63.7291,71.7512,not_cat
91ac9029c841898eb5fd80d305c58a82,162.306,149.9864,144.3168,53.0074,57.182,61.6095,not_cat
5fba780d60272d686c265b9cc8919d82,118.623,113.4288,101.0058,79.944,80.9443,83.0794,not_cat
93f4f75a166fad2931dcbf91e879bfe2,148.1254,140.1029,119.8139,70.7117,67.7725,69.7822,not_cat
6a72340a69d3296fd60f3194a4e71ef1,107.0794,123.0332,83.9816,57.6732,61.7386,51.5247,not_cat
4eea7846a2a1a244819305bb21cb7010,131.1845,123.2154,116.8921,74.9355,74.654,70.8728,not_cat
d08e2997c98863090389631dc4198f31,111.8683,101.8231,76.1605,54.1048,53.2471,51.8371,not_cat
dba6974e2e69dee1ec3d7982418559bd,149.4742,146.4985,147.6327,84.5129,78.1824,70.374,not_cat
3fad3773af063365b57d9a17a40d7285,112.3798,106.9312,92.8758,67.1467,60.2218,54.6861,not_cat
6b21f62d2031c9b56bbfbea04a2cb210,123.6317,119.2894,111.4764,56.3527,56.3398,61.5087,not_cat
6a1f94526c7a212c312c6257913fae16,164.7757,148.3342,133.585,42.5265,40.5254,38.2445,not_cat
3a5d77cb47b80967d66b9ece6319e8ea,120.0179,92.6712,78.0279,37.2365,39.4309,45.4105,not_cat
ddb10d021ad715d029116ffb2f44a463,103.2571,102.4701,102.6154,71.7329,73.0392,73.7434,not_cat
b70d155c27aa7cdbf2f8c92e7fb5809c,136.7697,96.9921,86.0076,56.3251,61.7935,63.6055,not_cat
5d855adabbb4f326224244d4a4bfcf50,180.4674,167.3713,158.1607,54.8616,63.7681,72.1712,not_cat
292012fbff191d039149360c4c8d72f8,80.3382,80.6233,43.419,42.748,35.8979,28.0616,not_cat
c845a44afb54f4506399be5b9e025ec4,123.6954,120.1013,114.6766,64.7505,60.8213,57.4258,not_cat
c6af8c62b4729608f951a21cfc572ca8,84.7075,70.0267,61.3218,51.8031,53.4882,55.9754,not_cat
ef5353beed03090de9e270ef2d1b7ddb,111.8301,85.9592,59.8181,57.4379,49.1518,40.2112,not_cat
049143d395b24e6e16c5eeda97662e13,141.7564,130.9062,109.7478,71.9088,69.5604,68.8769,not_cat
d0b3346f872f0c5bbb3a5eb60a2d7ad2,112.8249,123.3514,89.9836,53.9911,57.6991,54.904,not_cat
e77bf96dbb56424e2321b4ce72772804,95.5951,83.1893,70.5891,48.2655,57.0658,59.657,not_cat
8d7568eedf3a4f95813249989de179a8,124.4706,124.2465,110.3398,51.1489,48.7174,54.4784,not_cat
aa9c74593205f6aeb20eb9e9e03f3437,162.4929,151.5147,144.1548,75.4433,76.623,79.0444,not_cat
0c7e696316f858ad65836959979e4edd,113.5396,115.6216,100.9385,86.7111,79.1398,71.0262,not_cat
c07df2ec88faf901db1ecd26131f6109,145.8769,142.0328,136.9508,61.6892,63.4828,69.9236,not_cat
72eee455496a6ae2ca45f4542f9e15ef,166.2368,121.389,81.4902,52.0514,49.7726,32.855,not_cat
5f27c25be1b0f3053bc580a035461aa0,148.6622,137.9278,127.4143,66.7563,66.0038,65.3091,not_cat
f159c22bab7a2c4a34f73275199ed018,84.8226,85.4098,82.0605,54.5312,60.5416,59.2706,not_cat
c9a6f6e3a1c58855573a7bd917ec02ce,181.288,146.9824,69.5098,54.1407,46.5163,48.4562,not_cat
5d52282ab3cebc2542d9dc8e1e48493e,44.2864,63.9914,32.8531,63.8839,59.6496,60.0732,not_cat
e4580e64f01eb6f6f270750c40282011,116.1433,110.0496,104.9457,70.9043,72.5131,74.0964,not_cat
c75899526f7629f5dc6fc78f59a47e9b,104.2075,94.8085,81.2957,73.7095,69.8114,70.6836,not_cat
b598ea8051504046b5bb88b6cc9936a6,128.2356,136.8954,109.0096,50.8924,53.1093,48.1519,not_cat
bf058598182e3dfc66c7849a508f56d1,102.6744,82.7952,62.7093,65.4212,58.4519,52.7294,not_cat
b399746e598317a073043cd7408b8f24,133.0671,113.734,76.0869,58.4994,56.893,44.7827,not_cat
dbd972559e8057a609f460abe72c4f03,112.1569,104.736,103.6618,51.6333,53.7121,55.3845,not_cat
9b184565ac200720098e75c6349369c1,111.6367,118.0977,106.5098,74.7104,77.1646,69.6755,not_cat
7e71bb31d588f5d1b552a57c069c2f83,134.4146,95.5229,81.9438,70.3707,78.3933,78.498,not_cat
f3d3962abcb784db523003226b04198d,99.5634,86.1518,75.7396,44.7039,40.8783,42.5422,not_cat
cf8407e0ef08fc299cc9e266f8c799bd,113.5998,128.5042,127.5645,55.7588,51.8002,55.8019,not_cat
8c07a46a33154d921d54473a0ab8c42a,132.3292,123.0842,106.1099,71.6497,74.7159,71.4439,not_cat
12e15afb86e838ba6b2bc78e0cc65ac8,88.4649,71.3525,55.7215,69.1144,62.0969,52.095,not_cat
0a5b83adde7d6ae2cb27c2862b057843,114.2114,116.0955,107.2132,70.1177,72.9814,69.6929,not_cat
4977905a049fdda99667afc1ac3e4b0d,130.0175,133.1191,126.4953,65.8497,58.1883,56.8586,not_cat
34b0d7f73d566a2babb11b0faa05a068,105.8612,125.3457,90.1017,63.8489,59.6013,71.2488,not_cat
fa1a5db41e14f1f201b032e37ff99fa5,132.191,109.8992,98.8994,71.0393,77.8232,79.2044,not_cat
68933df79a3a599e0b9b7d5dd265c44b,142.7341,145.6238,136.6649,61.0397,60.5227,69.2767,not_cat
1ddc5679c12439eee9822e608f9ae40e,112.3116,102.3208,97.4607,82.8496,84.8905,86.8113,not_cat
0be223ac93be10f9e16b456e439a817e,171.7231,177.3053,184.1317,20.27,23.7186,30.57,not_cat
6dec9898ab9b0128378c32c53bb23061,101.169,101.327,58.4526,60.9935,57.8551,47.0282,not_cat
fc220936bfda7d2d4101f40ff3a9d5c9,122.2273,106.7078,88.6685,72.321,68.0813,61.5072,not_cat
d10f1a0abe2ef83884c3328e945698b6,61.4027,61.6986,57.4055,48.976,49.2801,49.1357,not_cat
a508a17b391942dcf598d81a7f7ab8c8,108.5516,95.5801,96.2661,49.6793,48.6354,51.6788,not_cat
464ec523f1cb05526e262676193d2835,88.4894,84.9384,77.8133,61.0661,56.9607,56.5436,not_cat
a83766a372f0f173f2d084f853990820,101.7812,107.7863,99.1664,61.7687,58.6377,69.4997,not_cat
e14006e0dcfe44bada4d97a82c71d443,95.6469,85.579,70.858,75.6123,68.0932,65.2491,not_cat
e626f1e702b536f487759358d42b1086,96.8253,95.666,74.9634,39.9557,39.9827,47.8577,not_cat
de5758a18187d90796c0f292f6ad43a0,102.5187,81.021,70.928,55.8039,52.8796,54.2186,not_cat
171e654b0990c1e37200fecb9c34993f,176.1747,162.4074,130.0184,51.2963,52.016,47.6275,not_cat
40463b83ded77d4308a517e734f10616,106.1146,97.0058,88.1437,57.3182,52.8855,50.6637,not_cat
326254e67a9d4a8d0aed92ecf469ea51,120.334,120.5268,115.9761,33.6212,35.0252,35.5534,not_cat
5c71e26d17b54c0a17720b1a7a8b0537,92.6302,68.6754,54.589,47.5735,55.5272,48.213,not_cat
5326a527ca0f7552d0adb25cc8712f2c,97.9007,48.9186,30.8546,32.1667,43.29,47.0701,not_cat
a9b83a0ebb14f2e5bcedd070f83271cc,112.072,114.9031,72.7864,57.3527,57.0713,53.4553,not_cat
cf7a3d522241d5195298920341783a94,126.0992,124.6533,116.3433,47.7999,48.4053,49.2976,not_cat
357b5945a2fd650595da278e3804a06e,104.6057,106.3649,99.6376,46.6075,43.1995,47.5111,not_cat
ebb747087dbf98875c4c1b7cc10bd664,118.011,123.4541,120.5101,59.0795,59.918,62.492,not_cat
6fff1b2b1b79a3cb00296bce801cc24c,108.8164,114.0326,95.5299,47.4628,52.4494,47.8253,not_cat
e9ef902c4ecb5a081d7a512e23b7e371,72.7321,82.4217,46.398,59.1536,55.6556,62.4747,not_cat
126b96b41c2ff6a6cd387cc2fb7d3953,107.7481,104.3452,92.2482,71.0583,63.6232,71.8195,not_cat
734661070be437a0aa22fd25a1b122ad,91.912,92.813,87.0196,34.8506,35.685,38.1559,not_cat
9ed1368c19568a6b860e5ebc975f023d,146.3047,110.5507,81.3714,60.0835,70.9672,80.4409,not_cat
f5a93c1841d6142e38f203715dbb1349,139.2747,100.4017,65.919,70.3084,62.6509,58.6924,not_cat
04149d9a314052847e599f5936cb5a0f,187.7529,180.6109,170.5355,54.8621,62.1821,65.0673,not_cat
3d6aa1d344602c669347910511c284ea,158.2775,116.5506,77.6621,64.0878,67.9813,66.0418,not_cat
81fdf8ea1e232378173fea234c867b53,132.5224,115.7132,100.3877,67.7935,66.3602,71.4846,not_cat
8cdf9017df8985e0332554579133af02,111.7663,116.7282,109.2558,61.1616,59.4896,61.6179,not_cat
06b71e5d1292c71101d90b245abcb056,105.1999,90.8599,81.604,66.9675,61.76,60.0954,not_cat
8662a5dd67348f32e41f6b19a9648321,184.1329,175.4702,168.8376,65.0932,69.9104,73.9257,not_cat
7be3c2669f0792efa2b997843d587d62,115.379,122.6994,125.3773,64.0093,63.2815,65.5357,not_cat
94c2b75b4674fa33d8b5a5acc844031f,107.7988,107.7988,107.7988,64.4488,64.4488,64.4488,not_cat
ee2915d5befa1375c6aa69cc8e46dbf0,73.8445,55.0093,40.2956,69.1357,56.2637,49.48,not_cat
2f6aed9442ec8a74919487d6ac648358,117.2827,109.0579,75.2009,55.9779,60.1698,54.4464,not_cat
d2279b93dc124b3508f73bd9223a6ee9,140.1645,123.7512,120.3733,48.4387,50.2001,51.5953,not_cat
340d92d029107fe4a3a9cc037937d7e0,204.4933,138.3493,128.9273,74.539,56.6359,52.8068,not_cat
e3447845d95e49601b7fac820dc93132,100.7666,102.9543,100.951,35.0264,35.3743,37.2823,not_cat
cc9922d9d5e8f22fed61589320b24eb2,124.799,82.6159,51.0071,41.8685,39.2299,39.0836,not_cat
c0d1661aa077677b13f1e689adcccdbc,128.0271,117.5206,110.6085,32.9115,38.4782,39.192,not_cat
c35abc83fb96fe2731add4a443116ba9,131.4052,118.461,96.1387,49.8107,54.6435,66.2016,not_cat
6f502219412c6861bd36a0e328c514f2,99.9448,109.6902,94.0699,109.296,86.1904,87.123,not_cat
ea68abbcde65c6de13d1323f44dd6b82,159.6733,154.8397,147.6083,46.8092,50.4928,52.464,not_cat
b9b7fb8e54e24860bf633f44bf5bbc9f,95.8659,126.6534,121.3117,62.6528,68.7971,73.9717,not_cat
037d1a58acfa9fc0a342a1bc81c72f2c,150.4084,154.0859,132.7915,84.9748,80.4364,90.8319,not_cat
3cf350e4ad1b63d8c76122e00fdb0984,136.3726,137.8937,130.4956,51.9438,53.351,54.4113,not_cat
4f667d8234af4560058c79730d39325b,134.9541,136.8177,107.601,60.3008,70.4749,58.4275,not_cat
5ec43e07b04ff81ff9df0d32f1c7eb9f,128.5061,124.2018,113.7872,78.7846,79.902,76.9364,not_cat
c59f0aaaa64f612d68b6cb2d42c4dc05,82.1714,83.5922,83.2886,54.0092,52.4777,53.2737,not_cat
75f8f08600e8f1a45177283c0dd2f9ca,115.6067,109.4939,111.0383,56.7041,65.1879,71.9068,not_cat
00c8e6c613dc8fe1060fc745aa7f7bd1,80.4657,76.4688,71.2809,71.4917,68.7155,67.6105,not_cat
5126f7ea1e238941a347dfa262301ace,77.0016,93.2253,71.9864,83.6575,78.8255,81.1168,not_cat
393ee025b74bfb05392a7f07df4b49e3,124.4863,124.6779,122.8376,32.3587,33.442,36.2978,not_cat
e876fd1ff4cc4950a89c95a9200479c0,196.0391,184.5552,152.5769,34.1555,42.356,61.8452,not_cat
f8ccf67bea7a7c54ee3633bbd0cdf92a,155.0427,149.4467,139.754,45.8585,47.3255,52.819,not_cat
fbae155766f2e00ff27e66822004cc27,157.2077,158.2376,145.5226,94.1463,94.2745,96.4105,not_cat
00cf2c876b8e2d872fb032208016d28e,155.7483,136.3745,117.5278,49.6765,57.479,69.4599,not_cat
baeeee9c7910f0485b4fc723d95ab65c,109.4216,61.3268,46.5126,55.0551,60.7418,58.9196,not_cat
dd35e368efc2ee3344cefe68ff77718b,188.1709,186.7032,183.6857,66.7005,68.8545,71.6425,not_cat
7ba66f7213c8813a13b0a89204ed5c7b,89.2544,89.813,98.9693,70.217,72.9628,72.7081,not_cat
ed1b3ca00f75846100adf1df65bfa463,91.917,83.2544,76.4783,68.6812,57.5941,60.5253,not_cat
4ebc60c165efb78f51cc4b6673b6d8cf,119.0809,101.4125,95.3027,43.0948,46.0613,50.2858,not_cat
078c03f73d57b63ae29c2344d69fb263,139.068,131.0251,120.7393,42.3857,39.3713,41.1265,not_cat
ea24a557bf2d7207f1d72645cfc90ba7,109.0007,108.6655,111.2999,63.7177,55.6879,54.8602,not_cat
caf80f5614ed73a0c2c421515e9962b0,120.0438,90.9781,77.2063,62.371,66.8796,70.8573,not_cat
34d7dc96711f0957aff960ce3f938577,107.3008,105.2252,101.8907,40.53,39.1023,39.0918,not_cat
4eba55de1c166aee437e4be4941da996,84.3365,99.737,77.0327,52.0804,50.0897,51.8042,not_cat
18ab45d452a0ebd548d31f9dd58386b4,116.6349,123.7128,128.7812,65.8869,69.8779,75.6797,not_cat
a3bdde00509b6aa8644dde34465ca7d4,34.2596,38.2543,21.6576,50.5586,56.4821,41.0548,not_cat
141f725f1dda349968893e5a9b291767,64.6067,57.2413,55.2881,72.1914,65.6883,59.5281,not_cat
53b5bf7320cf4006ec37b59b10ad3fdf,77.1323,70.3139,64.7955,50.3572,50.8048,51.9929,not_cat
94d5f696383bbd08a3c1f0e1d0b228ad,104.8022,90.5319,62.1453,70.4254,59.7499,53.9344,not_cat
84a44fd40954974424eb3eb752720d03,83.5017,55.1507,46.2114,63.7875,63.6657,59.395,not_cat
f895293bf0235218a05c6a7e4d6fdbce,128.3548,117.6359,106.5665,51.9071,54.9698,61.6642,not_cat
d7f1f07ded597707190c6a6daf0672e4,129.1168,116.489,76.0893,54.1336,49.2045,37.3593,not_cat
edadc16200d331f4b59041c6fa212510,99.1451,104.2689,77.9539,53.141,56.138,49.573,not_cat
42a204f4c4a9075c0943024aa28e7d97,111.0986,109.5496,110.8176,63.7719,53.5,48.4941,not_cat
ca7b342062aa55630a37c7e36e29ba47,94.0618,79.0162,66.7694,68.374,65.8605,62.0334,not_cat
9d3c8c35cbd5efe6ca14e1da9ea89e3f,198.7979,154.1337,93.3725,56.8598,55.7734,36.2207,not_cat
178dae1b4d87e3eed8aa6b5491806553,151.9344,130.3154,91.9409,87.8569,93.9436,77.1926,not_cat
7192905301ad04adb656d7ae2721649b,134.9642,132.7315,133.7697,86.5153,90.1385,88.037,not_cat
5c1b2279cbf823bfd04c91980949af63,57.7765,59.0894,50.9386,51.2482,52.3978,47.7344,not_cat
370fbb5e183017d5cbe2ca20b6b19ae9,65.3183,71.205,33.7796,58.8982,42.1761,47.1972,not_cat
15b33468307422fa5643e2e1444401c4,159.4014,142.4671,103.8419,63.7718,55.4963,63.5417,not_cat
265727d7520432b5c12a417bd271512a,171.698,169.8074,167.5515,43.058,52.1925,61.4185,not_cat
eb713b050b62fc52f10977b521cd8bdd,70.155,61.027,59.4743,63.5575,57.2955,51.3196,not_cat
6ec5c397216b3a93a5032362e9238a86,176.8582,177.2889,165.5349,44.8276,49.0874,51.7586,not_cat
47b94ea5d4f826a2150d7d362c5baf2f,138.0653,141.9874,135.3988,49.9747,47.0601,52.5693,not_cat
4e4f66adb39262696b817daaddc042bf,78.6411,79.6061,81.5792,47.1193,48.4495,47.6994,not_cat
34bcf0f9b39ca8a8145d4a45bccb4f9a,191.8335,145.3767,22.0011,31.3996,37.6159,15.7865,not_cat
b80ddd7660f5b7a52ae6e9a86aaaf8b6,115.3932,105.9582,89.5921,41.9811,38.3236,37.7729,not_cat
89d00366f15c535a3b0b4639a50c33ee,111.9029,109.409,100.983,47.214,45.7676,45.9585,not_cat
704787d2683e51b904186efa24948c90,120.9965,115.2999,103.0422,73.11,68.7237,59.4458,not_cat
52ff261fd97e251d1148318bccfb740c,135.61,132.3749,126.5264,50.7367,52.2041,55.7823,not_cat
b0d6d01939f581a67a0708828f289b5e,114.102,117.2744,115.6292,47.2771,44.1212,43.6223,not_cat
42002b7cbf2c1ef9c1a47546c569c12e,162.6336,157.1859,152.5775,49.1944,58.5968,68.9393,not_cat
533db7be7084d9ee4f281db0ea1c9aa1,80.3091,80.225,81.6317,74.581,74.1033,72.0957,not_cat
cd2e550a3cacdab60da4ab7199960bf8,108.1962,110.5051,111.7643,61.3602,61.2706,68.2492,not_cat
05a2c97b25794918efecea83aeaf3513,89.7865,87.2753,86.6825,59.2301,58.4235,61.5098,not_cat
d2140897340e9c69418b8b3a2ac423bc,117.7245,148.4951,183.762,56.7973,45.6129,54.642,not_cat
94c0212c76b1dda352802eab8720168b,73.4731,63.4762,56.9772,50.5948,51.1974,51.7421,not_cat
f6537c781d619edaa671ddb5d1da931e,124.9259,116.4343,101.7186,62.8579,56.4109,57.3126,not_cat
17b0830c071138aaefab006d873762a5,127.4076,111.4152,87.3214,68.7795,65.964,64.1149,not_cat
f8cc3192580f60db0e83359da167ae33,171.3509,156.2143,152.9546,63.9927,64.8353,66.5973,not_cat
37a2412849dd39408a2e9dd22ae9565e,164.981,151.1934,142.8396,48.6581,52.9173,57.6099,not_cat
01c8c70e6ec737c047f800c734b7e97e,199.0761,158.3734,105.6451,78.5135,69.4548,51.8055,not_cat
4b70de4a611a949cdd94c3a3695e9047,176.1198,153.9505,132.252,46.9438,55.0166,63.3586,not_cat
9dccc860a72e139bf82b7f0f1962abde,153.4568,143.4562,135.6638,63.1147,65.5011,68.4448,not_cat
ca6d9dc1d3f90c09446c752d2f5c1ea3,74.6345,59.5038,62.7378,53.0441,47.3814,49.1963,not_cat
6bdbabdb105013bede28ecbec53995d3,120.5207,122.7823,119.4413,75.8964,79.5527,82.2185,not_cat
fb452ef8c10c8b96b7748f83b81ee483,128.4914,110.5682,92.3814,46.2996,47.5365,50.0905,not_cat
c20aaf08ec82cb7b14fdef12f83c872c,139.2076,138.1693,136.0093,36.076,37.0506,40.1657,not_cat
6c2bd74465fdd6015037fd4fd16d8258,108.524,117.0401,44.9428,55.9079,56.1855,43.9095,not_cat
dd4ef146109cee1b0d94a0e3e3f5641e,154.1442,136.254,141.6157,38.6937,44.3575,41.5021,not_cat
9e9c7baa31fee0b2765754d3528c5fed,192.4679,194.2098,200.1594,35.6782,44.7117,56.0337,not_cat
993591358b5d177268b1611465144669,97.8391,91.399,83.5259,35.4304,35.2578,34.2746,not_cat
ec55ccf56d7358c792b4a658238afa25,97.5693,95.1312,58.8618,72.1908,64.0618,70.9096,not_cat
d7cc64e9192b702ff3eeb28e0b9633bf,115.6759,97.0118,70.1495,67.8791,66.3107,69.1817,not_cat
54d918f6570a8bf242f7d0761bd1980b,168.9921,160.049,131.4316,66.9747,69.9161,59.4749,not_cat
d3742da5633b0f9c9baf77f58452f018,142.6983,123.3046,103.1246,49.8793,54.8897,50.6641,not_cat
789009a8cf0202d81e2792156ae14ae9,102.62,103.086,84.5043,47.8893,41.3633,42.9113,not_cat
251abe5c24e7ec0ac096fa66ecdce750,113.6739,91.2646,53.3684,61.369,52.6456,49.1608,not_cat
0e6fac2dd917fc3c219062b5977042ff,134.038,127.2671,97.7814,67.3038,58.3354,56.1858,not_cat
924e6b6223e4c447022784dfcd78de7b,123.7992,113.4838,98.3232,39.3562,46.2961,53.5517,not_cat
9ccbfc3b330a00d31e631e7d2d515826,147.4628,141.3454,127.9762,53.1633,53.1959,55.9281,not_cat
6753d424b2ba426aa401b09f611b1c2a,104.8116,112.9175,112.4839,64.9548,62.9193,62.9017,not_cat
191d9a4de10acf5c7811280c760902a9,116.8239,97.6576,90.0918,59.996,66.9662,72.6818,not_cat
7afdb3e193e60af0312295be2c5ef02d,130.9781,126.1339,115.5534,76.2418,75.2763,75.7403,not_cat
e801bac0770b82a189d858a39dbece80,115.4459,110.6163,71.1684,62.8814,47.7722,38.6508,not_cat
adeefe41181f5b7342aa14f335c214c5,142.7459,147.0888,143.1789,46.5269,48.2519,47.7328,not_cat
c5f680dd60355ff7adb51aba6454012b,141.3656,136.7352,131.7448,58.4545,54.6657,56.2345,not_cat
52a4b243e4168a69eeeb71259c186f39,103.7329,79.0538,58.1125,54.0154,62.6084,60.8751,not_cat
9bc7fa960c0f6afbbe0224e540b08f05,130.4177,115.9038,91.2583,73.3672,67.0638,61.3239,not_cat
05cd7e3a28f7237f553199c39f101636,118.6297,118.8042,113.9442,98.508,100.4879,101.4667,not_cat
77e091f698a52a6642377dddcda24c1c,136.8226,140.9013,149.0408,40.127,45.0209,53.6827,not_cat
e72eb51ef67f83bc7d5fcdbe386431e3,50.3403,50.8632,36.4395,53.4415,50.126,49.9645,not_cat
0eda92b9c92286d097f36e0d4e86b840,95.7546,90.5601,82.5814,57.0512,53.3474,56.6082,not_cat
e23145f991d9cda05d5bace6a6a131d9,100.335,123.1648,74.9116,73.2968,73.2022,64.8865,not_cat
7c57f964ae206cd0eae0efc0430e8cc0,131.7917,124.1745,71.9293,68.7793,64.165,78.735,not_cat
7605dd9761457889f8c5b94f29d0f74b,119.9908,112.3539,118.1431,50.5869,44.4352,39.7015,not_cat
e5d619c5de6de3c941689b7dbb798b1c,98.7619,87.4114,66.633,51.0999,50.3133,49.1157,not_cat
1f7d12fc3e4067785c4e4d61f78a7cbe,149.9998,143.1148,130.0689,45.3505,43.8352,42.9531,not_cat
eaeff76c203ee5c5333f1f206607a0e6,113.9387,101.0277,71.1183,72.9079,56.0777,57.4226,not_cat
17153010de13f5623e4b10521d47419a,121.0854,110.7455,92.868,54.3076,54.3972,57.7057,not_cat
f39459ba815742bfe71ae0e7e60a33d9,118.3605,76.6366,68.0844,38.2812,32.4049,25.9379,not_cat
c5cc9f437de0dd32007cc64894baab30,104.4717,125.1748,100.4061,51.7263,56.803,48.2278,not_cat
1cd3a287765a4f8be844d69289e2bb9e,122.2585,110.0744,89.7176,42.1377,41.2849,40.2546,not_cat
849c84d5713fa89438061ebf7f3c0da6,83.4233,101.7636,118.9431,72.7034,81.5052,89.0064,not_cat
3a23e71ce5efc81474b134279b334188,118.2001,102.6929,88.324,67.5355,61.3234,54.2217,not_cat
4bc1f37b0b0b1ed7b718c2bcea127582,156.9419,143.0799,121.5162,86.3345,86.2444,90.7148,not_cat
6f6546970e10e5a2af12004c590d29a5,178.9411,164.9765,150.3789,55.5268,56.3,65.1426,not_cat
f9a1183c65cfbd1f61461ce2402f8ee9,131.1543,122.2614,116.4137,73.122,78.7666,80.6729,not_cat
fcb198df95fcf35e316a787e2227e33e,112.8676,48.7095,26.0505,50.6218,53.6979,46.5452,not_cat
3b5c903d09df598a68ee75c08b3039c8,81.9023,68.6897,50.057,56.8716,50.6218,44.4018,not_cat
e342dd1f87a235444958cc916555a531,141.0362,90.59,45.1577,54.2716,62.4522,73.421,not_cat
c1ea7f802e8c091351a703f2c9abebc7,91.8754,88.6429,85.9374,38.675,39.3828,41.6892,not_cat
5c9c1fa2107c49d819f11a1af67ec0e9,97.1294,88.6115,80.3456,70.9913,70.1777,68.9695,not_cat
0181a8c0c9deea89efa71c2683f8df34,118.6414,96.1758,83.3569,73.9221,76.6812,77.2836,not_cat
aa0308b0b09e471e5dd1795d0e5c958c,106.2949,120.7814,134.342,46.0137,43.5143,48.6436,not_cat
75d797d3ae6da6f4ee71d01d1da60afb,113.8451,109.7087,85.3008,67.2689,62.0295,73.3071,not_cat
b3a25c36277ffe9f8ebeeedb9b159375,180.5295,165.7316,156.0897,65.5159,66.459,65.0205,not_cat
2de4a7ed043eb425b5368e8999ec34eb,122.4651,129.0494,125.4384,53.7589,55.9061,55.533,not_cat
f79f0a2b34471c12d311ca7c41bf1b37,123.5075,109.4232,94.4809,60.1018,47.2938,37.0013,not_cat
15e40034b10537cee212a17409c871c1,174.6347,158.4673,146.383,64.6337,73.9284,78.3022,not_cat
4fcdd364fed2d43f8a11680bd4b7f5e6,61.0973,39.0011,36.6997,65.9725,51.5478,49.5171,not_cat
ca00f9463516591b75cd3ad54ad6a256,90.5255,100.7121,81.447,69.8576,66.4644,74.9849,not_cat
ee40f3a60f1c1d985ae343a32e18058e,153.8571,156.698,171.09,55.6014,53.7166,52.6176,not_cat
2ab4e0d643cd7881493941f5d35f4010,83.5434,79.2806,73.5225,59.9114,58.299,56.1544,not_cat
6857e034e54307da42ceec4c1e4538de,125.9782,104.2559,56.9526,63.9002,57.7039,66.4038,not_cat
0a5a20180bf5a2ce1b7eda72977c1267,212.6361,192.8006,169.4366,42.7214,60.8302,73.5147,not_cat
f67914be96af06926a6658fe7f7bab16,145.7329,139.5148,122.3284,87.1119,82.3752,84.0968,not_cat
f09f9ed01f37648481ea4fb72d71cad5,172.1207,131.684,79.1588,45.2987,48.0914,35.4227,not_cat
fb6b20608d20879287c1d4dc35f269ad,126.0675,113.7694,103.5962,55.2147,52.2424,52.3741,not_cat
e3572ea4e223af24640b4df0d759ee07,100.0358,128.2659,79.3191,50.3232,50.4193,57.6714,not_cat
bd69c8e291306e9380a6777990c9f9ab,108.582,111.9453,90.3387,58.8682,57.5989,61.0314,not_cat
b77acab7d0270a226dd47797c669bc00,173.6267,147.53,140.6656,70.4918,72.9764,82.1403,not_cat
6b421f8864764d93f0643bef0af55ae4,165.2529,158.2625,150.6686,53.0914,58.1576,64.5922,not_cat
2edf4157996ac57127a50ddeb7eff50b,126.3926,124.5411,123.6954,71.6448,71.1888,69.901,not_cat
9e9d1891380789fd7faf8b0e9334236d,144.2478,80.8276,54.8378,65.795,59.5338,55.3361,not_cat
23d0711d5356895f2b6d8dfec051d5e0,130.2121,151.0171,101.5524,60.8483,64.7473,53.6794,not_cat
e391eb7b84d4c982e64722a7544aa94c,133.562,124.4468,108.4697,68.0981,59.5582,60.6295,not_cat
80b06752772faceb05229ebff85f82f3,129.3222,133.4177,116.3725,49.8405,58.5585,45.3555,not_cat
78ef2a580100048ff42106e1143e4f78,190.5065,134.5257,103.966,54.5065,72.0585,80.4215,not_cat
f01c62b1fc68ade5717f18208d670bb2,154.6597,136.0821,120.1822,42.4548,39.8912,43.3766,not_cat
a21a8e8ab6fa24a53e08ed12fa2c0122,149.8423,138.4255,97.3224,51.551,58.8371,61.3872,not_cat
f01814f91e4e32af904f937a2111c67c,117.8445,118.1514,104.6083,64.9904,61.1285,66.0292,not_cat
6d005cdc37df2f36a8588d18eacca48c,96.6215,84.5067,75.422,68.293,61.7241,56.0047,not_cat
6d37766921f1fbb7e3fcbdee77b472de,195.0229,186.8862,179.6762,40.2434,52.3886,65.5944,not_cat
318d4ffaa2413fb92789d62e9dd0ab7f,157.1083,124.8061,111.9153,59.4672,60.8074,61.3272,not_cat
dbcfddcfe4e6870fc350ef0b512d2893,149.4651,139.495,138.3939,52.1664,51.8274,50.527,not_cat
8f680ed32b4aa3a158d853353b6be25f,202.3006,149.4665,106.7114,71.4721,66.685,91.2807,not_cat
23fd5538439ef85d8a80055fb85ebb96,117.9885,114.5844,109.8611,48.8059,48.3025,48.4073,not_cat
68b0d13c5fb9bdbea7bfb9c99298497f,146.6867,177.7657,97.5061,55.8796,64.3228,47.5972,not_cat
f3ab21776d7e361c11a792264ff7a440,124.509,97.1596,62.9993,62.8307,59.8065,53.3645,not_cat
d4bb9dda547f6ff3fe3462cbe4a600a4,139.3619,118.2445,94.8011,79.8082,70.5154,58.4343,not_cat
331a41bdd07cfc0c7cfde96db256bf1b,151.3915,135.3179,118.9844,42.3228,43.7236,44.3168,not_cat
944100cf80e4ba01dc262b059e959c66,100.4606,104.1417,97.5767,69.0648,67.5706,68.2113,not_cat
fef5a22db36487cc44ee65baffc8fed3,115.3138,114.0899,103.9579,60.6613,61.1512,59.4681,not_cat
65396949a101fe05629373ffb155896b,70.1041,64.3345,62.2472,69.1396,61.8553,57.8865,not_cat
4a36b887fe4497fab1c507d7aa0a4562,102.1724,79.7006,70.211,57.3655,56.2165,53.9942,not_cat
0592442b6d79c9d3a98bac1ec7ce6dc5,118.0328,126.7568,146.4173,36.1464,36.9999,36.6546,not_cat
43f89ebdfbabfba7265c3688ee46c0ad,94.0246,86.7763,74.97,60.8358,60.1096,61.7544,not_cat
2ff7f891bca2d8a3c51fb22307bfd41d,121.9752,79.1206,60.0937,46.0374,46.2521,49.0994,not_cat
8826b036b8827bb71497e09f5480bb2b,103.9653,127.1593,83.2902,60.36,58.062,49.0558,not_cat
d279e1947c679b4edede0a79fdc17432,159.5771,145.8188,109.1038,43.7515,44.8684,57.6173,not_cat
7eb89af05f1a1e64ce8747cb75042eac,114.4073,103.368,92.2926,59.9305,59.4291,62.4747,not_cat
9a4f3bfd17b3054da373814f69b7c9ef,133.6333,131.2867,134.5808,81.7895,79.6838,79.1933,not_cat
898094add2b1ad9c7761e8cd1db5fba6,114.6849,110.3994,111.2758,53.3783,57.0976,62.2593,not_cat
7e9dabddaae68a86a299a721ef85da9c,103.1882,100.8976,102.9443,56.6716,54.0258,56.9877,not_cat
b4328dcd4a6cd872739e1f52a78eaf38,184.59,162.8237,140.0811,74.2692,71.6096,73.9889,not_cat
ce3055d145f48c1921466a32adc66a8b,101.1576,95.0452,89.3805,40.195,41.8132,43.3978,not_cat
f39d4cdb2a22a5794068524efb50bf7f,171.1471,166.2846,166.2379,54.3465,62.1769,69.2737,not_cat
586b947e55823fe25cef9aeb06e81477,134.426,133.2597,103.8806,63.7598,59.8683,64.1113,not_cat
7dd39637fb73705248a3e27c5d967816,140.5652,100.3562,103.9879,56.4828,47.1462,45.1695,not_cat
c38c9e49b8864a4d0777b6fc62309cc7,118.9039,112.7285,115.658,66.7182,67.925,62.5549,not_cat
515949990391b3f5d3822960f0cd18a0,192.4831,209.9825,225.7946,44.8614,54.2829,60.977,not_cat
71a647075c0c546c222a7a17652a2a7b,93.3368,80.982,75.8106,57.7373,61.8421,66.8324,not_cat
cc317640ce320755868c026736008f77,90.4097,95.1304,39.0537,67.5521,65.976,50.8814,not_cat
793b1f431294c2698ff01b2ff8e22d07,141.0539,123.5844,107.2338,65.4344,72.7287,64.6451,not_cat
d01dfc89442865fa59e47bb430d93065,99.0972,118.7854,75.1942,63.161,61.2479,55.34,not_cat
b2eeba50917c66629bedb907eeac59ff,167.6784,170.3011,139.8105,69.3585,73.7085,81.2603,not_cat
ed0c4d33fb2abee001d9b3c17679f512,112.2787,109.5574,102.1727,46.1529,50.6404,58.8017,not_cat
0c0d24a87f132f0a2bdf159fe6980af9,109.7665,107.4029,88.9205,60.132,57.3306,57.3404,not_cat
1d838d851b5b197c0f1d78894b28cee2,166.8412,164.3516,160.9446,63.497,66.8546,70.5052,not_cat
e9e91dfa11278aabf7923ccb02bdc5a4,174.7616,159.2961,129.3587,52.1822,59.7728,66.4841,not_cat
d89eba16209c42391bd8141d37222d14,123.2655,96.3204,78.1973,68.4139,56.9222,49.5952,not_cat
67a591cdb53591c71b5a1aa924fddab4,127.0398,113.0689,92.4314,59.1134,57.2865,51.9342,not_cat
b5754710fb9a47db73cc32c9baac6e88,124.1091,135.2162,37.1544,70.0626,71.4639,51.03,not_cat
6e23f7f175bb82bb8e337b031db803be,103.0897,91.198,91.4743,53.975,51.4955,51.9204,not_cat
5dc684893c6398b049a69154fdcf1340,133.3402,131.8053,131.9185,44.7615,49.9832,51.3117,not_cat
ee72d5a38688843c90fe6fc010a41f06,133.7151,124.9056,119.9446,76.2938,73.2062,73.7829,not_cat
a4f6ebaf6d073cb7d96dd1857aa3819c,135.3107,132.51,121.1897,46.7604,40.3541,42.395,not_cat
887112e35727664f0bd6cfc8751c8232,156.6852,140.1351,123.1869,64.0598,62.6864,63.4453,not_cat
34959f767771a2386738cea01028ec29,125.4418,116.7674,101.7624,59.2289,59.7228,57.2448,not_cat
8d7e968a34a943b3b76e4f3cbcdc4d18,121.0179,97.3777,106.7574,66.6484,74.0118,68.6845,not_cat
43c5da1999ab4393e80517f3dfaedcdc,155.9776,123.8513,94.6775,59.7786,52.7233,58.1853,not_cat
79f0ef5a0dc5fc76d54a594ca83112f6,72.3229,58.3647,50.5882,38.2112,34.035,36.4141,not_cat
44a8dded8ccf58b5b04b8bd6fe384bfb,108.8863,102.7906,99.7073,46.7354,38.2376,34.0397,not_cat
0095a8c10249c46a79ef474b27029075,147.5912,137.7228,111.9698,76.3108,69.6071,58.4543,not_cat
b2fe179d1f49ed21f247575abba858d1,128.1053,107.4096,76.9675,63.2082,58.1896,47.6286,not_cat
74558429f93398dff7e6e0f4bc487d31,158.3268,154.0923,139.6691,57.6265,58.0599,55.3531,not_cat
99aea99b36558911eb32e4a1c5711f92,159.6257,149.8339,125.6135,44.6224,45.1977,54.0091,not_cat
ecbad4badb652f88ba2590d77ff5d206,59.6882,55.296,48.6012,57.3767,56.3327,57.1071,not_cat
ff511cf8f39969c333ce1e5cf82ab7fd,107.5422,102.8789,98.6885,77.2003,74.3936,74.9491,not_cat
10cec7cadba9941b9310b988d36b0eec,134.5538,150.7493,121.1576,84.792,72.432,83.243,not_cat
199068cb6ab9496048a64975a2e5006f,103.0144,96.3087,94.1175,73.6221,73.8133,79.5271,not_cat
3058ac2b4844c042493b8a9327e068cf,119.6018,103.1672,102.0061,71.721,82.0777,80.2124,not_cat
33150c4d653b2d42bfd693831bc4ad64,123.8309,115.6775,89.8515,56.8853,56.2136,62.4737,not_cat
97ca3fc8f052adf9b90251e9f474126c,138.67,91.0649,85.4149,67.2071,64.2299,63.6301,not_cat
5a694cade9688788ad6438b32fa4076d,107.1122,73.4176,54.4479,51.029,43.5481,39.7639,not_cat
70a7129f64f7d73dd51896468ae02ecf,119.2026,117.4179,90.9923,63.0394,60.042,51.7587,not_cat
105533101c806d40aee24484380b7202,113.9955,119.3787,96.3152,46.0036,42.489,49.5392,not_cat
24cbe5c459e354288a0ca987d37fa39c,133.4136,139.6038,128.4019,60.1068,56.1399,62.355,not_cat
ac5920127591f8ebe56a0010cf73250b,147.2618,134.9197,116.1382,60.5898,65.7735,73.3017,not_cat
7a0c160b13d565bf81c69a1890e0dd73,84.4623,83.3745,47.1853,65.3215,67.2686,45.4987,not_cat
54b090e90c4ac7b1cb1beb5380ba1af1,106.2222,98.9222,86.6212,58.0781,56.4319,58.6928,not_cat
35befc7b7a2d794419c207bfeee43fcb,112.5885,115.636,103.9362,72.8252,70.8349,76.7382,not_cat
1f37a916ef7abf65f05831597f3949f4,126.2021,123.0444,119.1923,48.6511,53.2426,59.1958,not_cat
f263ef3da6b468ce80e815292a01bd5a,179.7863,174.355,157.921,44.9814,45.541,45.6751,not_cat
06ee1efb3c2b51cd2278c6aaa0dee473,147.5852,146.2685,133.345,73.9615,77.0532,89.7776,not_cat
13387a6fb06cb0572676547b52752f89,81.1334,87.8697,78.504,47.3786,46.425,52.6997,not_cat
7aba8f79ac441dcad781bccc974f7d66,162.9377,155.4263,150.6582,31.9111,31.499,31.7143,not_cat
d742e4865d9161184bcb06b81c58340e,88.4189,93.9811,90.8734,76.2825,78.0324,78.4301,not_cat
043abd3628c376dc538af35be8dffbb7,91.8472,76.1767,71.6522,54.4056,60.2011,62.7645,not_cat
3e9e9efa640bff8385d1d0f6d9aa46ec,120.3955,127.5181,98.7187,59.1973,60.2223,47.0387,not_cat
80cc593e41ba8a5bb03864f707d55dbc,110.3735,127.0679,95.9913,59.5782,58.8823,56.4477,not_cat
c2334d605d7f5523276ac8e9f5951b6b,99.5529,112.4584,94.6293,65.7832,58.7344,68.852,not_cat
a022df3dbb0ef9a351745ee07123a763,97.1975,119.0697,57.4683,71.3152,69.2382,55.7575,not_cat
9a77fd9fcf1bdbafd07546f71de9f7b7,124.3577,82.0823,41.5915,46.8241,38.7029,25.5519,not_cat
5c5e1a09d7203bbfecc2c9cd48b9a211,166.9641,104.972,81.702,67.5517,69.3102,77.2914,not_cat
1b620f0a86dea25c9c0f44b21a6e1d20,124.284,124.454,110.1424,63.2695,67.0465,64.5034,not_cat
cc6d68d11fb28e3d028dedb313fef701,150.1837,142.0519,145.9059,57.5577,66.569,51.3037,not_cat
473c99853ed09dd024dc0e73d411e0aa,88.6144,116.1977,72.4859,36.0919,49.5622,34.3573,not_cat
8e38573735d50131957841f66f31c8f3,121.6834,100.6417,91.3663,71.8245,62.6183,65.66,not_cat
c49d2e1f699442b6ec274dc873f0f689,183.9792,143.1364,105.8935,57.9657,63.8329,65.8211,not_cat
422690500c9ad34a2f07db93ab8d1432,178.8915,178.3413,177.9833,76.5603,77.5534,77.9643,not_cat
cdcd2d191c38fd7dfb28a76c7845128c,127.711,99.4358,72.6383,64.602,49.2917,37.7809,not_cat
3c7d99a6beb5b79703517058a737b8e0,106.4141,109.0736,97.9279,61.3498,65.9078,76.0238,not_cat
bd48ca19dcf9ac79a29d052d8c85b90a,61.9493,58.7464,58.0895,40.6821,41.2954,40.992,not_cat
684f19b188362bcdd9156600b310fa9a,147.0112,131.1312,114.5786,82.2254,83.128,77.9772,not_cat
0cf48aa6260fa691100e734892ac03a4,162.6027,162.1395,141.3343,56.9646,58.1729,63.1857,not_cat
06ab432d8b1f482bcb428fb27ff82dbe,128.245,127.7957,119.0279,66.5434,61.7025,66.5933,not_cat
d960a4fcf543c971829135df84e553f2,158.6347,142.0251,131.0257,61.0189,66.1283,68.8263,not_cat
f1b9f65e7b020a8b4e2fb9075a61fe12,147.0185,120.3503,50.455,64.4622,56.6128,62.8462,not_cat
f02fa734411e61526732552d5c4a46ed,91.0342,90.2628,89.5302,74.9044,74.8294,74.6897,not_cat
0e2ae7174a9bcbd7b40281f4344d72f7,104.2949,91.8393,84.6236,28.4789,29.293,34.1185,not_cat
3cacde41b128903639c7ba91ca5d020a,84.1683,102.8929,70.7221,56.0023,47.8092,59.1973,not_cat
1774453a933c64d1de88a67b13ab6e5d,193.5306,177.1871,163.2257,54.2729,67.3872,81.5271,not_cat
33380044a0351f51dfd9001b6ef43af6,147.0451,148.0018,145.3776,56.0279,61.845,60.4678,not_cat
d61fa7193dd123bf5a8abfc9b279effe,83.5139,71.2039,59.9473,56.2921,33.967,28.898,not_cat
5fdc8fa4744e2ec37d7e26b96b3ed112,145.6987,118.8299,78.4897,61.3678,64.5194,60.8619,not_cat
114b7ee279d847d78268939554d51e43,100.8217,96.4444,86.574,45.0397,41.8944,45.2134,not_cat
02cb18e91491d120d4bfa270c7e0192a,140.5273,139.2802,129.7787,70.1084,71.2744,63.7622,not_cat
d2f5acadb415338ef4eb98b4a81785c0,115.2105,95.8463,79.589,58.0599,56.5396,59.0024,not_cat
a7f51537a0ddbb9be4e8dbdb13c73a23,127.1897,113.2676,105.0578,57.7697,63.1356,70.5192,not_cat
897755ae8306d56d2878c04636b11ea7,99.6038,100.3786,68.2327,57.3757,57.1484,43.1983,not_cat
02172883c96208e993b4b35f71710a94,97.665,82.5977,79.1267,45.3707,51.1894,53.5978,not_cat
8c05486c06d9eae4467d0f5aeaad46c3,144.7341,125.6968,106.9674,68.8005,64.4812,61.2822,not_cat
2cfac210a982e57568beee3bda43c939,100.3355,104.1897,109.8904,66.6178,62.2874,57.5637,not_cat
4961c91286f39fe8cd4fed593053f799,156.5648,139.8555,116.6584,21.5077,23.6367,25.8923,not_cat
659358ccaba1c755fb38d3d302b04c8c,97.6573,99.4198,80.6911,64.5576,60.776,60.053,not_cat
570cc3cbc064c582657a8dc034063359,125.7532,111.2245,87.155,57.8994,40.9503,38.993,not_cat
9ea24acaa8b0b099d00b26c89adc0033,154.6084,140.7793,141.9622,38.7135,40.1373,50.638,not_cat
6cd05042acaea1814af38a0d189f5b65,189.2221,175.401,157.9589,65.3121,64.6286,77.1672,not_cat
ab106092ffb238b661fe0996c6082664,129.7051,123.3552,119.243,70.0555,71.9948,75.1646,not_cat
04eeb3114b89e84200015a72f061b5c8,130.7411,128.9353,147.9833,64.1739,73.2165,65.1595,not_cat
e0afc6189aa527c625bcb66d7264f39e,123.8796,119.8827,113.1293,53.8706,49.9595,53.1275,not_cat
296bf83a9fa6f20cc25c8f19a4d1d785,147.4656,150.1795,149.677,74.0055,68.4058,63.3107,not_cat
334e3a462dd63e3965af8ac3990eaf00,120.0986,113.6092,113.0729,56.4339,55.9052,54.7808,not_cat
55b7a418fcbd6f190937dc2e3c6c162e,183.1511,178.9059,177.2319,40.7376,43.3687,45.1909,not_cat
0c1bb1a05a05ffa2ecf844dbc1dc3e89,133.9144,135.4225,127.097,56.1768,54.3652,57.5707,not_cat
5e8a0895a4e1176cddec52c87ef6ce62,116.3577,115.474,107.7944,44.8948,45.0941,40.9445,not_cat
440d4aecbd766d54f4775e8f850de2bd,60.8145,65.3425,64.6379,64.8034,60.223,58.2288,not_cat
c2fb1d073688ea51b54e7fb6af59eef5,108.0463,96.4898,88.5091,56.0115,59.9283,65.2987,not_cat
9c06fb6e4ba998e8137e62e7c4f1b563,149.729,147.1073,146.2301,59.7387,60.3144,60.1032,not_cat
27a27dbffc56c37b4cc10bba23ae3e9a,113.0784,113.2278,113.7959,74.1578,71.8583,74.3009,not_cat
648e0969d376f547a49076a8eb25fd86,119.1143,113.4986,118.8223,53.1393,47.2767,41.793,not_cat
344e00b1d10bcb33045eac8c045f0788,78.0328,79.036,72.181,58.2794,60.0288,60.8987,not_cat
91631051f1bb8f320b2d47650ca28a13,155.3565,121.2536,91.874,71.6224,68.9604,63.3668,not_cat
51fd15a9aefb1d89694d5d0ae280ae3c,128.2211,116.5623,104.7638,53.813,50.5026,54.0446,not_cat
c8aa0ae9bc46ddfc9dbb43c812af1baa,133.3308,133.0436,134.2556,54.904,54.9515,56.5295,not_cat
b532c27ae6a82eef4ad91f6d5a6ce382,113.6843,73.4209,44.9867,64.0206,64.8459,63.3619,not_cat
418c635ec25d99b1f0abe29fa04749ad,136.7144,120.2237,95.8473,80.5678,68.9478,63.8349,not_cat
b7d141fbdee05d08b07cbb0f92a8e7f3,138.784,116.1859,95.7228,51.1154,49.7425,53.6046,not_cat
e9a780f4ef2a55108edd7c3ae5137d0f,98.586,118.5622,69.0955,57.6488,39.205,46.4754,not_cat
fa30e2ab2b41eb764ab925dd0316b865,78.5411,83.2499,79.3263,47.7441,46.0666,46.8648,not_cat
8c9b0992dfc6597855baf7fd21a6be1d,120.0302,106.8646,84.9821,80.0663,72.6941,67.2167,not_cat
af33699227993197d4df24064881eec7,112.4066,107.1136,97.855,58.8461,58.2501,56.679,not_cat
a7e2a86f16dd9725199ec1fc5a4f501e,88.8537,61.3755,43.0131,56.2018,47.5279,41.4661,not_cat
83759d5e434812a1ba11b9d475776a9a,138.946,130.5034,123.0915,49.4027,63.2482,70.9489,not_cat
7e8c28d2da66f941283e8e2dda722d12,114.8071,113.5315,101.9281,63.6387,64.3133,60.6957,not_cat
39ebb38bdfe83ea21f57d1e4ad204882,145.6288,95.329,67.002,70.6781,62.1549,58.9556,not_cat
c5f1e56e4d45ade78fed00ccb7ca0ec7,155.3649,135.0142,123.8361,53.3873,62.9432,67.3016,not_cat
365d117dcd00bf507395bfdbb65e9d98,176.6039,178.4604,184.2784,79.9187,84.3051,87.2575,not_cat
b0f5103e3a4c41eaf78472b3cc0a523b,114.2926,82.7852,50.0184,66.5349,57.3469,47.4812,not_cat
051749dc64eaaf3815b4fbe9ef89e4a2,158.5623,130.573,104.5275,61.3772,52.1252,42.4776,not_cat
a21c87e19aaf09a8db2b9f5afa34a050,99.8903,94.6146,88.5695,68.5569,65.5413,64.2341,not_cat
c5ec885fcc9e2c79205b7f3a719c0cc1,113.9565,114.6565,48.7685,49.3544,52.0131,44.815,not_cat
1a92e3b5dbc1ac8a3e511764cd292166,140.9478,123.5771,108.613,51.3806,54.2505,57.5948,not_cat
fc8a33ad7ae35bcac4db1e1d9c07289a,59.2589,43.1326,37.7782,51.6537,44.5398,37.7641,not_cat
7031a25935a66056b6206b7ad7bb28c2,87.5001,75.9371,65.1229,66.3702,63.4564,63.125,not_cat
25cb59f32fa20ff95ecdf3af5e4f090f,132.9656,127.4603,138.8466,88.0934,80.0451,76.7192,not_cat
ea86e617f6e0768af5304765cee86a0b,97.2338,79.0834,63.204,83.5347,69.977,60.4986,not_cat
cf37f33566715aca40a651a0c22dbd6d,145.7537,108.6345,98.9493,77.1432,68.125,68.682,not_cat
60fb98371d1951dc601bcdba032b6834,94.6156,91.9731,86.201,63.9479,63.227,63.3768,not_cat
04fb17365792daf62a880dfba8f0c19b,117.4945,115.0694,110.3222,77.3874,79.2629,83.3533,not_cat
8c291df9df6b6b71834533bb119ed1a6,195.7453,195.7453,195.7453,92.5877,92.5877,92.5877,not_cat
912cef15454b639bb8cff233265be4d8,114.1318,118.8724,106.35,63.7921,60.9282,71.4538,not_cat
3dde89176945915f87037ec158f00202,128.6723,126.6712,118.6996,72.8411,75.1133,75.6134,not_cat
9ff0106413d449520bfe108dde5bf9d7,138.0257,136.7052,134.1351,53.207,50.5902,51.8985,not_cat
5624f93467bb6bccd5176ed3eed3fd2c,146.783,141.1375,128.8593,34.8839,33.364,31.1687,not_cat
2993a474cbc540b4c35b75ae51d4c654,83.5741,78.7814,64.9892,69.5963,64.9707,50.6057,not_cat
0f061166d76abc181096fccd44023733,94.9508,93.1359,96.0298,51.1916,53.3002,55.6554,not_cat
4992ef0ea768e28471d768a412f4117d,146.3053,111.9786,120.1994,80.9193,59.0763,53.4706,not_cat
cf1452adadc61a6c8f3b392e7be9bbf7,118.1806,120.8844,126.4725,58.1677,59.4429,65.9135,not_cat
0a65b78439595b8cb320e50a9fc756d1,94.2257,79.2879,65.3613,46.8577,42.5903,42.0805,not_cat
d8926a1ca25ce1d30e7c4aceac3864ed,132.3997,129.2067,131.9778,50.5029,45.2281,56.6692,not_cat
84b136fafc6a22ecac47a963c101c863,120.9892,122.9732,106.7591,54.3688,54.1965,61.0891,not_cat
7769b5710e3346b56c4bef6932ee142d,125.9527,106.4204,105.0073,36.559,40.226,41.6841,not_cat
4a07d79c536963e9ec6911025bde2285,145.5852,152.687,138.7977,72.2498,70.4525,72.8917,not_cat
fed31a2d11427f56432b01db66c9a41f,71.4564,51.2441,37.2307,70.3151,65.4934,59.4042,not_cat
da9e909b8c1a06b6297b516479325c8e,128.2854,133.2281,140.1542,64.2027,58.2855,55.9392,not_cat
70f8777450e23807eb5bb83302776494,128.8398,123.4335,119.815,55.3655,58.8329,62.935,not_cat
9d11399497f470d63a0af6d63aea61c3,145.0662,150.467,137.3143,57.5094,64.494,79.2026,not_cat
a6e5beb6e1deca737c3571d161c0b908,147.2465,119.9786,89.791,73.2252,61.1937,49.6639,not_cat
d7f13ce56ad6d73f920e0bb6e7867d45,100.7698,104.0981,90.9524,81.2253,75.9915,73.0928,not_cat
59d3c32d216e2a2665914b6773aead77,108.5296,104.5693,64.753,41.4161,41.2016,26.6561,not_cat
c43bebe9a4a4f4b6b88c83c35b08bbd4,94.7449,105.3216,105.866,77.4442,80.7354,87.1676,not_cat
7cc4c9f88cc9ef16ddb146b6c8321da8,124.5585,96.2958,70.6044,44.87,42.347,39.4003,not_cat
12357f79eb0786570f1e63d86d11c920,162.6381,120.423,90.2834,74.9242,70.4362,70.7187,not_cat
ff1a2332afd171d4d574c84039906e61,90.5238,83.8942,77.4873,53.9902,55.3698,56.3121,not_cat
d70f8fae8cf967d12dbf2fdbb8acd927,100.107,67.6508,53.5457,59.5115,61.2747,60.4545,not_cat
4aaba92be1b1b5c32aad92055f561fba,187.7297,124.2472,66.9675,39.1505,48.4129,49.424,not_cat
2630f0bb9fa444b9749011c5b464f2e8,96.9625,99.8437,104.7766,56.4098,56.9542,56.8096,not_cat
d82e5ddadc35353e82f3d3cc8c5c0c32,135.5375,129.4953,102.4889,68.8335,68.7355,52.8428,not_cat
0b1e7248e319d831d028f8d40850c4d5,125.7033,120.8181,119.9187,41.6492,47.3476,53.5244,not_cat
d02d9c67707a454f00eee03ef2206851,75.5873,81.058,88.768,51.1963,53.877,58.4461,not_cat
2f4a6e0e125ea3df83dccbe3969a8cec,116.0433,76.1518,53.0251,70.5758,72.8332,68.2292,not_cat
a7fff50a454af0424c960b492da175c4,118.7055,104.5376,94.1729,58.7892,57.823,52.702,not_cat
60a432bf4d60434fe69c7c472fbab895,175.7579,140.7084,119.7677,63.3062,75.2943,74.6767,not_cat
be3018aa7c68847f4508f175b01f0abc,69.9411,50.3988,8.8829,45.6098,35.0862,22.2844,not_cat
d7dc83af35c9ebe153ab0dc7e37d932d,124.5527,118.3414,69.3502,54.8338,56.7887,47.7904,not_cat
5297cbc4e03f68d7aec4eb71869ba765,137.5634,158.3521,62.1597,25.5052,21.034,34.9805,not_cat
443866558dd654a53668768478f797f5,186.456,124.3294,58.3365,62.2081,59.5902,41.2993,not_cat
007ea605257698cede18ca68dd1c5ebf,113.5706,98.9577,102.0038,85.3672,66.7545,55.2787,not_cat
3dd1a9a922bc0dbe3bfbb0011d4a3654,164.3125,170.2496,164.9096,70.2385,70.4431,68.3481,not_cat
dceffae0eaa456ac1889eff737e36b5b,176.0681,132.0801,67.4389,40.2131,40.2096,41.7457,not_cat
2801de14e52d870307d695dc8c303350,112.6522,100.7987,77.5906,51.9329,56.8661,58.7519,not_cat
929ea0d4cb636066020c1463b7aff5d3,137.4401,111.3537,85.2631,50.7729,56.6194,63.1495,not_cat
0bda2a269f3e8e67383c0b54824e9341,131.0645,109.8164,101.4354,60.3574,66.1206,71.8677,not_cat
650bd81bb6e56afb5072986be06218b0,166.2776,173.1653,157.689,45.5872,52.4267,49.1982,not_cat
0a0e32bb6dc9590c4017ec35ba1dd244,144.4256,141.7851,124.8128,33.1518,32.9058,32.9984,not_cat
f7f8fa204895d15719f3eec92fc8d7c7,141.05,141.104,136.3372,70.5249,67.3996,66.1289,not_cat
ce9dd53410ab4964d4845505dd009fc3,98.7353,98.0525,86.301,48.6906,49.6946,53.0816,not_cat
60147f6f20477315a1517dd609b871d7,62.9828,63.3535,57.661,49.6062,44.5446,39.6938,not_cat
5b1271217e89c7bd7ee3e46f74dc7aa7,165.5183,155.8076,143.8386,77.9343,79.039,84.5427,not_cat
4abcd3c56fbaaf5416f41540e6abd9bd,103.1617,108.9966,81.3074,44.6465,47.0684,48.397,not_cat
b70789b9348653813cdd40af6b0f82eb,129.8099,101.2683,81.7239,69.1077,60.2516,51.3399,not_cat
566ec56170553b92e43105795ea713f3,106.2123,107.8535,103.3669,36.4322,36.2565,37.5175,not_cat
0d7ccfa5f89fdcd0b9c7b55b65b035be,118.4392,136.8697,127.1097,70.12,80.6217,93.5607,not_cat
9ab0679a954f44bf3f0fc29e692b431f,88.0394,83.112,73.3531,55.6272,42.3657,33.9069,not_cat
be020c75b9a8bfa7ff3ee6913e77c619,92.4527,76.5815,67.0272,49.5567,47.8292,46.7106,not_cat
eb23ee8fe238fb32f22894d72c3afc21,181.7142,158.2132,140.8601,71.7962,85.0622,66.059,not_cat
55630d3b4fb4084e80fdc46d2e6de3e1,152.7953,145.156,131.709,48.0906,57.7893,67.5854,not_cat
d3544c0e16a01b39434099b7d2b0d9c3,161.0782,150.98,139.9682,60.7514,55.7728,51.024,not_cat
29c02f441332b3ee60075e24c0cad20d,103.0537,124.4892,122.5914,35.596,40.2249,44.4327,not_cat
be27de0aac682b0581207beda79fee81,141.3338,130.6727,122.5132,83.8434,81.9805,80.7717,not_cat
b4759f0103fb334794b8ce5716516c71,139.3949,136.537,133.5496,53.4146,51.2603,48.9162,not_cat
2333ccba0b534bfafdb939fd086a2e9c,131.2952,134.2186,95.8714,63.9267,59.3887,48.1973,not_cat
02caceb888f0874a622e6e4e33243424,87.6209,85.9878,84.8371,54.6606,53.5947,53.2322,not_cat
c1f6e261e48837687bcb34a5a7a7a8e0,116.0018,138.9041,89.3567,66.4902,69.3303,68.5597,not_cat
5cbf7d0839be17a0a8bfd51898ec0ad0,99.6185,100.9849,71.8083,43.8501,45.6914,47.3673,not_cat
26f12b74cbbfe54c0ee2903a90da4d50,101.7878,51.7637,57.2622,53.1651,56.8552,52.3276,not_cat
2d449387440262e446a7a1a4b0b0d605,144.8533,140.1724,135.2942,58.9155,59.3957,60.9228,not_cat
664991d5367c5200bc579bf8542014c5,86.4214,90.6508,82.9825,48.0489,56.4588,76.0945,not_cat
52a625369f897c6576b6fa37e05e12f5,99.7598,98.4269,96.8031,54.9209,55.2234,56.0307,not_cat
4733a68f4a4379cf0df99ced830ed590,102.5489,92.9772,65.5025,65.3559,54.0951,50.6095,not_cat
ae9be2e624b79f0424373eeb3194245b,92.5072,78.552,65.8942,73.4948,68.8997,72.1187,not_cat
60e37b350fa3d6e407798e21507ecad6,103.3341,89.6552,77.6338,42.3754,42.2626,40.9384,not_cat
8c317e3b671bb7f73bf779595e962d54,147.5222,150.2064,115.067,48.0352,47.2726,62.8395,not_cat
798a2f06e2fbb96137c1217814a9df76,106.4879,80.187,66.2477,61.9301,59.9321,58.7782,not_cat
9ab283c66d5b6a076d5ac572ed43d9f7,159.8827,150.2851,136.5511,79.4639,83.1922,89.3652,not_cat
281c570f0fb6be5913048b4d0f2bca00,137.9786,148.2486,120.9481,56.0621,60.275,50.8904,not_cat
b3dd6a8d3671d8397c56821e1cdf19bd,138.7236,131.3668,99.7942,54.5564,51.8578,61.5633,not_cat
03fdb28cc7321f8e9fce5fcebd01a159,150.9796,143.082,138.9692,63.1793,65.8898,68.9799,not_cat
fe4594744207302df2bb9e0b77980ed9,96.357,86.8602,59.6358,71.8787,58.128,62.1919,not_cat
0a7aecb99a1aaf8194ffc448120d9c86,77.5493,85.9521,64.2689,65.5784,61.4391,72.5274,not_cat
9d864da6b1bc7771ba1062c77da568ce,106.3245,99.5955,92.2635,63.8029,61.2289,61.5855,not_cat
cd5319a7b195cb0f1f7d4b99e5f19fb4,165.1015,135.2171,99.5219,66.4991,70.3204,71.9376,not_cat
fa2e7577fd3a5bfe635d54f79718f7dc,114.9461,112.7871,107.4536,89.6313,88.8388,88.5111,not_cat
60a8769614aa50d8e8b173acd9499a6f,119.586,127.2149,122.1055,51.0899,48.8523,56.8138,not_cat
84f99b54b24bb85480e78df5f230346d,144.7212,129.4093,117.2299,54.1043,63.9619,72.3169,not_cat
c6b52716caae747d44e2fb09237b75f8,113.2253,107.2812,104.7156,70.8371,67.0897,67.0585,not_cat
5996ddab15a01d42cf0afd6680cc8355,103.4438,104.3302,74.8864,55.1069,56.5687,49.7447,not_cat
94f07cae67f70fd771296da843388e9b,110.8623,105.4711,83.075,59.788,64.0886,47.7303,not_cat
9cf7e1a36ced27657996f88b18735bca,122.8266,96.385,71.914,39.1825,39.8399,34.9748,not_cat
a7c00e71ed2dacbf55840193d3dab506,142.0039,121.9722,102.812,68.2819,65.7135,63.3622,not_cat
3ef609152443cca1c22199a2f94b1ac1,124.6712,121.9175,121.7344,42.7825,44.6106,47.9024,not_cat
ec39f403d72026211a22080148979598,149.7097,146.0596,139.2462,62.3948,66.4128,72.5627,not_cat
70c790d55decc81968c3ee090c8d4016,124.0388,123.0018,92.5633,75.2056,72.6149,70.8066,not_cat
e782b28868acd693ec1c1fb616db3e06,173.7635,144.8836,120.0406,67.4741,68.6487,73.754,not_cat
078c6642ad82bc0b1510e795674ffa24,127.8558,125.346,110.517,61.0818,63.0458,56.6839,not_cat
a907a50b34aab79069e6f7902d045de1,101.3176,90.7795,80.0412,74.9033,68.9547,56.0529,not_cat
af7ca59698ee744af9615747abd91683,147.2877,147.9362,106.5173,56.7877,40.3457,46.0471,not_cat
37f56a4f15f462a3d4ee563e6891bba2,95.4458,91.2838,89.0275,72.6563,72.399,69.5734,not_cat
3cd9e806ed26bdd6c5d5db4757d8aa7d,125.9843,105.0766,89.549,72.2763,56.1537,58.3094,not_cat
1e3ce995f2e9f7f4a70b37729bccf6a4,63.8847,66.2909,58.137,54.9473,52.8441,57.0376,not_cat
9079682517bb6d17478983cb3dc5a322,102.1936,120.1845,79.2319,44.3774,46.3788,40.8458,not_cat
20c2d254136a3400da9ddc423ed1e294,74.4296,69.6803,50.1004,41.3967,38.9158,37.35,not_cat
648927f5f0661bd7faad8afa658bfa6c,106.267,95.971,84.5442,25.4668,27.4723,29.5931,not_cat
47c51c9c397dd0230b9638d260f60fd1,136.4326,132.1414,131.6563,61.5404,61.426,64.5515,not_cat
1f56695cba8264f51ae77cfdb67ac93a,133.1667,138.4174,144.4091,18.9826,21.6082,26.5329,not_cat
2acfbbb14b250581843f6f43f06d962d,168.6628,99.3205,85.9449,51.942,86.9864,92.2247,not_cat
0b259f430b4d6257e489132267b46772,147.2535,141.1294,121.6041,64.5024,67.1472,61.0116,not_cat
ee3c754a67951bc28d55907feca99d59,81.6542,74.8318,77.9609,50.463,47.1749,47.8559,not_cat
6e6ad1643b29a253642f43fe5f2f2ffa,154.6185,149.8281,139.3164,82.5671,81.421,83.7979,not_cat
a11bdb99c2b0a89796f7d83c631d5f20,110.1742,104.4919,109.2019,52.044,53.0757,55.9193,not_cat
75039b3933ebffa76ff15f8a3d6efd15,136.5181,101.9921,83.4693,51.1767,53.6745,43.7823,not_cat
c64905fe6398cb45d544b25f72df245f,109.7349,108.5463,102.0094,56.3117,55.4091,63.3848,not_cat
ee96e0fa0cc40f38e2007201441fe733,145.1292,136.0048,122.6768,56.0819,53.6927,50.8293,not_cat
5ae1d73d7291c7680fb0c9b28667d99a,129.5695,127.1535,125.0563,56.4857,58.6692,62.1053,not_cat
7062075955a2bbeae8d47a059a7a71e8,77.7134,72.2858,67.18,54.1138,51.0655,47.5729,not_cat
fca4a355c6345f453fb048dd1f4a2d7f,120.0687,110.8661,111.2509,93.5624,93.9785,94.4705,not_cat
c486dd6911e3da51fa243cb98efe56ce,106.5369,108.1547,104.7498,62.3514,62.0428,66.8648,not_cat
033f19161ee117e1246119bb7c6fa65b,87.4537,75.285,63.5311,63.2418,56.6737,50.9661,not_cat
8d05c876fb7b428225daf3e719796fc9,89.1838,102.6172,58.4775,50.2065,48.7265,46.4112,not_cat
2abcd49e05259c79b4aea5dc91f3aa60,118.0556,124.9822,125.5043,75.3557,73.0353,79.3319,not_cat
b9d6ca8f63ae38c52ac3b5313b196fce,143.1917,157.7047,144.0988,58.2652,63.4945,52.7807,not_cat
be2bcdfcf297775b208854d402bfb46e,120.8827,96.617,71.9409,75.2668,61.5928,47.6868,not_cat
46a4555ace6b6a8e56da850a675fdd63,118.8451,104.0215,89.4557,56.631,52.0745,53.0823,not_cat
25d89771c64a9b5e3a0596c809110780,124.9757,111.7664,100.9976,65.6299,63.697,63.6705,not_cat
5e7453c0a5ca7d166bb60b684ae69d32,136.6363,135.1115,133.4831,76.2232,76.2385,76.4018,not_cat
38f85523f79ea787ce286cac22558dcb,107.2969,106.1488,96.1979,59.6706,56.8834,59.5294,not_cat
1bf485ceb349ba2f52d9394038d6de47,164.5643,80.9359,30.7932,47.8997,41.4169,30.8295,not_cat
a3f661056471fdae26a88e4332769073,185.7833,181.6486,182.3085,37.7897,43.5748,50.7374,not_cat
38da1f095382caf2e96a2365d1e5a45d,176.6077,172.5017,178.1263,56.1567,59.0208,62.1139,not_cat
b2a7e9bd5c75d7e916be276a760ae328,139.9102,134.4308,133.6654,49.5161,46.225,46.7657,not_cat
ab22caa829273428cdabfefa53a17e22,135.5175,117.1817,97.2528,69.5069,64.981,59.9278,not_cat
a5976b1e9a3dd4758d39819b2a79e985,148.1803,145.2004,143.4195,68.1837,70.2358,73.8717,not_cat
b596d688e2e1b28e04f6d232002d61db,184.846,187.3101,184.9336,64.9413,65.9274,68.41,not_cat
57d1a521306e93e9589722e177591340,124.7162,119.9766,125.354,67.415,67.8376,62.7569,not_cat
19ae2196f09e67367c3ddae682191d73,110.6985,110.5498,104.1064,50.8859,53.6466,58.7801,not_cat
855f286de65db13f7fdf217a1f7f69d1,172.6021,145.9911,103.5085,56.2373,59.5447,61.3287,not_cat
b17ec50030be17be0ad6ef069110ee84,107.739,104.444,92.8874,64.083,59.4777,66.1274,not_cat
a4bda1c33780c94a3f0738a5a8d1a45b,96.814,114.4822,92.0472,64.7439,77.0626,64.6847,not_cat
a7130259a1676ee235101b5e6e478160,92.3727,84.7165,85.2702,43.799,51.2599,56.7044,not_cat
bf6e8140e2494f6e933298508dc07825,60.7377,61.1689,56.6207,67.4791,65.263,67.4287,not_cat
20603711c5270ce0ef26c4a97c302d7f,83.7957,78.6622,82.8546,53.5829,39.0678,36.6655,not_cat
161585f47ac2c57cf9033025820d8d14,173.9138,102.0264,109.8532,65.6733,56.0087,72.4429,not_cat
9a1562ea223c27b6c848fe761f7ea389,98.7674,111.6752,57.6937,81.0455,93.534,53.2692,not_cat
03fe1831be3d548ab8aa60273918c8e4,125.7946,135.3768,150.5554,31.7601,40.7096,51.6572,not_cat
d6fb7333fc80f0efb4aca432e9e67e9e,117.5766,108.8837,111.3996,79.3186,72.7513,70.7543,not_cat
d5661c89f5371e4c93d5db5fb30e05c3,93.3218,86.1556,72.7931,45.9925,44.5287,45.5972,not_cat
98de13990a6cf0d9788fe4acbbe91777,147.7625,158.8392,168.2086,75.799,78.2325,82.9231,not_cat
b428e2e461d13e053ad2de60aa3eb68f,125.7176,127.5938,121.421,66.5526,63.895,71.2407,not_cat
64a30965e9e695d540a2fb6fc0a810ff,86.3455,91.6349,65.4439,52.8343,48.2679,63.5398,not_cat
1818863da72bf40d2a2a78df42f67390,128.4986,114.8251,110.1545,71.9812,76.3278,79.7378,not_cat
e9892ce2f3457317ba36ffda6d5ff95a,140.0189,136.0002,137.4494,59.9873,53.9551,55.3839,not_cat
cb1600166ce71020bbb0e319129767f7,194.3917,180.208,166.4955,52.1097,57.5452,62.3593,not_cat
52217e177dcb2cdbc623d7914c8998bc,98.9172,126.1184,76.8626,55.9841,54.8683,53.9337,not_cat
cba4bc15f323b6e158621c9eac7b03e4,142.9418,120.8655,122.5083,55.9377,56.7395,50.3099,not_cat
9a6b3e30096d5631942381178361a7a1,102.8853,97.3264,103.6135,55.7073,56.6658,62.6667,not_cat
1d0ad66188a2bafbeed251608ecbf524,140.851,134.3413,135.0118,68.419,71.6548,72.724,not_cat
880d6682b139e165f4459a4ea1e29655,131.469,136.5355,134.9489,66.7698,66.2859,65.355,not_cat
e9dfcd6eb2f4bc130225dd11f6a4fceb,135.363,135.0027,135.65,35.3188,38.442,38.2978,not_cat
f6f15999d5443c1292f62c93150b5b87,133.2648,102.3823,85.2697,62.4653,67.2039,72.023,not_cat
a40bd478656cc79dfced4e0cd1524843,119.5952,136.8047,105.4634,65.6705,64.029,68.0756,not_cat
bdb017a4a37202985653acfa534a7f9c,97.7266,82.3608,65.8656,47.3252,37.9389,31.4123,not_cat
bef1d9fc5f006a550c2b850c3cdb3325,133.2005,134.3287,120.2551,52.456,49.3444,50.1503,not_cat
d593bf077a2649770145377b24445f73,110.6241,111.1658,76.8239,61.1122,59.6913,57.7389,not_cat
d0676cb5c3fd242b23bddb5854da4221,103.1613,106.6214,76.5843,45.6423,45.103,37.039,not_cat
18d0d1159baff8ec250d32758b0c2445,140.3138,134.592,132.0616,49.3732,51.9219,56.1596,not_cat
997b305e73968fc43b92b7f39b99f1a6,82.4279,56.4704,33.1674,51.7885,40.6397,32.6524,not_cat
1557cfd1ccbbfa498c20ee0cb4adb8f7,156.5288,117.058,122.5084,57.0163,69.7643,67.4215,not_cat
ea022cfdd301f56c0ef701cc1661cc54,139.8016,140.9901,125.8965,64.0071,62.9283,72.6119,not_cat
c30a48121e82074fb713b2cf093c18ab,124.7351,91.1103,83.9336,75.4946,78.1599,81.8398,not_cat
8d2e1939b6a2b1c0bdeff4094a19b0b4,117.667,104.2366,103.7831,69.7094,73.4473,73.0113,not_cat
a03c1ef5f58a1aec92af58145ff9d1da,103.6553,114.3389,108.8518,30.3018,52.4191,47.6024,not_cat
4c129f49d8b131fa9dfc072fe6482aa8,183.4757,184.4411,186.2539,54.6014,63.4366,74.1655,not_cat
aced1dc6b257cc879d3c6b2b348bd34f,150.5867,152.146,155.029,59.4283,65.3232,66.7439,not_cat
44db6e771ab56b14e8aa64c76f2d5d53,90.6567,116.7685,91.596,49.5602,56.4796,48.6012,not_cat
c0672e040c6b06f7ae75392aeaac6902,133.9613,125.9845,114.0353,108.4598,103.0521,93.4181,not_cat
448b6927bf9546fc5de69bd110a29929,91.8131,101.8294,98.4136,52.3587,37.7963,41.5736,not_cat
22da53267e481a538b30bc167937e85d,128.7735,121.9645,118.0606,88.3868,92.8582,92.6115,not_cat
7244bc3b8a21d58ff5c6a54a4bbe0fcc,126.4412,133.8754,129.0361,64.393,68.897,62.1587,not_cat
7cd863627f7ee4f438904067024c1572,126.7071,116.8405,112.4769,68.7785,71.72,73.1722,not_cat
4cff2b1cab3de803dc8bc11864d89ff4,116.4149,101.8136,95.1659,41.2795,41.7398,38.7409,not_cat
a096bd23a0e3eca5ca32f3a10e1631b6,112.3413,73.6488,49.4952,73.5381,55.9743,45.3733,not_cat
11ced5cf626bc8bf940a2f499fc902d7,145.1095,135.1677,129.6976,74.6916,85.186,91.2287,not_cat
17fcb4e3211cef1b66c1079a92b6554b,61.4552,60.747,49.7525,61.2909,60.5665,58.2385,not_cat
855ff7609a38dca11f8f0804686bfefc,169.4243,148.2112,146.0202,85.2271,77.4979,75.6874,not_cat
a68ab58e2189b2d3b9f0ff939629b081,129.7521,122.52,110.3668,64.9429,70.512,82.4186,not_cat
2c17e7f76e15ea8f64088e257c712f26,142.6813,149.4825,142.3977,87.0831,85.3341,87.3354,not_cat
dcf17794e0b66e57858fa081f9d45903,123.7681,114.8596,115.1409,35.2748,40.2549,48.9291,not_cat
2d17d78d82044b0b3cfde466c55a57e5,101.1085,76.8258,56.7894,57.5035,51.7237,45.3115,not_cat
3d79a0aeb8921772b0a2a1ae1e29c584,104.1198,113.8738,78.0114,62.0916,72.2675,61.3445,not_cat
483ccb063ce829f3716e795bf48192b1,101.5475,105.3303,91.9065,53.2057,51.4041,61.0625,not_cat
ea751b3385540a2a399eb4ee6b25401b,163.3384,171.5398,129.5606,78.7774,70.4136,72.4336,not_cat
21ddfd8e8ac924f9639ed2e20b1d868f,115.1579,116.887,118.4348,78.523,67.2981,73.4132,not_cat
54d6317540c8436e943b664c2827f36f,137.2797,128.5132,118.3167,64.337,64.3121,63.696,not_cat
52ba21c4a111e8953831e66b09be81da,136.3937,102.8844,88.3408,71.6854,66.4529,64.0376,not_cat
ed2c69e8cc6b124317e71a8ffb482b31,147.2354,138.9154,111.8573,40.584,38.7581,48.9715,not_cat
80319511b84d2cef0d53a3c9865ed73e,102.7006,110.2694,72.5151,60.3541,56.0441,63.4809,not_cat
680bfe8547217678c73f746374f86145,75.7594,61.7183,33.0199,59.7387,51.176,34.2917,not_cat
ed80e6edfc3a9ec74659e8e908b4f528,146.8454,145.4284,142.0207,60.1487,51.7597,63.7272,not_cat
959c09c90c5c2901bed80246edda593a,124.2233,122.5089,119.0747,85.1593,85.1245,85.8277,not_cat
dd5f445549ad12698a4aa2d05516af33,158.4287,131.0237,66.3673,66.7471,68.1888,51.8659,not_cat
c3ac54b261347731d2559f00c13b4163,74.9799,60.958,57.3183,51.8154,48.6092,54.6911,not_cat
6abce053935d9a3cc557f19b03e79994,102.466,45.5679,50.4638,59.5285,66.0661,56.9375,not_cat
2f82e8bf9a39ca5ae96d78f07cedd44a,130.8898,121.6632,119.5951,94.2699,94.2165,97.1218,not_cat
bad18156d76544339181dfb9ec5ead79,82.9267,82.889,66.688,72.8499,70.2165,60.3415,not_cat
aaf0f74e55d5ba0873b6b9d200a5baf3,96.8537,56.5213,35.668,76.1358,56.1577,52.1775,not_cat
78a34000d2f589e291f144d0c13b5275,156.3354,133.0047,95.0008,74.4694,69.4689,75.0116,not_cat
4dc7ed7320e6652757d8f4c817dbb8ab,88.526,87.433,90.8602,65.7006,63.3365,60.7298,not_cat
3f01dbdf5338a14827c725f41d32da5e,139.8543,131.1807,131.3313,59.697,62.3401,63.0552,not_cat
1f547b67eddd3939f31c552b48317ee1,149.4384,149.438,149.4382,74.8491,74.8489,74.849,not_cat
91a1e6dbf421d3dc0b41fd22036975ba,131.3423,125.4246,97.6162,44.1846,44.0408,41.5965,not_cat
2885ff23dd2fd36987bbd8c499323344,104.1841,108.635,89.0736,77.1859,84.2626,60.4621,not_cat
72a11cee0110e6e58dd27894106f803a,159.7532,154.6143,142.0236,77.9242,76.1381,71.9001,not_cat
e567a40a29664d99bcce53a84cfc1bc6,105.8553,105.3565,105.789,38.6484,36.723,36.309,not_cat
ec821d68fe079c1ae7434fead61d425b,132.5757,126.7727,113.3379,44.8999,45.3377,52.1096,not_cat
3f143bcabf1401a4e10e49c3d587724d,104.4794,123.5342,81.6821,38.1673,38.5008,42.4417,not_cat
f0478f8205040840dc80f884a8801235,138.5132,132.3887,123.3184,38.3867,38.7512,42.3986,not_cat
45d04e32bfbee8f2f181171f4907dcf1,160.5161,155.0329,146.1411,36.9769,41.5456,47.8356,not_cat
447d07bee5cd913775d55ec76d6ac24d,105.4523,51.3117,49.5884,67.9538,78.57,78.5134,not_cat
bbf1c11d84596d5b6d47a2923a3eec26,88.7121,79.8017,78.6652,70.028,66.7729,62.938,not_cat
9deca8e6d8a70fc96f25c17ffa99eace,125.7716,125.3583,120.4637,59.965,59.4087,63.9565,not_cat
5c2e9a5e036c6a43124d0365174e94c2,134.1611,142.5175,127.5321,81.4472,85.1368,73.8653,not_cat
3222481a7e03e1b3227cf237e0845d86,111.4477,104.8874,73.5139,67.472,65.6045,60.6443,not_cat
0e0f869673badf58188b9586b02360eb,136.123,126.2312,119.9154,79.121,76.9577,76.3546,not_cat
9c89b357530b17b0d37335037b48cd5d,62.2266,55.5538,48.5947,73.0088,71.9708,71.2904,not_cat
0821cabd00870d0e648b77022ce59626,101.6869,87.5819,67.1979,38.9969,44.697,46.7571,not_cat
542fe618d173e0d846f06efca4feb330,112.5829,117.0052,86.4933,74.4056,47.5496,61.3012,not_cat
bd6147ba6f217319fa10e7da939dfd8d,102.7988,93.0393,73.0863,72.9591,58.3604,42.0378,not_cat
c3890685553df42cc8c1ad96d1940536,102.6807,102.1952,98.2682,68.0727,64.659,62.2841,not_cat
c52866790dd0c46ba7f3142387102c83,170.397,164.1227,159.4905,80.7807,85.8314,91.5036,not_cat
dc265dbb81b7d459967f90ffacf604f1,128.577,128.528,102.999,69.9932,70.0121,75.8083,not_cat
816382eb4af047daa989eed378ccc958,69.5202,49.4424,43.0322,41.6358,36.3026,34.0705,not_cat
5aeaafc52747cadad3c9f508f047a752,129.7708,109.2023,113.0455,38.9016,50.1136,53.6785,not_cat
268260d92918e58f088a89060e0c415a,128.98,123.1621,105.8181,75.6315,79.6511,70.1933,not_cat
f37c823dacb2c9d9c2b5b92ce0da738d,129.273,110.201,95.7038,56.3052,59.3161,60.4163,not_cat
b35452c4a4c78ba42449249f78a65947,98.8352,104.6253,85.2955,74.9659,74.0833,71.2416,not_cat
851b266ec09d8d7729970a6c64ac515d,192.674,178.4224,169.3143,73.1822,81.4464,87.9248,not_cat
2db8960fa4632ed6536058d7e05320ea,80.8782,69.6657,66.5883,61.9044,62.4725,63.6622,not_cat
2f37658599536dbe74b44a74d1b91732,119.7931,110.2718,109.217,49.9192,63.592,67.2705,not_cat
01142d1a22e704568e1c607e75f6213b,122.0679,118.7555,105.5022,82.2273,84.7461,89.2402,not_cat
1cf70803864d849285d3878f93942adc,63.2644,60.8535,53.8666,47.8635,47.9427,49.2123,not_cat
04a856d09ac5f89d845efdd55bfc1f45,123.4901,103.3608,64.6906,39.935,38.4569,29.9081,not_cat
8036fbdd70e8d5220333934c7213de1e,86.5574,79.7962,82.5035,54.8964,52.1106,53.63,not_cat
a681b1ebb50cdfd5a4246c2bb873fbd3,111.7452,112.7062,104.325,58.741,58.5871,65.3467,not_cat
85d6c9b8fedfa502c262e8c323263155,112.0656,100.0707,67.61,61.9469,55.7559,45.831,not_cat
e8f532837693ac7df1d5254596536565,146.6304,141.9655,140.8863,67.3865,69.7725,73.4709,not_cat
c1f4d768662d863e579467a5bc548ef9,133.3027,125.0991,113.8353,72.4757,64.0106,62.0258,not_cat
65e245f81f953cec18998de29388676e,160.8253,166.0999,172.8615,22.7822,26.3508,33.8646,not_cat
3537dba73036f6db43ba3500c58bca83,137.7668,132.3105,116.5872,44.9155,41.9457,37.0775,not_cat
c054417ddbd5960dd776a3486b386863,125.9932,100.4923,78.6689,47.8046,47.6999,55.1898,not_cat
f5736484f15749380080a9ed1925031c,98.4563,85.7131,74.2221,61.5841,58.9641,54.4461,not_cat
2adbc08b19438057bab78aee924d5f9d,97.9275,87.3854,92.5261,59.7494,53.3498,52.0913,not_cat
2e145d5e9c6927a4572ab99523781f0e,86.9788,64.5327,59.5567,76.1842,78.8123,77.5264,not_cat
9a2fe04118a9fc0d243bbebce8cfa233,158.9924,134.1145,91.4625,59.2218,66.1149,63.3071,not_cat
5504f40e99b93eef7c9990add53fb77a,100.7166,100.3066,94.8276,71.4549,66.9165,65.0326,not_cat
11dacc11fe43e7814ff517218b206112,106.3976,105.0918,99.4123,56.5114,55.7755,54.5173,not_cat
1c04cf5f9173deaee830e87697d73784,112.5,82.4709,75.1648,41.0081,38.4472,42.9716,not_cat
d70bc43fd3481dbe1ab9cacffc2714ad,108.025,136.6271,67.7975,40.9421,39.7328,42.1621,not_cat
95f6bade3b79c587affd3baadc251b66,105.3928,94.0097,68.161,64.9847,63.7079,66.8811,not_cat
0ef64211bd13f5f46bb6c4fa680deb3c,121.4062,115.1203,109.8689,61.559,62.8824,64.4393,not_cat
dcfd662833493b7b39eb444ad65450c3,115.3293,108.2567,96.4626,48.9084,53.1097,60.6535,not_cat
3ac4e6912cf5bafab54c532c5596acee,112.3711,110.6943,109.6805,47.5132,48.4665,50.0499,not_cat
c6411d6039aa2e841e3dafe9d113071a,112.3077,97.4586,101.4248,46.6816,50.0641,54.2202,not_cat
e90e5afdf60120292d4f5fe1444483d3,89.0195,98.2221,72.5496,35.823,33.6129,39.7075,not_cat
ef96bab74741e0111f69f09a23bfd115,133.2094,105.1307,101.6185,46.4629,45.0229,43.1712,not_cat
8de08981792c729e8d69779998a191cf,109.6934,142.2979,89.5923,49.839,45.73,46.2775,not_cat
ba24aad5ee03845a85fba8f4d8fc8f1c,118.0796,114.9063,109.6117,70.8845,71.8241,73.6822,not_cat
30eacc4f0d23c90ca7e2aad859c53ed7,81.2778,70.9075,70.9251,42.2862,50.0466,54.4446,not_cat
a2061919d098d861b31714e90eba55e2,162.9648,160.4755,151.0923,58.2989,66.8274,82.7354,not_cat
19010c39a8c4de8421a2a7a4a4def89d,178.3884,146.4453,105.6627,40.6545,38.1442,38.879,not_cat
4e8b9302f8908c844f6dedb096d28d52,124.1111,116.8112,107.4473,70.5901,69.5659,70.5868,not_cat
5ff861081c4a9e74a4d0e8d1bc249d98,150.6727,133.8658,79.0082,52.8478,48.9696,47.8023,not_cat
ccf79e0ddd9c85ea5256d34719b03ac2,98.9609,92.1312,69.9643,61.3279,63.7276,47.9316,not_cat
bc2dbabccf2239858e5507d44d34f41a,163.5526,155.1046,133.0825,70.7507,74.393,77.2784,not_cat
56853774a4576075c91e850806afd354,122.3485,123.7583,94.896,73.9701,68.3517,70.2707,not_cat
ccde5bc1ffa5849e1beadcd2e9a9f1a0,144.7143,132.0457,95.2072,88.457,86.8354,81.733,not_cat
53bb844565528046c8a34eb9ac95cdf1,82.2506,80.2948,53.8723,80.5764,71.4436,60.0791,not_cat
f77f02cb05b940df389865aba8100cde,168.7732,136.6083,102.9025,56.1461,55.2494,58.0025,not_cat
b4c760696ab564363cb3e49c15433e85,144.3617,144.3617,144.3617,73.3849,73.3849,73.3849,not_cat
1aa6c4d0ddda036485fc89bcb79463f6,89.548,87.2095,77.8085,63.228,64.3497,70.1003,not_cat
35638de3210e3dad5dc9c92f46df6c45,88.9968,103.9963,117.2,47.797,39.6879,38.9833,not_cat
a4cf03582b66687d779cb04926622ea2,99.6756,95.6191,71.3178,55.3229,52.4907,50.0336,not_cat
1085559806044f0b87dcb3e71cb5c5fb,165.2963,113.3468,90.8247,43.4319,67.7367,60.8198,not_cat
d29255a9018b309ca85248a709cb47e6,115.4726,112.9075,108.049,70.5539,68.761,66.0056,not_cat
ad0c8f19d4577b5d3b2ebc9df70381cc,120.244,130.0229,111.6292,88.5297,82.5063,90.3472,not_cat
969b94efaf5da03d504a9ae054c879a3,116.2545,116.7905,74.6047,60.0216,50.5214,70.2238,not_cat
94d1662c4de31717f93a4868f9eb9396,136.4586,120.9396,91.4963,87.857,82.0607,71.2033,not_cat
bdc1705127dd5f2d434714ec948e48ef,49.9845,57.2617,34.0592,39.3534,35.925,40.8313,not_cat
1b9b867041e422ac80abcac85affeac1,84.9932,94.3709,78.5471,42.8781,39.8997,52.2889,not_cat
b9281fe1fcb50d112431beeb914013f2,60.1926,58.7002,54.4374,63.6034,63.0807,61.0337,not_cat
79dfe3c53f49b0e0f841d6a4f6982503,75.8097,77.4551,65.6227,51.619,46.7579,61.182,not_cat
fbde536183613e3081b92723e2495796,172.7964,130.3748,83.0421,71.4548,70.7466,70.8434,not_cat
efb6f307e8c5f894f2978271840c2ae1,81.383,82.2137,84.3523,50.4587,51.176,49.3619,not_cat
85f17c664c68f977ea95d5d001458c65,217.1621,213.3656,203.1268,59.4144,58.0466,49.8706,not_cat
e355d810c0e28c693c0152f9d3d4dda8,85.8561,82.2193,71.0155,55.5314,55.2472,55.7945,not_cat
7275c2aaa16266ffe85966ca3bf3ba15,108.2818,109.0692,86.9174,54.8328,49.6006,46.8155,not_cat
85130f807abd4e14598ee019917ef80e,111.053,101.2674,78.1766,57.4086,57.2578,57.0162,not_cat
c9fc12df6fc5fb82b9d5634fed6619be,154.034,154.8165,142.0782,89.3766,89.1557,89.8886,not_cat
e40eceae2a21a6f19b538170853ab243,137.4349,129.0023,120.0066,53.5164,56.0358,63.7707,not_cat
642c9568c5291acda618a843b9a35512,151.6377,148.9971,137.927,84.4188,84.1798,89.4129,not_cat
0f18590d452e3db9bbd965a9cca9e2f1,100.2456,100.4903,94.1339,37.1212,38.5248,42.2485,not_cat
d121cabd03cfbd616427c2283582996c,120.1362,113.3731,114.4212,55.9504,52.0715,58.3061,not_cat
b9814087fbe33bb5b236cedf8e22abfb,135.839,139.9741,142.1842,60.3678,60.592,61.1183,not_cat
6311fdb1f52fb00281becfcd2536ec6a,132.8051,129.0509,126.1217,34.7479,31.1934,30.8861,not_cat
724e341db05dcf1c23f95a99955314b4,152.8653,139.3324,111.4581,53.1046,57.7685,55.993,not_cat
631d01871a84ec4c472ebd6d0cb90b10,124.6026,107.8632,94.405,55.7033,58.0896,60.7511,not_cat
b7fd9257b31288a247de83e8e90f673b,81.9007,73.8184,64.8946,73.2863,69.5335,63.9707,not_cat
a6db2da06dccc593ff7e036d07bee8c7,151.1719,145.6728,141.2582,32.1555,36.4811,48.5055,not_cat
2a6d21137882f62afc64511196098896,99.135,95.2083,79.3781,48.1357,42.0241,47.9998,not_cat
67163e92481ebfaa1210252ed8c3c874,92.6162,96.0723,94.3644,81.221,80.2725,77.0229,not_cat
abb51f65cad0d14eb435df5a8cb14865,96.3357,95.5429,88.2375,56.9367,55.6254,52.3339,not_cat
7f208bc576a0030b42e2ea6de0d56098,142.9534,146.7208,137.3549,81.2343,61.8021,67.275,not_cat
5715d2991c141846c31e1c0e02998cd6,154.4935,153.0175,154.8652,61.4225,62.8276,65.3792,not_cat
aceeecc5aa75ff636b99382489183eed,139.3029,124.4631,89.4366,47.3075,40.3355,36.2663,not_cat
406228fa34d6d62a70681e7495bc4057,199.2076,188.4496,184.7003,38.5389,45.6488,51.1081,not_cat
4aa253b2ba8368288d07bfaa2aa3bfcf,93.9043,106.9824,95.1911,50.7442,47.0441,49.5771,not_cat
29da70aed7fc587256887051edbf5dea,70.0014,65.2773,65.4112,46.0122,41.9227,43.4633,not_cat
849b6dd10a0dc528dd16b405d4b82bdc,160.6659,127.1938,98.632,38.573,43.0141,50.1973,not_cat
10623217f563a858443aefb322f846ec,94.8914,85.0366,76.74,62.2685,61.6881,65.8309,not_cat
e4602f79c675484412fc023160ddc74c,110.4441,102.6258,100.6542,72.3871,68.8634,68.643,not_cat
0eeee123a17c087c1ec66eba1bb79a6d,98.2366,97.4081,66.5013,57.9019,55.2328,60.1195,not_cat
29ef1ab00244a1bcec99781a6f3364a2,109.4109,111.7709,117.3786,57.1611,58.8423,60.6595,not_cat
d44cd8a3e549f4af85a6acfb8c8a6b05,115.608,118.0848,87.9088,50.8506,47.2946,48.9134,not_cat
9c53bbd4a97968053d68535203970249,60.1075,42.5041,31.594,51.2022,44.5422,38.1187,not_cat
65486b762fa011a094e4536163e97373,113.9683,110.5943,104.8155,48.7199,47.22,46.2541,not_cat
b769d5b5cd27d23086bde72e3085bef7,152.5759,152.5732,152.5714,79.2885,79.2963,79.3015,not_cat
00da725e0ced7cf27aef1e0389a7e008,128.9765,89.903,64.7787,51.8755,53.9802,60.4362,not_cat
24c4468ce8e4dd99b47e498d6228ff1c,124.577,103.8878,77.9233,75.6962,67.686,66.168,not_cat
98201d7c19eb97df6addc2a481ab8ba1,135.0973,99.2555,74.6541,35.3594,35.7555,39.1005,not_cat
8c32856ef21de2fbcbbf87013b2b842d,128.46,129.3532,125.8487,44.7259,45.0388,47.3887,not_cat
10323aaa4549928c7473c0928ff2bd9c,95.9911,88.4086,79.1098,64.3687,52.878,59.0572,not_cat
3402ef0b19bf071247532f44a6293f6c,75.8801,48.6514,34.8628,51.2181,53.2172,54.6831,not_cat
4131258ee49f73c9678f6325023b3c3b,102.7467,101.5132,98.6257,75.2339,74.6525,75.1212,not_cat
10200582d9a23a7e1d22013b25500bc6,115.4834,101.11,78.3259,72.98,61.9974,54.2629,not_cat
0e34863e52af457c9e357b795aa60d50,100.2298,78.4906,61.5247,82.5747,71.4813,58.9634,not_cat
d04a6c7f86b294155bf39102409abe47,109.0281,82.1902,51.7801,60.8661,58.3099,50.5499,not_cat
8794093616b8d880ead81cdbb09de774,120.8535,105.1168,95.8385,53.9422,56.1851,67.3117,not_cat
915cefc61c9bca29aa87006e7efdff57,108.3153,122.0611,128.0748,70.5428,69.7479,77.2321,not_cat
333ce5aaf0182ae956aa9e5192583639,154.7944,142.9782,138.4106,37.0631,48.9486,60.0771,not_cat
851af730a34aa36151a21d89f5646bb4,125.8169,113.5011,62.2203,55.5356,44.6804,40.8903,not_cat
bfb5328e66c7033b32c97a9033e4db4b,78.1823,85.7953,53.3266,49.4529,44.3812,48.5951,not_cat
1c884053df6ef60fbc10bda1c99bda63,95.7648,115.7192,71.8007,61.2019,62.86,55.7608,not_cat
087108ba7b9e993d1ae12b5fc2f69e53,71.2673,52.7681,43.6164,57.9319,46.0881,40.4091,not_cat
a67ad594837d9375752847cfed2e6fac,177.1229,163.1948,156.6688,58.2382,64.0171,67.0897,not_cat
1ec1b355e50d1af12bb551b996e5290c,126.7426,121.5256,104.043,45.6287,47.5886,46.9659,not_cat
42bca251bd1c62c4d1f6c6076b99e219,60.4164,63.3423,42.8527,36.3076,37.0442,40.8779,not_cat
8d674a0a1c3ed0ec949b96f66bc1cfe1,94.4009,129.8929,144.7317,80.4581,58.4439,77.7504,not_cat
662f972d31cc5503dd201588316f3296,129.4766,120.3746,98.3249,54.7648,59.0357,55.9004,not_cat
5f8429ec5504e0b82a7c642c62f79844,208.6814,197.6887,183.6025,49.7104,58.478,70.1157,not_cat
eb7a2d7f098292c2d6be05e274363725,89.8679,107.5654,87.2724,73.0463,63.2553,69.3666,not_cat
a4dd2dd90d3192f2f5c144384df7c3c5,70.1496,61.7569,48.7792,59.5627,53.4211,46.0922,not_cat
cfaaca8c3552b23817aca2a8fa402781,77.9883,46.7604,35.5625,61.4847,58.3576,54.0333,not_cat
4b89bc24a4bde0a82084133e0fe4ad96,102.5902,137.9331,129.5225,56.3656,40.0413,45.4409,not_cat
d1c1e9e7d0624b83a89943ccf8c4379d,104.5061,99.8121,89.7093,60.7537,60.7663,51.3746,not_cat
25b7fa58f5c0c8f6e99b8c3f3bbd071c,155.4107,146.2914,133.448,69.6628,59.6551,53.0399,not_cat
3cfe9e7811e8a0fe4cdaaeb09f652ea4,125.5193,117.8583,109.8144,47.1077,49.7324,52.3421,not_cat
6f9b4c4729ff604e3a254f9c4792e88e,116.7424,110.1663,98.1051,67.6917,58.8316,51.4719,not_cat
245a83ddbe0bc8249043ee31fa1deb9a,77.3357,83.4471,75.3587,46.4376,44.0329,61.2188,not_cat
f3bca94f6f186abc8ad7a9ea5f4e03a8,52.9024,40.0292,34.6399,67.1619,50.4394,40.3676,not_cat
5d2479d1abe323f3b1ef3f05d678e1a2,113.5784,110.8898,105.9611,55.8892,58.1856,61.0939,not_cat
7ab03fa1039c8c1e3b6065553b134ed7,103.9206,114.5827,88.8542,55.3947,61.243,66.8906,not_cat
300f987022072ce1f0edf826e620c854,111.129,90.4843,92.4849,51.8732,48.3626,54.0136,not_cat
c49709e72b6db908760da298b580f778,73.0441,64.5618,61.0679,54.406,51.1219,50.3125,not_cat
6f38b571057429f7d32fdff44f31b5db,93.8724,93.6138,96.1004,49.948,49.6946,48.4237,not_cat
2701d741de68dabf32987194f331c51f,157.0385,137.377,142.3913,45.3976,48.9927,45.7286,not_cat
e5d3c6b3b34c255e30cb088b1a6ceec5,125.8535,118.5357,109.8478,59.8405,58.096,57.0096,not_cat
650895b62021a049eb14a4883841891f,132.1879,125.3488,114.2102,83.7961,76.1057,66.6782,not_cat
5383617c3fe048bf688682b1847f089a,90.71,111.0886,78.5299,48.5882,51.7254,52.7493,not_cat
66a092dd32ea365e82f32c7648381fa9,105.5076,92.325,64.9097,47.0062,46.0759,40.464,not_cat
7e30461e7f42d6780148856b0544dfb5,123.1341,122.9272,116.3374,73.0655,75.8675,76.7599,not_cat
7eccd0da7d2010f88eb45e32e6ddb80e,154.5859,138.5364,133.35,43.6549,54.0226,61.2095,not_cat
870f4608946dade59c1520ef1670ac85,161.2672,153.6656,133.3518,44.1835,46.5368,55.0562,not_cat
58f9fb3ec87c3728f7595c8288050c9f,157.0924,134.5605,121.44,57.9815,63.728,66.9956,not_cat
9d48a190d93c6c76dd90632fb99a24d7,166.4362,171.4543,139.7447,66.8144,63.4391,83.0814,not_cat
36937f15de89898b03edb9faf38e4a2b,80.5806,67.9611,57.3602,61.3969,61.0564,60.5191,not_cat
a59824fe8eacf9ba2c2c2739ed5a54a1,176.8539,165.9412,155.2684,29.3685,34.7689,41.0047,not_cat
05260c12cefca117697534095437627c,76.7642,76.9054,74.0002,60.5873,54.7733,54.21,not_cat
7791b097422315ff992390de55bb218e,121.4079,96.844,63.7404,26.5431,25.573,23.51,not_cat
d0f2a3978f8fbb37674e1bce405fa9a9,126.5289,97.9789,86.4443,57.3637,47.0874,50.6561,not_cat
fa5c4f462800a9f860eaa260ca017e20,147.3711,100.064,65.9072,63.6621,60.633,55.3095,not_cat
f9921d12054901fca9dcd1d86aeefd51,104.5103,102.8834,95.5193,62.4033,60.5561,57.7938,not_cat
fa587aefc31214bcce549353dc572c98,109.2685,105.9526,75.6196,52.608,51.6745,45.1721,not_cat
b08c64ca2b3cf051c69fe5e56717edcb,139.14,132.6919,129.4038,54.469,57.9752,60.2378,not_cat
7a28a4804d3974848ac667d78b7ab4b4,117.1058,112.66,105.2915,56.8698,51.9707,55.7493,not_cat
3f272ae9d7aaea1c616984ff7bf7d72b,153.8394,124.5703,100.6612,46.3294,51.6813,51.578,not_cat
b71ddf62335bc2b5c41b47e350a5f01c,82.5226,80.4495,58.7235,45.6107,39.3186,41.2084,not_cat
a7470ba65c5a199c577175b68e04fc0f,114.5291,95.5491,72.4402,60.1937,59.1877,55.3754,not_cat
82ef9032865013523f6093db31ca32f0,105.4816,101.4517,101.7256,53.953,56.2931,58.3962,not_cat
e3b4aa80f9d611014979f815e2111ede,141.7732,143.8815,147.8057,56.6891,68.3708,82.589,not_cat
bdbee0956b91efdba543d826735b3616,137.5989,125.3331,112.8894,51.8329,48.6779,46.0421,not_cat
c4cebe99be005a29c437df61252f4ad2,121.7815,112.729,88.9972,69.9123,61.4114,50.4217,not_cat
8c0f4ee07e6efc6818e4f83283a0481d,111.1427,106.6689,92.2816,45.9255,43.1635,46.1123,not_cat
a683c56e7c97eedf89bc089204df34ce,164.3908,148.2667,131.1151,73.5677,85.1431,95.9737,not_cat
49f41c8e99ac1db364a1bf7fd3d01694,121.0381,131.2613,155.6326,54.2929,56.7331,58.2902,not_cat
a96c95b45bc1803a529dbed4bf021d27,115.4617,128.2653,99.3041,54.1846,52.7472,53.4132,not_cat
55ab5ae213d5c362325f2abda660fb6e,126.2876,114.9843,114.5468,46.6291,39.7609,41.2621,not_cat
98a21881e959dfdf3b8414a7a3119d8c,134.6359,135.7051,135.3274,74.6708,73.4501,73.3408,not_cat
0ee07df229029e2ca792efde99fc0892,108.6561,85.3154,59.9906,64.8443,52.432,42.5812,not_cat
13c7790fb824cd3ffb147e0d070e5d6b,67.7324,65.9353,126.6016,78.2206,59.2873,79.4763,not_cat
acbd967aad3043a2b38ed48becad5885,129.4365,111.0607,102.5901,46.4951,41.4897,41.0885,not_cat
879466a037b8023e4d2e38229dc2a7cc,125.9027,124.1805,126.9011,63.2189,65.495,72.3761,not_cat
d765a277df38d946bd27bfec968f3868,114.1115,48.2673,34.4468,37.299,46.1921,42.3384,not_cat
4362ccc437feb9407e207ea4dced44b3,83.4662,56.0917,34.624,45.1558,48.6931,48.9756,not_cat
a86499bca4415fe1da2426b1687f2504,131.4525,126.8356,120.7641,80.9167,79.7223,74.7104,not_cat
207f06d5c583f30f81fb4bd1f0cbbaeb,103.058,96.3931,101.0457,63.2452,63.4382,65.0442,not_cat
2c15a0a09bef18f05937041656ca4a29,168.5461,125.8088,29.147,80.3703,62.4028,36.4348,not_cat
7d9d3cad8ec3801b54c78a200cb179b2,126.8899,120.4351,118.1932,55.3635,55.7973,58.3349,not_cat
2d4427105b870bc3563e47ef8637ab1a,91.4168,88.1862,90.1116,46.1803,43.1287,44.6629,not_cat
42d4942a7e9fa33fa07e2b6d0e3a808b,118.4187,99.5493,100.6838,83.1272,86.2462,86.6931,not_cat
0227ac2263901882748589a2c3bd96d6,115.9981,112.8324,110.2188,41.0757,41.0482,41.4732,not_cat
14fac7aca6cdf54e948c225c4d7f4129,93.0217,86.0001,92.1683,42.9184,43.495,47.5067,not_cat
5b150ae4f155ca10c830d04f6a6bab7c,101.1057,114.5408,88.9254,52.7797,48.478,57.7894,not_cat
0a4578a02b69a1b5f47739b4fd392840,100.584,124.2221,151.1495,34.0636,28.6846,34.7086,not_cat
2403b7fd57555481f6dd5f085c2adc3e,129.5545,126.8204,128.9823,61.7149,64.8443,70.6708,not_cat
c3ef470475db82216384e55d2d661d68,72.1996,91.625,39.037,35.5596,42.6615,30.5246,not_cat
2a4dcde50b1d3662b4ac1a2a2aaf6864,116.4628,146.6782,54.9545,77.4214,70.714,60.4784,not_cat
580b8e74bc4cdcf932a5c8fac76d675d,118.8217,118.1001,99.1399,70.6908,60.9581,58.1733,not_cat
7947181999ce9e8bf9a817c81f97f6be,126.0125,116.5514,108.0718,42.8462,41.5713,41.9771,not_cat
5979c7df295847a43e355e0d28a87d36,117.8322,103.0678,94.4928,61.9213,61.2353,60.8101,not_cat
40827949c09e303337a76e86442402a0,147.677,144.6844,142.489,55.0906,55.3096,56.1198,not_cat
7d46ad2a019471290d4ee2c4ece5eb38,142.9579,137.0885,118.6046,56.7326,52.2695,63.466,not_cat
e0ff4d7a20b99aa55d0735972e90f633,131.5516,119.8546,104.2144,56.6302,49.4864,41.8856,not_cat
d1f63c092349fd9ae7473d1c2a768dd1,99.2521,127.1427,76.0396,61.7875,63.8826,61.6324,not_cat
f64d8d1f016baa2135755ac986750851,105.3342,108.6835,114.2816,66.1395,63.298,61.1333,not_cat
30c89679c4fa82df1e7db55ff622cb7e,108.5285,108.8133,108.4937,77.938,81.071,81.2273,not_cat
f3e5cb128568ff74a410edb3921e941c,133.7357,143.0967,92.9998,42.9397,42.8611,40.8164,not_cat
aa08414e7d8a88004e5694f1901f5d70,101.4815,92.1517,78.2199,57.8646,54.2151,56.6615,not_cat
02b56eb95992aea971b1fab0e09a05ce,179.1632,181.1811,173.6633,58.5025,58.4393,66.6911,not_cat
8756f1c052cc65ac7a9a7036e058f2e0,126.4339,97.6107,98.4484,46.2614,55.415,65.7745,not_cat
ae42820b40059c7388854ced3fa2b7a4,144.1109,104.7325,67.0473,56.5525,50.6773,53.1152,not_cat
2e9cbbca3fea3e40c713ac600de15766,104.7355,126.7954,53.1645,41.0402,40.9129,47.7523,not_cat
7a47c2e5848037df00f60aa2031cfce0,131.8416,166.6436,135.6602,46.5817,44.2042,41.5886,not_cat
2a3137379ed5b5765b386bdcd048d3eb,119.5557,146.242,89.6821,34.1784,37.8171,30.2667,not_cat
27229d9037977c8b1979e8258f5ee223,154.8711,151.4433,140.345,46.0468,43.7699,52.9149,not_cat
295dacdb819e83c023d7c27d6a8aa430,36.9892,34.3787,30.659,59.8022,59.7069,59.5466,not_cat
105c51c79fa0e8d7e54f71655bf385a5,127.6431,100.868,62.4384,50.7897,56.9818,58.9568,not_cat
fa9f9e4ee10b63b10ba41cb2b90a0a57,137.1904,106.8598,56.4829,70.639,63.8553,60.3766,not_cat
56e3eb579d22ab3a4edca8e0dcde6323,145.2697,142.4441,147.9087,57.5263,57.1678,55.4762,not_cat
7b3133401abeb0cd51baaf80153d4f9d,111.9993,100.5853,83.3341,67.6781,65.0348,70.8931,not_cat
8e8f38d47f0292647ab92f912c3e33fd,111.936,112.5286,111.1551,78.7158,81.5333,80.7072,not_cat
5a965a17af863c3257897d40266602c4,104.2556,102.1744,100.2682,38.7741,36.4053,37.8797,not_cat
c1972b3a21cad36b3dccd01e160dbed8,138.2423,131.1474,126.5032,39.7918,45.0697,46.2487,not_cat
5b765b2aa63c69d2c87287f720087361,139.2988,141.6251,103.1697,78.9134,78.4632,64.0533,not_cat
0e1dd61a07a5e8e2aa0d15976fcd0a42,101.0547,94.5044,88.403,65.6503,64.6975,68.5781,not_cat
dfd97de381d6669ca29b4caf5e451e09,104.7504,77.72,44.8736,70.5228,63.209,55.3811,not_cat
6e6e98640408cbad2b0eb263f3484416,92.6372,81.2161,88.6475,61.1562,55.2498,54.2207,not_cat
a264f16b8e4397296e76860cb411c97d,116.6611,127.7416,95.6735,66.5012,72.0729,55.4079,not_cat
ab7bb5fb7f438e3425eb66e33317abfa,186.7782,184.1575,184.9966,61.9572,66.3422,68.0898,not_cat
dc10ebfc7213a85cb23cb1bbb4305aaf,85.8932,68.877,52.0595,40.0685,42.3787,45.6581,not_cat
cacaed5fcccbea992a16c70dc37e2020,117.0607,116.5901,113.4969,48.7742,48.5897,55.3227,not_cat
5d7cc2bd48f4dd792e586e704a0f1ed0,140.3824,130.086,106.2886,55.5424,58.1486,62.4685,not_cat
25aeedd1617e102cf871726127ac96b5,104.5116,99.4547,82.826,61.4697,59.9924,59.0491,not_cat
e59710af1bdf201220cdfaa2738d17e9,137.4665,131.3098,130.4088,51.5145,50.3547,55.1185,not_cat
4be85737559c1c809a7e4b9be6392a0b,104.9445,93.7712,82.6902,62.3337,54.3356,51.9804,not_cat
6c1d6abeab0dd96b9181b3948ca9c6e7,80.9622,73.9484,65.6677,69.7219,66.6766,61.8531,not_cat
dc581e38e53918301a3a8410e81cc7a6,122.9964,115.6673,100.6759,71.6249,68.2522,70.9603,not_cat
b325da7b6f8cc67b731b40ffb9ef9c9a,126.0452,122.7893,124.0004,43.8129,49.5761,50.574,not_cat
e18513c94c8ab0c5a275e7fd66319bdc,118.3828,109.8047,103.1307,59.9811,62.035,68.6714,not_cat
df31e7bd1656e969f3287e43a2dad252,113.6777,127.8256,106.6555,69.8482,66.4415,69.4129,not_cat
a4af5ff51cbbcef6586b17763daee8cd,134.4881,124.126,116.4187,58.6067,62.9626,65.5966,not_cat
3a08364b6a68d1d9e3ca7aca254a2a3f,96.5826,93.1609,64.144,60.3994,52.7682,60.4981,not_cat
05a4e47b835d2fe975227bb354f12b43,63.2044,49.4715,43.9129,68.2179,65.7808,59.3049,not_cat
a230f0800aaf61344d715938d87b35a9,121.382,103.7653,98.0343,59.5267,53.2728,46.8114,not_cat
1d26446ac0d7fd40387d2a564717a3ed,131.937,119.2742,102.2754,45.1656,46.0986,49.785,not_cat
01b90cfc28acfd77440941549e9b6c72,147.7433,137.7815,126.8198,77.4939,73.8833,73.3991,not_cat
f6ba4def1f5fd9059e4f8e306b52eda1,147.2153,145.8478,145.2017,56.6225,57.0717,57.9457,not_cat
7ddad02fea80904891f4e6418e1188a0,135.1748,139.6555,102.0285,41.4171,44.1743,48.0493,not_cat
f146cdbfef2f8b98da58ec05e9cdfcb7,87.7715,83.3024,73.0429,88.554,83.8449,78.2642,not_cat
19ed4f5fb0de3e901c7af1bfae94734f,132.0,131.4777,113.1658,51.9016,48.3065,55.6988,not_cat
955589d92edd2ea287dc84bf9077e66e,130.1227,108.756,83.3822,40.693,39.0959,38.8122,not_cat
672b2fac84a7fbe339965e85ead94347,213.4516,203.6057,181.2921,30.5888,45.2603,59.2606,not_cat
7bcd95e75474fba295e8a9ecaa44b32d,149.6041,155.8586,135.13,54.284,60.2861,67.0531,not_cat
99412a7f1c35aa3bb9b68b40b7aa42e0,102.7764,104.9098,86.7242,63.9084,59.8128,69.232,not_cat
be05bb21f41577518129c77b22419880,86.069,79.3164,68.4837,63.6229,56.4558,54.9992,not_cat
b5e593c4240eaa436b04ed4898a3b69d,107.9961,107.5801,112.3024,56.8655,56.9331,58.9816,not_cat
539827d2656f1937cd0214dfc0812e99,114.0003,107.7001,92.8216,61.9945,59.8634,72.8777,not_cat
fd750f9bd6a548358f37cd70ac73beda,186.7518,174.7551,152.3962,80.8187,78.1522,70.6152,not_cat
1462da9ce878375d7de4669ab37f762b,149.692,147.8485,142.8133,62.7218,65.8001,71.2544,not_cat
90da0c83431dea27df3cb7779b2bf37f,137.4686,128.8263,123.5945,72.8063,82.7176,88.5655,not_cat
efde187c86812e20b789dc77166c16da,167.8275,163.1754,160.5479,75.8721,75.82,76.3035,not_cat
ff0dc409abd42d1aa1100f6c531aca74,113.9674,113.8135,99.6295,66.368,66.6145,66.8751,not_cat
fbef7d8cb0016dd02e26184226d202bb,133.1352,155.7129,76.7937,82.2282,85.7904,60.6954,not_cat
501431177cffdaac55fdeb17ace077c0,116.1566,110.5267,107.5808,58.955,51.4889,50.7282,not_cat
8bd04ef0e130d6c5870f854b81f2a83e,103.3534,104.0326,77.6739,81.925,80.5333,70.6483,not_cat
2975996266501b48a1c82a04bec217a0,134.3009,120.6018,107.2239,42.8987,48.4846,57.3501,not_cat
2f1c2f1068ec3d16d8feeb0690e0b86c,124.9775,120.0293,120.4002,50.9446,49.1232,44.4805,not_cat
d9dd12f606fa667c7d6e40dc4047b527,85.4424,83.1483,81.057,70.8616,70.1737,72.6744,not_cat
4f29c5a6e5436a67831239abc359ff0e,134.677,147.906,125.9998,79.5104,72.2651,82.2505,not_cat
05a6cad79e5d1b70bacaf4ea4bf01d73,123.4085,138.7225,155.8506,42.4206,45.7361,56.6427,not_cat
7b558877efda81e081df70429c3a55df,102.3915,109.4946,106.3967,70.9796,81.9261,92.0333,not_cat
24ac468e3bb08883d7aa40d86088d75c,141.254,119.8771,92.9569,49.9632,43.6798,41.9294,not_cat
c82caca53586d5e3a6ce6787a5467141,127.5411,118.8518,120.2793,61.2974,60.989,58.7506,not_cat
33d512d1b367259949fe6137e11745d2,94.263,93.8551,97.1092,45.747,44.2165,47.3506,not_cat
fd21345da37c9e1ac8c379121340a987,76.9175,59.9522,36.9642,44.383,34.5496,30.0379,not_cat
99ed8abcb2586077a5a93609e694b99b,83.5826,78.5134,72.7536,85.7552,84.7859,83.0425,not_cat
35e9505e238ccbe7dfca34fe71d80f56,108.7376,102.4521,99.8001,65.5342,66.2516,66.4946,not_cat
4631ee97564e43a36e4aabf2ce0d1d42,136.0176,124.9568,108.5104,54.3896,55.249,59.8946,not_cat
35688d36e760da7f4f9393ba3e7a29f4,114.4852,99.8992,84.4792,58.2852,51.983,46.0017,not_cat
3ef339d52a2dc3b36b4e0e75564ec613,118.6981,86.3398,55.281,51.356,51.3178,50.9757,not_cat
80fc1cafba6287500097535323d011b1,137.1342,124.4227,115.9545,70.5753,69.7056,71.7991,not_cat
bc12d7a87f6fcdbdf2e67ce1ee91583d,94.5136,88.209,86.9664,59.2485,56.4857,50.0697,not_cat
9c7a5a83d6ab4bac4afbc55957812e28,125.0185,116.8688,110.4783,81.4299,91.9372,96.3034,not_cat
7e3964ef784780275d99d926ad1e2134,146.5336,141.434,134.2701,70.2026,62.1521,63.6608,not_cat
f34f6bfd51d8f69c52cc56dad054e873,88.1894,80.7658,72.8529,48.6208,48.587,50.8307,not_cat
9117f3e2b0160456430a104c8f587fb6,110.6997,84.3389,64.6312,79.5608,79.6035,64.0874,not_cat
cfb4e2eaa9eea6a3ac9efcfbba5be871,82.0223,83.4166,77.671,30.516,34.9016,42.9589,not_cat
dfb11cc448ee238890c3dc8c42dfeb0c,161.1838,151.1716,146.1599,60.3929,61.7329,63.5943,not_cat
056379e81aa04512e511cc3db93b7769,182.3331,184.8269,190.7841,45.5246,63.7862,82.041,not_cat
405d7bb87b4e86c53aa0653373641cec,138.2055,126.8593,104.4664,43.312,44.3811,49.7366,not_cat
d75385ed9790c7dec9a04386037afdd3,122.2625,100.5361,67.6543,38.2033,41.7737,32.2975,not_cat
20cba8b1f810fc33ab2c5f07f6edd526,126.0156,108.2709,78.4755,41.245,42.1185,46.3273,not_cat
494bb907a5d3558a4b2ea4fd590fea1c,162.1272,125.8736,95.0022,55.1516,65.5761,77.5655,not_cat
00e618ffc0338e4e5bf3c58cf8ed91e1,108.6731,92.7197,76.8401,62.5037,61.5304,60.0572,not_cat
d81b54dda1ca0abc1973a87f7c7dc5ed,156.4633,106.4361,87.7059,65.0162,63.0115,69.215,not_cat
c35d16fcb3642dfcfd0dc013560021c7,118.8099,122.4001,110.5975,70.3253,72.4552,75.8547,not_cat
b01ce53ab057145143486990ccd5dd35,120.5267,120.7983,97.5169,70.0749,67.3315,74.3661,not_cat
b3716152039acec1b463d92a3c2df437,133.126,126.9004,114.8416,60.2916,55.8117,62.9238,not_cat
8609d566fc2234063dd7455827bfd00f,163.6254,149.2846,141.2009,79.7599,85.1355,85.7104,not_cat
2eef9878843869388cae554223c4f0ec,91.229,81.1491,61.2911,54.9351,53.4982,56.9614,not_cat
5106ba8620302fac3414c0525957ae58,93.3109,83.1269,71.4575,58.855,54.4645,48.4842,not_cat
2a691ba4dfccf77b4bcd3095a62f58eb,95.1163,95.1163,95.1163,66.4194,66.4194,66.4194,not_cat
1513da227af38bb28afac1fbfb82b4d3,97.4605,97.2123,96.0849,34.969,34.0785,34.915,not_cat
ca3b6075b90c3a8f0d7af9d2d87e2f70,117.4022,90.2442,65.0752,49.2385,48.1248,48.3167,not_cat
f6f3da53accc33520a1023c72339336a,126.0295,130.5868,127.0608,87.9512,88.8093,85.9766,not_cat
d16cb2a6980ede1e4e4bacb5301e0aa1,106.464,109.2995,104.1979,67.1968,65.2408,67.5162,not_cat
6d7b3e9e795cd8429fd7a3b6283e7cd4,118.5683,118.5683,118.1683,42.0736,42.0736,42.5061,not_cat
86a385cb2342bab6942bb31ee6b6b6e8,100.6563,78.2472,72.9242,62.0233,64.4894,64.1221,not_cat
71a605a384219234a0003cf306349762,84.192,89.2198,75.0495,62.1741,61.1794,65.5452,not_cat
df182ebc90defcefd370afa87e8d1e84,146.609,133.123,118.9486,44.8163,43.5725,45.7361,not_cat
79ce412924c7781fd322b103fb94cc09,164.4563,148.9379,127.9859,41.7856,49.6307,61.3997,not_cat
a2dbfff7568047e34f067f30e76410fd,115.7384,123.4896,131.6693,42.8986,46.0812,51.2684,not_cat
ad6c57bb3fba51a79406062b3cad5558,108.3889,109.7607,110.6824,62.4712,61.589,64.5796,not_cat
e0868b4b09524844ff05385b9c30e2dd,145.6033,131.1661,122.7626,57.4814,55.0296,53.9039,not_cat
32c484921b0d90db462cab86f557d5a2,135.616,132.9237,113.7699,90.9308,90.2393,87.2842,not_cat
424bef04e45fcad9ddcbec7f03155ce8,131.418,109.4597,108.456,61.6737,58.7501,56.0689,not_cat
4664ff5412d36b6e50b63b80ad70b6da,87.0953,98.7622,58.2768,70.303,54.4978,66.19,not_cat
f7a270f62ce067d2052fedde697d9aff,152.2201,111.4767,77.0313,69.4552,71.0597,77.442,not_cat
d9b53ae02bbbb8d9163651962d00d57a,90.8761,98.032,85.6165,65.1625,57.9226,75.411,not_cat
bdce0c25d06fa314ec44783732c7564f,176.7522,141.9434,72.184,56.7667,52.3047,72.9155,not_cat
3293b720c609e393f8e15b792a1a4964,98.6069,121.5478,102.3537,44.2609,39.2321,40.497,not_cat
ddb0295380d0e4a04313055adf034790,94.7435,103.8439,104.2958,52.8667,61.8932,83.9893,not_cat
bd9f034734f0edba97f737765d5500be,189.7936,179.2462,160.5473,44.2131,49.4556,54.8866,not_cat
09037aa223e83fbf2e2b814497b62ada,94.775,55.2338,48.5208,64.8333,60.0031,59.7537,not_cat
386f0949981546d2880f014dc17e88cc,121.0306,106.0733,95.5836,71.8906,64.4061,64.7996,not_cat
cb4dcc99d49bec0b1aff355aa111e82f,56.2058,51.2294,46.0173,64.0269,63.1906,62.139,not_cat
770a5bae2aad4946116eaccb34808ec9,153.0716,132.7497,112.1695,59.323,63.1042,65.0618,not_cat
1134f8f0f423f3e3a2fe4c0fd5bd6fe7,121.8809,144.3781,90.9783,25.8591,31.325,22.7237,not_cat
e340bdbc326bbdcce34a9f2a9a43ddb5,101.5639,78.9015,74.7529,43.6881,49.6406,54.789,not_cat
6c6268022ad2d55be1551ba88f0a559b,130.3596,126.4457,120.7478,45.6943,47.993,50.4283,not_cat
dca186e1a1cb16baea0bb9da7d8383c5,184.5531,142.0875,73.608,40.6701,37.5587,25.1251,not_cat
f74040167f8f66bd597f2b68f427416e,142.4224,131.7043,110.5327,81.8215,79.9427,83.2444,not_cat
a6dcae003d65badcf101e9084cb75ab6,202.4325,220.0881,200.9318,32.6633,34.3613,41.3854,not_cat
fdb233687e332df64515e2d26755632a,138.6009,137.9059,141.859,94.3561,85.5117,72.7718,not_cat
b25382722e774cd45d92f0a9c85c6f08,136.183,149.1072,78.0674,55.6005,57.2475,55.3768,not_cat
5f155e8e3fe5d110e0aa85f1443538b3,99.1742,137.3496,106.1915,52.8564,49.8259,50.3558,not_cat
da450368ea7537404b85824382500615,109.5564,119.8165,92.0326,59.419,59.4134,59.9552,not_cat
9817a8af4327b6227129e2523669e393,83.5233,104.3666,131.6971,71.0155,57.8988,70.5073,not_cat
fa444e069d5d3e307e3736759371740a,88.0768,104.9274,62.9731,39.1233,45.8422,33.9853,not_cat
9085b2b9a07043ac9d0bfd4531b70a9c,129.698,133.6221,113.8933,52.9897,55.5761,59.4787,not_cat
4acca8c06d0fd272c1a6fd01cd606fc9,100.03,74.9536,59.2564,71.3749,70.4222,69.0767,not_cat
912560602dc25fbbd823356f6e54f001,200.7173,185.3155,173.2388,68.6333,74.6585,78.8868,not_cat
93ccfd672fd4eb89f499dea62f9d7b86,120.0494,123.0424,121.7049,61.6044,63.4874,66.6064,not_cat
ee7db21d0cf5c454d5475a2039249c53,145.5794,139.0427,138.5224,54.0848,53.8755,53.5941,not_cat
45f8c57f2738136413ad4f3a6a0eb11a,136.2018,130.2143,118.4426,73.0111,72.4325,76.7181,not_cat
0a4685369016ae3cae90c21edfb65cab,195.9154,184.382,175.9462,74.9023,74.2151,75.6643,not_cat
f9f0ff3b5e6f85297e8694152f5a2d2b,143.614,150.3905,148.4106,30.7971,36.5952,38.7187,not_cat
f45ebea044b163dd36b874a746e6f204,147.7693,132.5937,123.7851,62.6526,72.3821,81.128,not_cat
8a29cd003830509922043b352732e3a1,116.0059,112.5842,98.8172,48.0027,45.1803,48.7882,not_cat
16c67c74e67a682c6f7605e3fce7fad4,168.9474,159.3439,148.9675,30.2161,41.7342,49.9294,not_cat
2d59fae530cfc7ea5173e7c316e0425b,111.4552,120.3566,104.6744,68.585,60.7621,79.2705,not_cat
9d719404f779cc9a234f6312cc7626a9,87.7936,87.3341,79.3169,80.5137,78.0473,77.0236,not_cat
2c7fa73ee1eb6974ede9031b59dddfd3,111.7963,115.3255,103.0803,40.7343,39.4615,39.5101,not_cat
e46d1ad0796e677ee9b7e7ab65d5cafa,137.2749,136.2807,135.1128,52.8924,51.1735,52.3754,not_cat
cecb519c10bd4049c435169ea0398166,127.1444,129.3866,122.2238,74.3817,74.8346,82.518,not_cat
b904f8e3fd4b1c9862a1713b70dc8f42,98.271,129.0319,93.7016,62.7827,61.5579,56.9079,not_cat
834b38c4b92a0aa4ae6815699755c233,180.2684,173.3197,161.8062,61.6673,70.5785,76.294,not_cat
32fa4709eced9b141476dc4faf274848,163.9418,157.1056,138.3523,51.0203,49.7154,48.0948,not_cat
9d2aab822d968e2d8a7c1ab2b2bb1ff4,181.2865,177.0804,173.6535,49.8419,48.3606,46.8215,not_cat
55cca13850846ff5b8311fb383d6baae,159.3447,143.7997,135.4338,60.968,60.3499,64.7698,not_cat
6b0c6d2910b48d3a8902b9f4e1c86471,130.6094,135.5629,106.199,39.9637,34.0955,45.4685,not_cat
4e0ec16709c5c9908765cfce1a73e899,131.7479,123.6498,124.5448,51.6189,49.6438,37.8423,not_cat
c540049ed80ad6b3055776217bf20013,86.6157,98.0569,74.6953,47.3927,43.345,53.1164,not_cat
ea89943286a66876954924e377b54701,64.1293,59.7106,51.9148,36.9469,38.0943,41.3357,not_cat
21f02664bd2a785e8e7d21e760322797,141.8817,122.3407,97.5377,58.7452,55.1666,41.0384,not_cat
a266cd0455a6d3b55f5ebc451c6b9116,128.4023,140.6192,105.5593,47.232,48.3122,46.9065,not_cat
5e232d976c26b03523b5af3edeef387a,189.1431,167.9669,142.2491,52.0391,56.4881,56.5126,not_cat
fca2c5e1c9e1b69a334b333544daafe2,144.0881,146.126,103.8443,45.4245,38.2526,44.8777,not_cat
f87c62e8156507f3675a4239960959c0,126.4756,117.8675,104.4629,82.3306,80.5391,82.3744,not_cat
7e7768d4d56be609463b3be23eba8f99,80.7829,73.2801,64.8683,48.577,50.6986,50.2674,not_cat
1f833be43d2844efdebab312619e4afe,131.8283,95.6948,66.3321,47.4037,47.1732,41.681,not_cat
f2fb07ccf371b4014b2a7fed5d77272e,95.1531,98.8439,67.1232,49.9176,48.6691,44.566,not_cat
fd6da07ab3b0f3f653bae467ceb1b76d,111.2798,107.5751,105.604,43.1607,48.237,53.0621,not_cat
5972e1d6cc4016a4ad6459e6685640b7,163.6024,138.3676,77.3323,70.4317,62.4418,54.6693,not_cat
98fc14ce82cbe158cce3c5790a407f9b,98.4503,92.6884,87.5946,55.0333,54.9523,55.883,not_cat
34bcb4a5aa00302c25fc4ef26a8c07df,93.0154,104.2143,80.6975,55.1982,52.7216,54.2529,not_cat
4b6d05cc0c36cd2ff8c58c44916f198f,186.9567,140.8901,99.3065,54.286,52.714,54.2431,not_cat
a23446948a78c0dd4b3be66cda282173,68.1856,69.2775,65.5984,51.5083,50.5419,51.4099,not_cat
7410ecf400cb208e71d194c17e378e14,168.1086,153.0322,138.7258,62.3199,67.2604,69.1245,not_cat
00e1f7727cd25dbe12f14dd121a36908,153.7706,155.4491,146.9521,56.3212,58.9836,69.0769,not_cat
2485fde5e846fc487503ef2670b0ec71,129.7962,110.5661,82.7072,75.9963,71.3585,62.1632,not_cat
792fd2379f34cf697d4eb4dc6ab23091,161.2453,143.767,117.2105,58.8722,54.0386,49.2446,not_cat
564bcb40d7c889fc9b2b5b17bf94f356,92.1239,82.3841,60.3746,61.3153,58.8217,72.3903,not_cat
d5e1d03761bab1232e397f659cc4a320,101.6988,99.5362,99.6561,64.1596,63.6413,64.1768,not_cat
77742742a0d2e9f4378e984dbf74dac6,172.6534,155.0127,145.6914,49.1834,57.0845,69.8405,not_cat
8ae5dab6b51cf08b03d9ffe927669ba3,130.3363,122.7083,98.4263,51.9829,51.4376,60.3847,not_cat
51de1cc6bf8b0c545d3f9d17c5e1770a,149.345,131.2445,103.5477,45.4147,51.7885,64.9642,not_cat
ff3aa106e1a378950cc15c0f5249e056,186.2753,187.3821,187.2623,72.3874,74.2746,78.4643,not_cat
c8fe66b18e024702354f279823925741,123.076,122.1915,121.9563,77.5444,81.4254,83.6319,not_cat
bc4f5f632ac3681b14f2efbe88eb4b2c,154.2692,149.0598,141.8228,86.7907,84.3761,82.315,not_cat
15db81162e3ad43c0e28564779d05698,108.3938,96.3384,43.3605,65.3762,59.0097,38.3251,not_cat
bed2c8ad0c5d107e80caf0dbbb868773,99.4846,79.3133,58.6406,52.8832,53.1187,57.8327,not_cat
398e1cc1f71cf620ef22c3ab24a2612d,148.5966,138.2838,129.5522,74.9219,72.5351,70.0853,not_cat
e0877d33bbc97c4c9fbc050f5e201529,165.1023,158.1808,153.2298,70.9977,71.3234,73.2497,not_cat
d844b3811cbcd785b129db7d3fa23d42,127.4558,123.2341,107.5743,80.8247,75.213,75.0384,not_cat
b5170635df69cd1d52df40591cbe942b,61.5884,33.1399,18.423,30.5525,27.8782,28.8503,not_cat
ed0d1354e848d4cabb01c897256b62a8,128.0596,118.3257,105.4608,74.9085,75.6911,73.694,not_cat
ba1bd34080099776f54d493864797db2,119.3014,112.5539,102.8494,54.7748,51.7135,52.146,not_cat
5654014bfa0067c7030456ce9cf50d05,95.0667,81.1763,67.7277,81.225,80.0481,68.6987,not_cat
8d13bdd56acc2bd5bab46c6f1623870a,99.2193,109.1365,77.0636,56.2815,50.576,64.9451,not_cat
f11e88eb7a17b65ebd2f329d4e77a081,99.9045,99.7208,66.3576,54.0281,53.2652,71.3894,not_cat
39e4b11421d9068f3d3bd5dcee362ec7,109.6746,122.0257,96.9365,80.1938,69.2281,88.1816,not_cat
0aa6aa83ebaef0ab3264a4b0ac8cb6e6,125.1004,150.4248,129.4468,58.686,54.5706,61.1287,not_cat
9999372b3054081fbbfd0198cbb8d468,114.6984,97.0597,86.6866,57.1759,64.847,70.5445,not_cat
e3d849539cc7f755ce99049afdfe10b5,86.2233,72.5711,57.5568,84.514,73.9096,64.6679,not_cat
acfcbdae71c4d0f92cd66db97c771bc3,196.6997,180.3005,162.5806,59.2233,70.0632,82.9082,not_cat
5ec57d22d980998339aa41dee0a7582b,198.1188,185.3693,176.9019,25.9281,37.3605,55.706,not_cat
6525410cfad8cbe2ee8a8c356bef04f7,182.4317,185.1547,185.3088,73.4503,63.2901,60.4602,not_cat
98b8fa516dca453ef810c58c94b7129b,89.0213,84.3518,76.9355,49.8985,48.2946,45.7046,not_cat
1731bd7399603162583eac045465beb1,112.8277,115.8099,63.9468,63.9578,60.6687,68.6539,not_cat
419112a49fa502205725ed33b5b774d3,105.42,125.3103,88.3551,62.7562,63.5292,56.3809,not_cat
b1c6976011286bdb9b4f7fd51fc8fa40,151.307,100.6418,59.7089,66.2385,54.1048,46.4794,not_cat
f414615910e88726d63c7d175586c73e,108.3228,89.1329,72.0989,62.5563,64.2059,65.2215,not_cat
65e7f0d61788ec70dfefcb0bae86e2c7,91.4898,88.4452,74.59,56.8201,58.2696,63.7256,not_cat
d776e14e5f816e4e46d7475d273691cb,82.0794,83.5972,78.1763,63.4034,63.398,65.4546,not_cat
e93379f3e2c1320f92852130186919ed,135.8236,125.862,127.9907,86.0505,88.3888,84.0918,not_cat
92982d68ee184eee2dea49618f564d84,115.8824,96.9978,84.398,56.1124,63.2377,69.452,not_cat
e374c572cb1fcc26dc33906b739b192c,129.5699,107.0299,99.6844,40.5835,43.1172,50.8823,not_cat
596dd44aa9e0cd42518864061632cd28,188.0597,190.716,187.5961,68.7536,68.0624,70.0546,not_cat
4734c0c2126504fdd11d3300b157fe14,137.1475,119.8321,77.7316,67.2677,53.5098,55.3733,not_cat
3c212411e32d4694e19a9c8b9d6867bd,205.425,197.2534,184.7195,40.7701,41.6918,45.8874,not_cat
e965c98c278e9e4f7c35910e78bc8b5f,116.4037,114.2371,114.4455,46.7318,42.0054,38.1154,not_cat
3c92c894e516381d905cfa0b6e1812a9,132.8444,120.1351,111.493,59.5617,61.6915,59.6163,not_cat
04f0e1029c29f6a81528836c0f90a19b,79.3177,63.2651,46.7088,69.5068,68.6543,63.7456,not_cat
c54de86bde0a4d93e19132e4d8bab8ed,104.1761,113.079,114.5407,73.2506,76.0533,77.9466,not_cat
585dd2546ab96a74d515a23610654de5,119.5313,135.9078,130.4702,59.2619,61.7616,84.3534,not_cat
0828d712211f46554beca8a22fd2150d,180.6861,183.6995,187.3752,65.8753,69.0367,72.7419,not_cat
eac5e2fc4b65827a104f74c166c68ab3,83.1782,83.1782,83.1782,64.4738,64.4738,64.4738,not_cat
37ec77177a8c466da7bdc82d6e575c86,126.3349,124.1,120.4437,71.0811,70.9396,72.5086,not_cat
0ca3786e5296cd04dc5fcaf1ff14bb98,155.9037,129.088,108.7397,74.8317,74.9,70.145,not_cat
eb047e20fb144e02d1b8f53ade5e3af9,128.3801,109.2196,101.6561,55.1265,50.6659,48.8808,not_cat
564ed3a44fce0d155616a7cd8d1c26cb,77.3869,69.7287,66.3759,65.3138,58.7519,48.8652,not_cat
9b20e342723384d9c69c450a65c85928,116.578,116.2331,112.3508,76.6632,77.2083,74.6635,not_cat
e1fecc70f25e6001dc7293584ca7555a,145.9767,124.1266,107.3114,74.349,70.1836,65.7773,not_cat
8d4e548da06248120ea62e4158808621,102.6927,101.4802,86.1947,64.5755,65.3552,63.1824,not_cat
656d6f9a1ac4283feb582d43d913aaf5,123.0376,96.5853,74.0805,94.3137,78.6336,65.6524,not_cat
730bdea41f00f98bbb7f5fa68d2d6753,193.8333,190.4875,163.618,34.9061,40.386,43.0705,not_cat
2251dc7ce324d74e36e2959397289912,75.9939,111.4587,64.0916,51.0634,38.1038,46.555,not_cat
c30efe69f0d649433daf923c4cfe8424,146.1317,121.2826,94.0784,70.4185,72.2615,66.5173,not_cat
941efb0fabe7e82c8a1e4f54c5b24ba0,115.2992,104.8196,90.1535,74.4838,72.9495,76.2867,not_cat
8777346952f9847ea008971e87b0d065,127.5849,112.2191,65.0657,49.9192,39.503,44.3519,not_cat
c8b65494d1f87ad66bfc5e14b4b5fc46,140.3803,118.8405,94.1323,76.2149,71.4932,63.5861,not_cat
430f0f20282ddc48a7c240e41a79e80e,179.938,165.5042,150.8869,46.6069,60.9663,76.3457,not_cat
a7330f14f08dc50ce20d1c6f0e8d81e7,132.7668,124.0284,111.9454,84.3791,88.931,79.1667,not_cat
037fb61b25e5e47b8ea3275b0d17a438,146.0875,127.0008,105.3123,48.2329,52.0806,51.5527,not_cat
22ab9e830986ff29482a6eb3504c035b,90.5119,87.2668,85.1149,56.2969,57.204,56.5237,not_cat
1a9683ee1793f81fb597a5a90bd13bf0,151.8921,158.431,162.864,68.561,73.0223,79.4906,not_cat
b00955c8d8924562ca988a1dd84d92f7,96.4516,112.0134,40.2626,49.8545,55.8015,42.1632,not_cat
61af171fd59a165f67996b019b4e9cd2,123.6707,123.7813,117.5503,83.7152,81.7082,85.052,not_cat
daefd8e2040ed18d50565e1f6cab65f4,114.6304,110.6573,93.9183,74.1682,70.4533,72.8383,not_cat
4bca1eeb41eb5f06ab0205a0fb74898c,152.3804,83.3004,52.0396,69.5241,48.3165,35.2642,not_cat
9b76d354dd2f8eaa3d73326ad1793509,140.9102,130.2099,105.3592,80.2534,79.0826,82.5414,not_cat
8276b1b678a3acc25593fe08454ea9f4,127.957,116.0718,103.6625,55.3105,56.6361,59.4423,not_cat
7245bc0da9c51a155fac71bb8f213661,113.319,112.5293,120.6113,45.8586,47.0793,59.0054,not_cat
fac083f2242f6f4b2346cad5fc672da8,150.9575,185.5933,213.0244,46.9348,60.7864,67.7427,not_cat
00aa81bd0f3693a25799180616796006,115.4526,115.4526,115.4526,75.6258,75.6258,75.6258,not_cat
76a1f432ae22bdff750849b928c31d08,142.9708,143.473,139.2574,61.5929,61.3818,60.9172,not_cat
e371eb13e28ecf5a88f222c636680c45,118.7547,98.277,80.6495,41.8984,37.7217,38.0595,not_cat
caa3ed1ad9eb7bf10b917def02189275,122.5226,86.4961,57.1336,67.3296,47.059,33.5677,not_cat
5fd456d73eb5266c22c34642db96481f,127.7245,127.9262,119.5707,85.2144,82.853,76.6945,not_cat
f9e6a57930b16d9bc37b4144cfe51c58,140.6723,129.5806,124.5802,72.7146,83.8475,93.4019,not_cat
6da3c2f101eaf8b77810ba27674cf8b0,117.4419,93.0276,68.5737,59.2711,57.2654,55.5914,not_cat
d047e6786cf5efa067537feb2ca5e5df,145.0741,115.3775,94.8192,46.4519,48.0181,51.4815,not_cat
c5b50ca335b7fac6bc0c609edabe31ec,134.1326,145.307,151.3807,48.3691,50.063,76.5417,not_cat
4127938ed385e1bf7940b5ff8731eaae,132.4281,138.5624,144.6764,42.7488,52.5523,68.406,not_cat
ce6a974b6eada8dd608015e62c16e38e,149.808,151.6691,150.5859,69.0365,67.4011,68.703,not_cat
ab7f0903f6fb508b00b48b22e422b0a5,105.5168,89.09,83.5894,50.3144,49.515,47.9319,not_cat
d930a09c56eeceb74025521252f065d4,121.8848,105.2559,93.3476,66.6426,66.0339,68.3165,not_cat
8baa9040e8e5ab92dc0dd1b42696d2b3,145.579,139.0384,138.5171,54.0903,53.8826,53.5957,not_cat
0d2fd2141a11243994cae56490adfd4f,116.2489,98.2248,85.0352,50.0308,43.1605,35.9832,not_cat
239e66d79d03a120579ccf6f919787a7,80.6526,72.7764,75.798,59.8557,59.8936,55.2313,not_cat
3073834473e47d6a231fa64725a130e6,98.9072,99.5431,77.488,74.8704,71.9638,68.3384,not_cat
dc8ff162633e675075ae886f25ce6fec,154.7951,159.9721,140.4949,71.2805,70.2053,71.2373,not_cat
dfbe262aa041277fb7ae707c3e6632bf,80.7113,83.5251,85.6577,80.5288,74.0858,80.5334,not_cat
2ec6e4f9a1463f8c459b65208cd0cb65,165.6032,151.9312,138.3649,32.0422,32.9178,37.0326,not_cat
b0aeaee3f3ea4cf7534984620fcadf6a,59.5057,88.7935,49.8562,66.3014,56.5111,58.18,not_cat
d7fb741864cf0a965cd907464a6cad34,58.0064,57.2515,51.9881,48.2134,47.4373,48.6127,not_cat
67aacfea6e3c1a5d1059929fc3e96545,116.5722,108.1792,109.2397,76.3523,79.5162,81.6911,not_cat
828ab6cecbaba103c1cd09219e625796,101.9327,102.9552,100.4299,29.0915,29.6542,31.7559,not_cat
ed7604bffe51fb22e2180342f0dbe673,112.541,124.7193,128.4862,47.8839,45.6275,49.2512,not_cat
986862a5952b011b080c33a76c5a314f,127.1729,158.6534,86.1818,49.3088,55.9301,37.9267,not_cat
2ce6a77779a5f8d1916b98f9bf80c788,133.261,131.3425,124.5133,49.2888,52.5105,58.5957,not_cat
c0232314ff2250ad77d91dd11a86c45b,101.5103,86.069,72.1158,43.0438,36.1126,31.3058,not_cat
eaa575dbc33469bf9c8d37d7277ab57a,108.155,115.602,101.7727,58.8228,48.3312,52.1393,not_cat
6e4e42fb52bd5a9986e1fb9ece9b9982,101.9505,95.1472,90.4519,60.5432,62.9411,65.305,not_cat
b15d57c629d96ccc608533753cefd2a8,91.6571,85.9143,84.7532,67.5997,64.6396,65.2684,not_cat
7d0731849802a779c741ccb2e6f5d2f8,116.7031,96.9428,84.2248,59.7933,52.4565,51.7665,not_cat
5e2c34d4c7b340de95a1c30544d5685e,94.3022,77.603,44.0357,75.0727,64.4667,52.7036,not_cat
d998fe2f518d711366563d4df757085b,125.3481,101.4212,91.5756,64.2985,75.7347,60.0122,not_cat
64f75eadfa83cccba6d6f931e0ff4cee,137.8896,140.8521,146.0705,63.6726,67.932,72.5382,not_cat
0d3b7f050c9acc5605859d7b2adf801b,134.5503,125.5661,113.3254,91.4797,96.0134,102.1725,not_cat
529a6fafe8a378badd31e76bfa99b463,96.4452,132.5361,78.1714,68.7275,52.4018,56.3981,not_cat
992f6c2d1515771b99f32f7fca4500cb,116.7323,134.8524,87.3023,39.6641,37.9471,39.4685,not_cat
06c2ed582b29651de67bcb4e82e99690,173.0963,81.7943,67.0242,76.9229,65.3526,58.7263,not_cat
c755de37f1ef745d10e248781f4cc322,111.0924,90.1694,84.6292,41.4983,42.2046,43.4245,not_cat
ebfbdaa3c0b96a6e11eab30ae165f46e,124.6399,106.0022,84.0885,79.2439,67.8151,60.1896,not_cat
0be9e1edb1d50ca224406e9200a737ff,214.0212,203.5658,193.7383,43.0896,57.6668,68.3353,not_cat
af420fc50107f2219908f4ba6987b978,186.317,173.6358,147.4989,56.7161,64.6086,80.111,not_cat
0c575c765a00642eb4a9d8f8fdfd7526,135.2185,133.7795,125.8561,58.3036,47.3396,55.5101,not_cat
d3b6a26ee9f2fea2cf4524a7db5ac69b,130.7594,122.1066,120.7035,46.2037,44.2142,45.0362,not_cat
17dc85faac6cb75d352dd160388ce847,85.6879,73.7139,74.0458,53.9485,50.9499,48.9074,not_cat
b31aac2846a216cb4e4b360e1187cc23,134.0181,118.3402,103.1657,52.0135,47.4761,49.9919,not_cat
7e7faf1e16c8c6472eb3d52441092bb8,148.1715,151.834,158.9205,55.1723,66.1203,73.7187,not_cat
f13ea1288f3a5062cc13b8289836b17c,74.8208,86.2973,55.6319,59.8485,58.0595,65.799,not_cat
ed0be029a2a6a737ddfe77cd42228d2c,91.3312,100.4768,104.4106,54.4904,54.0136,55.0654,not_cat
babb9769c9abc9309b7b4093c5a0053d,127.9929,124.0326,118.2432,75.1771,72.1242,70.8548,not_cat
9e481680c2a7cc5662ed7adda50c390d,146.7056,118.0478,93.7839,58.5779,52.4675,56.5509,not_cat
338cbefbe603127e7f7aecb0f7c390e6,100.441,103.4208,97.6166,67.8732,63.3382,75.5708,not_cat
97bfea21d19e1a5cfd369826e1d9115b,120.2135,117.5155,119.3104,32.9723,41.0574,47.2489,not_cat
45b79c66a9abe8cf6ecdcaab591a9f22,146.7315,151.7983,140.8038,38.0126,38.0479,39.628,not_cat
598ffd55fe181051ab4bfd0a249be383,105.1676,91.3581,76.7358,75.2067,70.0995,66.004,not_cat
331cdb8cb89081a9a317415eba19bcb6,110.0144,110.9398,96.4605,79.9046,73.8053,76.0667,not_cat
0d4c507cd5b496f3862967db4495ce7f,136.9077,137.3813,116.5414,52.395,47.6934,51.6504,not_cat
fcfd00501090cc6617a6b5d51d6f174a,131.7375,119.035,113.5175,94.5094,102.7518,106.655,not_cat
06bcb87b4dcd8b7f9a1fb896868df378,128.1522,104.2363,100.5803,43.4024,45.6349,45.5442,not_cat
e6252d78862d446096429863b2a34f97,135.4434,147.2303,126.5112,77.6169,65.2837,81.7673,not_cat
0c509aa42fc72c0e1b93855eb45d0211,131.1421,125.5654,121.3827,48.7002,53.1468,55.135,not_cat
6a85aa3fca0b5c1742dadb614c68e6d2,118.8512,113.3972,113.7971,54.1934,57.0116,62.4308,not_cat
cf8d62d82e7d87f1d65ed7ca2edad4b4,194.0375,172.9881,126.8365,45.814,47.5483,48.7286,not_cat
a997b1e3917d72817bdc99482d4318fd,167.5321,143.5922,141.5868,95.6974,99.4825,103.8632,not_cat
dc689a63635470f5fda20facb671ed4c,153.0112,138.1556,131.2896,61.1753,63.5507,66.823,not_cat
2e161e682b69a0db7996d3b1e6e770de,132.399,129.4525,94.156,77.6004,71.4196,89.2759,not_cat
a5e28f212161a2b3a07124664bdf3e68,181.8212,158.1249,104.5724,76.2813,80.482,58.3502,not_cat
1abf9be0292f43bc2d6db1cccf0abc3c,146.2658,159.0901,105.7789,45.618,42.2379,64.3111,not_cat
49c18c44f26a0e02b3610735f986c884,123.3391,99.9859,90.5787,53.29,57.9082,49.8851,not_cat
037c26d9786bfa28b1f8e6f0e437e0d4,123.1716,135.4891,85.8551,64.216,61.6131,59.3917,not_cat
31bdef4ee13a1c35b5504f00103d203e,87.5247,91.5993,70.0605,72.8105,69.3978,63.3663,not_cat
808a2ebdd8846caa3cdf862ef369973b,158.054,128.1926,112.6865,80.177,88.5359,94.6857,not_cat
78d1992c242cbe4cc420d325905bf005,132.7001,85.7391,81.8409,69.4695,72.9295,73.5661,not_cat
878e81c5f94372c55a74606804b5214a,112.2717,111.4114,110.4358,64.5164,64.4333,65.0018,not_cat
68605cfa29a40da79e31e0c553218ec8,143.1443,126.8491,112.7378,51.6112,54.9479,61.125,not_cat
3780c1ae7f062d2191ea842fb0f78e8f,149.9126,143.3006,131.6081,67.2975,68.4719,77.0941,not_cat
97003f0d26d29cf67639e28cf725afb6,122.1112,116.3161,113.0477,41.5519,45.6137,56.8964,not_cat
64ed53925fe2d2cf390155d559feeefa,117.0527,125.5174,86.4106,62.7545,69.8974,51.603,not_cat
054294a0c433ab3342ad062d73716375,104.3255,102.9789,96.4616,64.8617,66.4172,66.0424,not_cat
1065a48e2456d865fb3a79defbf1f5e8,131.7252,131.2521,126.2061,80.2665,79.3784,82.6322,not_cat
3cd5844548d44a4829502a9c963827c6,102.8378,106.8972,88.1059,63.3535,65.0046,65.598,not_cat
434870c4bf88300fd0376ca0735f5974,120.4834,128.4846,119.3897,42.7703,29.5823,28.7611,not_cat
b0d3c24262e178b8769871b9de1c07fd,122.0838,127.4856,102.1691,48.4338,47.8241,42.9159,not_cat
9013a4348b2b48f5a9bfca150421e534,118.8682,159.4827,110.5525,69.2444,61.1069,72.7694,not_cat
9177c03a1762940b1b92317978bca116,85.8374,67.2318,41.5352,79.1377,68.7324,54.4272,not_cat
31f47c30c681d58223009c89bdcf6392,83.1417,77.0286,57.0626,51.7302,49.1096,41.0365,not_cat
9d00d35abd7e3e92cbbf4b39a71ec799,114.5098,116.5053,101.8294,49.7995,49.7319,45.6481,not_cat
73267366969eccc9ede46b757eb65dc5,95.7332,91.0369,86.2396,39.91,40.5937,42.9963,not_cat
1fa35831e3fb15b749639e1eab56738e,148.0859,149.2457,148.9509,82.0764,82.9059,82.2146,not_cat
f66ccdf3c62b348bb28ada391ecd6a5f,94.0253,84.8842,84.0476,53.6173,41.7622,41.7944,not_cat
71db31e5a64303088821bd1c26ea15f3,113.2472,99.3952,81.8357,51.8993,49.4172,54.2918,not_cat
01c1756d22ed34c30fb510daa4eeca1d,111.2488,95.4884,83.0355,71.4975,65.0747,57.2805,not_cat
b9114df171259c4787c97cffb7b995ee,134.8352,141.9548,126.0418,56.701,54.643,56.2831,not_cat
10aa7d34341f62b31652df4cc99b4dee,155.5097,148.9582,159.4882,76.4365,79.3698,84.6114,not_cat
a21f5c4c0dbc7adc6ac9ed51953d0de8,85.7027,55.3325,37.9004,46.9815,48.5422,46.8026,not_cat
a467f62b2afa774e42f01411479e4535,101.589,116.7875,116.2763,75.6039,73.4078,86.5323,not_cat
36d96f9131ba414cf4e8be5c8755de79,92.0519,67.8491,53.2492,62.5498,57.346,54.1756,not_cat
72c77a06378bc445aa6d1625c78457c6,89.558,93.1092,93.1462,55.2786,51.9098,57.6881,not_cat
316fae0014da1b3464f5241e097e3223,150.9987,144.8077,140.8291,64.6884,73.0812,78.6419,not_cat
0fe33e0a25853aaa95b0610db7e562a7,112.9054,114.8411,105.2039,72.8664,74.8747,73.6776,not_cat
018d83f155d3f300f934037673aed9b7,83.6689,83.642,95.239,46.0251,36.6686,45.0554,not_cat
beadada111bbefec8bda8993577ff538,96.4318,78.4766,67.7103,61.9926,56.0708,52.9791,not_cat
5399e22a02a39549342ceee5fa628b4c,127.6149,127.2138,105.377,65.32,62.3081,74.073,not_cat
df30d0641266627bddd65e6a69d54151,171.4745,170.7721,174.5822,86.6511,87.6247,88.2126,not_cat
0e9a013db72c1d9d0a61d097bf736de5,103.759,97.5728,96.1684,47.8972,60.6089,56.9832,not_cat
e99c96be519fe834779d45d9069b45b8,124.5623,126.2225,98.2523,77.4299,79.1639,73.6322,not_cat
737c1a5df26f1511b698c602ca59447f,155.4857,146.9967,113.0102,39.2564,41.0408,63.048,not_cat
74ce97e6d323edc12b03233386d00d5c,111.2582,107.689,102.7331,62.2411,60.472,59.4859,not_cat
4338bb04b76c371e53be8628ee3ec3c4,119.2987,106.0973,100.3382,43.6254,41.7177,38.2262,not_cat
895273cf995cf9d06e3ea8fd093d3ac5,111.4024,94.1484,97.3363,39.5805,39.4173,41.6877,not_cat
8fa060f1a79b951ac35b54de352db9b6,139.6346,117.1574,97.2405,59.8819,59.9142,58.4942,not_cat
973db6675973341a4032d5fc81d0ed74,106.0746,82.4427,65.7662,44.0243,42.0367,41.7756,not_cat
27b8d49ae90130627f195eadfb792027,193.4787,192.7657,198.3566,36.8525,41.993,49.6263,not_cat
4c6348df256fb886dd09b21adc662041,105.9866,111.9779,93.0584,54.6679,55.8711,56.3475,not_cat
5572fe4ed689d6a57cb2e49acc6deb49,141.3416,117.854,104.071,69.342,59.7725,58.0268,not_cat
5166779823fac58d369c0bbf67a5776e,63.3811,48.8512,36.9106,69.1351,57.0831,52.0612,not_cat
cff29d75a336d2277f6cb920ce7c634f,167.8649,90.8964,111.2167,25.0047,40.4753,30.1989,not_cat
f4290edde64914b5d55013007783bf2c,99.5445,87.0102,65.1586,46.9474,46.2969,41.924,not_cat
b2f6338ed5fb4119660349972cb97602,105.4206,99.0165,90.8329,59.2455,62.7662,68.0671,not_cat
a1090daaea497d71ce23d0be4f1ca75e,141.6056,154.6447,126.2874,69.0056,64.5842,71.9414,not_cat
0bb6d49dcf521985dadd80b9510c3789,79.547,77.7088,58.3686,54.0378,53.0802,57.2605,not_cat
a73089a2243d44a7de17b6fe341c6958,116.4648,117.4481,113.6233,82.3947,82.0704,86.8676,not_cat
c260fbdff11fc1736ea09f91a859724b,107.726,96.2208,86.2022,88.6542,90.133,90.8048,not_cat
add16d2e7b0efcdaa013125be6ffd71a,86.3566,68.1653,59.8377,64.602,56.3136,51.9312,not_cat
972f05caf214b6325d14e1d66e75ce93,140.452,130.4509,112.0641,69.2195,68.3183,63.6265,not_cat
1e0315151ca43ded111922edfa2db254,102.7933,92.0737,95.2784,47.4968,44.0524,43.5808,not_cat
af676d86af0d5eb359ee8a040b7d078b,100.9717,103.5731,88.9699,54.705,57.1386,58.1843,not_cat
dc02f637ba72cfe912ddf4aacc1be955,68.1229,67.6661,68.9575,56.7081,57.3542,58.5724,not_cat
4960099d6c0fdcc3e1fa12aaae6c6606,82.0132,72.1458,57.1942,57.7634,52.0467,44.3416,not_cat
530d780d0acb7cd81459859225a147b5,118.8053,118.399,117.7925,27.2909,27.9755,32.0524,not_cat
989084e8a7a8244e6447c7c6b4f5bfc8,106.037,97.6554,85.5605,59.4317,64.673,67.34,not_cat
48ce585344a5f96ff7036b5e4d6b4690,81.3107,91.9617,53.6389,68.0953,61.5545,62.0793,not_cat
4f6b51866a452b43db6f87e98fc1c6cc,76.1047,87.0809,28.4245,52.9226,52.3258,49.302,not_cat
762680b485cf0c4f365a06c0904b94a1,146.4088,133.0702,127.0503,76.9596,71.3193,71.3483,not_cat
a01c15a8c322831e80be2fb1b88d1aa4,103.963,106.331,111.6874,47.7788,51.3411,56.6516,not_cat
79910c24e714a223a83c3c43008771f6,137.4802,128.8069,119.4912,67.4394,67.3064,67.2928,not_cat
2c61552f25ac9d9cb1fbe00edcb035c9,147.1543,140.936,127.3882,69.8032,65.5192,74.5335,not_cat
358d5a71516ea4469aad28e96b022464,168.0681,87.0094,79.6963,34.1628,58.4847,43.2182,not_cat
8d555694719b928ea105c8dc8895777e,129.7368,134.14,122.3343,71.4312,65.5338,71.3227,not_cat
6d045addc41e1d921e2dc93738c20823,117.7154,108.0561,101.8321,44.4684,39.0192,37.9722,not_cat
412613818c660463295f5b764922d0d0,130.2768,124.3219,113.3401,88.067,87.3115,89.2062,not_cat
16a7a3b4da8b5dd6e595e33e36bd4a70,142.9023,131.0565,106.7932,57.2631,54.3615,48.5654,not_cat
1cb343414c5af0d10cdd666ef83a63bc,147.0001,118.8719,108.8309,63.5737,76.7069,78.8558,not_cat
149107d08dc31c71bf7b251a56491472,163.5789,103.7907,53.0382,56.7379,45.132,38.073,not_cat
fc8a45e48fdbead93183ddb3bc7919e0,138.7383,139.1878,134.3076,69.6839,70.5465,67.5349,not_cat
5f6b85c45c977238a51274297d632867,166.6174,163.0608,157.5388,51.0454,53.763,55.7927,not_cat
a1da20d6bec340c037b082ac6997631c,127.1513,111.8478,106.277,46.2937,53.8278,57.0218,not_cat
c40ff061ca9ecc040362d9c494b1e425,85.9772,106.0283,107.2798,34.6771,33.6741,32.72,not_cat
1207844b0310dddf150b360f6853234a,166.4892,156.7231,151.9158,72.5961,76.7431,85.1084,not_cat
ee7d817b6453132477514d68eb0abbf5,140.5354,128.4108,107.6748,32.033,27.0569,34.423,not_cat
8a9bc0374f756210f7339221eeaf7e69,139.7983,151.8859,127.6153,64.0312,73.9098,51.5085,not_cat
343e1afc8882309ec2ef418e1c92e9e8,160.9765,166.056,146.8874,51.247,46.9181,48.7322,not_cat
0b2b721986da49a6fe49a754841f6e7d,86.8588,84.111,89.6732,48.6009,48.3632,49.891,not_cat
146024f7a3bef445e257dfd6d1cd50cc,106.1416,111.6585,72.5519,37.8829,36.4691,32.4156,not_cat
f3133f02f7dc2b53046f5e9ae19b35cb,145.283,140.401,123.2839,51.6837,51.972,57.4107,not_cat
80a4fa6a48d40d3e49e2ee4720d83f1c,84.552,82.2642,80.5374,52.479,51.7159,55.4342,not_cat
b6766d412138d8426b81faf35933062d,120.8991,135.3516,108.4788,68.7814,62.6626,69.2264,not_cat
84d8a385aa770a14c2edcd706e5c1cf7,100.8188,91.1077,74.8172,43.6156,38.5736,35.2145,not_cat
a8447a3884ce3ac993464d0df0eb69f6,111.2401,98.9223,99.5268,52.9272,53.9382,49.0825,not_cat
94b27aef5ed9a3696974242f9e36d278,80.3407,86.0508,71.6131,54.8297,58.4414,63.1927,not_cat
8e143f2cf8ed4cbc4bc1f06c585d3a10,151.1036,125.2006,97.5792,34.928,31.2712,26.8893,not_cat
a87b637185a12990d435421b83a749c9,79.2667,79.6006,80.66,62.6,62.1034,61.9969,not_cat
945d20a67e8e2e24f8cf6b5e08c02c53,93.0374,76.5229,58.7069,42.2857,49.3142,47.7469,not_cat
eb907a1d72461873cf618879bc3df092,132.961,131.5417,126.0045,61.3204,51.8574,49.0571,not_cat
6b11a2720671f48e5937ead11ff0a917,140.6197,117.5262,99.2654,40.0699,41.431,42.3141,not_cat
4d29995464c9e2afd76ba8f60f954f68,61.2574,60.0286,47.9475,66.5313,63.196,66.2685,not_cat
3549c95c95e962f56dc9965b6b773a78,130.9199,125.963,73.9059,59.8083,53.1834,43.3116,not_cat
24a721222bf18744fbfeab8cd232daf4,165.6626,161.5457,160.1031,68.965,72.0807,72.458,not_cat
8f721783d956e85b1c2dabb428fa590b,145.7604,137.0767,133.4977,69.5058,69.4066,65.5115,not_cat
311615e9de91ce1d27b65a31c3be2c75,131.0223,121.5975,110.6702,51.1293,60.6408,72.926,not_cat
78bd4c7a531d160751a6c7956ee641d7,154.513,130.3566,98.5454,53.7198,55.0774,60.1083,not_cat
82e45d504525d14c864a8935a0b3daca,128.824,127.2394,119.545,56.8292,61.9125,76.1937,not_cat
d3ce49f8670aa95690df7e583d7568f5,108.9517,97.8989,97.6832,49.829,49.2369,51.6871,not_cat
862a090c37905d59cd5e2720f20792f8,164.0967,126.8009,116.2062,43.4672,57.2405,66.7924,not_cat
648cbea96d4c89a4237bcb15e84f4c9f,106.3676,114.8178,92.7059,75.2757,79.3425,68.1501,not_cat
777fab6b97ff857a481c64ad2511b254,109.6158,121.3078,80.3178,46.8341,47.5589,51.2182,not_cat
7746f504d8c795763d940692a4a1a8cb,181.5644,157.4891,130.8623,73.1477,79.1958,69.7087,not_cat
9b7e46fbb0a62407964ed2e74d8e081d,86.8943,79.5143,81.4682,45.9498,39.4299,37.1344,not_cat
97178a112331c1c0beddd6444e828c3f,122.1846,118.4056,114.4405,76.9117,70.0478,74.0294,not_cat
2e69d5f69aaa0b3423bfba5a869e0e4a,174.6074,174.9146,178.6872,54.9487,57.9407,60.9953,not_cat
de1a52a330e2531d0a298124a2c29d6a,116.737,103.8965,80.5693,50.3538,45.9787,48.3909,not_cat
4ef84b8798802bf1a7283e08b4abd5b0,78.4164,88.0805,81.4747,60.6919,53.6866,45.5146,not_cat
9ff01c2b966b9e40ca453b2c70a0e212,147.5746,133.8478,109.7991,38.7943,40.7642,37.9591,not_cat
d019023b847adc0f263986e2adc13f5a,120.5123,117.7129,114.1402,69.5806,69.6577,71.2826,not_cat
df3fbf08641b56862a754dce08be925a,149.459,135.9521,119.9105,51.9154,56.3654,59.778,not_cat
2e1553fce6b4214e2fc01132dd185c33,135.9507,124.3109,117.8487,80.2424,84.1827,89.1755,not_cat
035a5839f4ed82f9557ed47391af7428,57.5572,43.9604,30.8226,68.9388,49.6365,33.602,not_cat
5e18c4607601763a06226df4a166d35c,87.8917,83.9397,77.7043,50.3749,45.5742,43.892,not_cat
50321466ff04b6d7e4308a5562e724bb,188.0183,184.8948,178.8748,56.1994,61.1112,65.0328,not_cat
42fe9bbe9e64b84f3ffeed1fdc3458c9,94.4343,75.6175,55.9363,68.8101,62.2804,56.0104,not_cat
27fec959206913e30365bd34fe9ee212,92.4186,86.6,71.7662,71.7316,71.1893,59.442,not_cat
c80e8cf1d46cfcec11e23ebe3e1bef7a,107.5768,144.9336,127.3481,83.3821,72.8424,71.7314,not_cat
3c71bee8ed448b9b002700f67580e400,86.4546,96.8681,70.2197,58.523,58.1176,59.1468,not_cat
1db7deac5316b6d6ea52069d9268f9b0,142.8037,150.2072,96.7904,75.4956,68.3575,74.4873,not_cat
910ad1d81b22e4f5479b9ee61cd5e451,118.3769,121.6535,117.3056,50.2165,51.953,46.5394,not_cat
ed7dad15db9d9f850feaf8fc99cab2c2,87.4409,92.0295,58.3089,61.7787,57.5771,53.5426,not_cat
21f7f08a20072af3bf5cc75e46e877c5,171.839,138.4658,107.129,55.6688,60.0711,62.6177,not_cat
b3f3c8f6a1038ee73b2010e6d7479016,117.6126,97.1865,77.9402,67.3514,66.9816,67.2122,not_cat
eabdb3975c471cb1ad1e7ef07275256d,142.0439,140.5616,122.5531,65.5803,61.7565,71.1437,not_cat
d12906e6080aca27b5b1612b2319db3f,125.2212,126.7089,109.1844,51.0985,50.7074,50.0121,not_cat
207428784e9be4ce23fe8a01fe271e35,212.4392,193.7183,179.909,51.7858,69.7058,82.6552,not_cat
c0f80605031ad90b515f056d042c812d,103.5291,86.6758,75.2338,27.4851,28.1874,31.9457,not_cat
4f4b4fdae9ceaffbdfe48675679c68b1,139.8172,108.7861,103.6267,62.7295,58.8494,63.4419,not_cat
4cdbca0c07eda7cc7cff47e7977d1f68,139.8652,123.7047,92.1834,70.7443,67.8973,55.1381,not_cat
6b057bc75aa8c7c20fb0d6462b56937e,87.0418,83.9035,81.0991,79.2925,74.5613,68.9313,not_cat
85578b15726a097f7363464f03e9bd5e,96.0884,125.8028,69.0815,53.4729,62.5717,45.5112,not_cat
80d2034d49de665b08491ae9e907ea2e,74.2032,104.2647,66.2909,47.6356,37.0876,44.6143,not_cat
f6c37d7f94c1b68c624804b06330fd7b,133.4473,107.9278,84.454,44.2633,40.879,38.6743,not_cat
743ac02486c1fed7f82abbfa222f9a50,154.0204,148.8628,124.185,62.2395,64.4127,72.8926,not_cat
a1ee9cadb82cf6ab0a53d7e9d9efd2b1,106.3202,129.9742,97.8096,77.5529,58.3047,69.753,not_cat
5a67c83e46894204cd5a1b899f03c04c,161.3312,128.7789,92.8775,74.1816,75.4616,71.1644,not_cat
adc4e0f546099942585db337c15b9b7d,133.2557,98.8512,79.2517,75.0671,80.953,74.92,not_cat
a742f14a47ff74d5e59782e82a7c35e2,119.2637,116.0363,115.1872,62.7516,63.6321,64.1448,not_cat
741bba2247b84093cfe4bcfba5066488,110.7537,143.2238,84.0261,53.1291,55.0341,55.941,not_cat
d02578c73e5bc0ca32badb3cee440ab3,156.6913,137.6504,115.4418,61.5572,65.8402,66.3014,not_cat
5188e6e804c9f96b802b34d873333503,185.5663,183.942,178.3848,50.6012,53.2244,56.4353,not_cat
a4767e6d33fb3e84286b82f1ca828eb9,95.9821,97.3603,68.2711,58.4484,53.1652,58.51,not_cat
d1d724185d976c22f3eb5013f36beabc,123.0471,127.2261,110.8693,40.114,35.3747,39.8988,not_cat
d9482638a18f235e624052fe8be3a413,106.846,121.1142,106.8229,82.6855,91.2459,86.1892,not_cat
bcb2602dffa942c80db31a23958edb99,77.5222,73.9513,75.1821,53.2412,51.8857,54.0173,not_cat
4ef902b861335c2489ccb3bf7e375fb3,120.1572,112.8944,88.5911,41.1907,43.7517,41.0611,not_cat
7e194f5162c1cf2749835ed1151a4345,129.9766,121.3383,105.9443,77.8079,64.2499,64.0121,not_cat
0a9ac94ac873502f9c3c044e2947e276,177.9837,153.2956,125.4214,45.9602,52.0611,66.5674,not_cat
035222a8e32bf6bae3aad438256f6fab,99.104,106.0943,93.0671,89.9106,84.8443,89.4733,not_cat
dedc2c64a73ad558a828ddbf551d7a99,119.4284,122.9685,127.3207,53.4039,57.1519,70.4421,not_cat
b4f29ec7e43e53b4df563f035cefccac,140.2304,139.0201,135.413,49.2882,56.3122,67.247,not_cat
3d26a004beafb545fbe26cf884eed842,138.7337,162.8273,172.8285,52.6405,59.4773,86.2147,not_cat
c1398c3d8b52d8abebf44b6437c91e8e,134.4987,134.3156,116.2331,84.242,80.7461,85.463,not_cat
f88c7f32e7bdef7e0ec61a2babc87b53,77.8738,70.383,75.0976,58.5624,60.417,53.77,not_cat
6f20db0a77b05891b99dd27f612e3903,145.3063,149.4563,131.9049,53.802,53.2041,64.6691,not_cat
ab0794bdb7c83d2725cbb30e7e8e4944,133.31,106.5672,84.8631,80.9825,83.0112,80.8825,not_cat
5bb6c82bea123e4e7cfb14f1ab7e914f,106.4099,132.4317,106.3708,46.6572,55.4091,53.0223,not_cat
4676d62553a6e9eb2ee7b61ba7ac2be5,151.8674,146.7443,133.8231,65.821,65.7117,64.487,not_cat
9f504e1741e9dc176574aaf5324fb8c9,64.2541,53.2027,44.9183,69.9046,61.0212,54.6957,not_cat
5a770a8d4d3340392f08c6d5908d0e38,110.212,104.684,111.396,65.3363,64.8783,65.6359,not_cat
9ddcfd88e2ea94a201971c5e9c0d84b0,114.0609,106.1386,104.4578,64.5945,66.5729,71.1085,not_cat
6a4a4d74acbb38a435f69e2c41a7f0c2,154.0968,166.7048,138.5395,75.9088,80.2958,71.1509,not_cat
7a263057b99ae64384899d1c8edbd188,142.8005,131.4425,120.5168,47.901,44.8489,42.198,not_cat
00a80e2004628b455690734756d4bfd9,148.3775,150.3819,93.9425,57.9606,45.2652,58.5798,not_cat
e8da89e5d7c7679ba64d3312cbd0fc43,155.5874,144.7919,135.6434,58.0558,61.9058,65.3191,not_cat
c23244dabe282eb7c13b4c1cc01c2e06,94.2223,113.4905,91.976,50.4148,45.7115,56.1883,not_cat
9401374333ac00f47ea4a931094961e0,126.6622,125.5157,123.1994,73.7992,75.53,79.431,not_cat
8b6b10e730d1298f0c54996e3f6bfea5,142.6541,131.9836,116.8342,67.5371,61.1577,59.561,not_cat
3dbba8cf46c258af3a9fa769b48e1d73,147.8241,139.8774,129.9448,60.5365,68.2286,72.2603,not_cat
1ce1aaa950f48e71b59e8130fe426aaf,135.2087,124.4711,36.3424,48.927,39.2127,32.2565,not_cat
9b6f861dfba8f3735fae4d5fdb11128f,67.8137,68.2044,65.8725,78.155,79.2444,85.1673,not_cat
1773eaf81afd81941a8ecb9658e3f0da,148.3311,141.3243,135.1503,90.8226,89.5088,88.6852,not_cat
1aa67862dbbfa1307a62e0d27cadc2ab,118.2128,112.0746,103.7807,71.7137,71.3097,73.2122,not_cat
850cc79cf4e8213ffda3f65d8dade29c,99.1642,100.1411,74.7903,54.4004,53.9099,55.9057,not_cat
7e21464e3f41e94107c6df871a60fccf,105.6048,107.3365,101.4892,69.7184,73.1419,75.3154,not_cat
4902c4a79ccef435809064e2597277b1,123.1862,111.1608,97.1021,72.3947,68.02,64.8038,not_cat
e2f3396792bc6446141468f0d8725c98,131.8973,138.1027,106.759,70.6469,76.8058,62.9821,not_cat
bba3c4607cba5a38276a115406a8662e,151.0741,122.4737,128.1647,67.4785,60.7268,74.8331,not_cat
4f6b7d157681ab82f1d35ba6da42f303,132.5431,126.9758,108.134,56.8151,55.5203,54.6656,not_cat
632652067a42496debea8c3dd6551a39,106.506,114.9929,101.589,75.9763,80.9386,79.7026,not_cat
64dd1864a76c67a750f5b7ae57fe30a7,189.3269,175.6665,160.3311,51.6262,67.6584,83.8821,not_cat
21236192b7c6b4c648fb46c3d260f565,101.3003,120.8759,46.9381,58.6962,62.9155,44.9473,not_cat
1361c6d575e69d57a6ad90b83979807a,96.5316,89.2331,83.3982,67.1635,68.2877,70.5366,not_cat
aca52205280bee187b837c878d309609,119.3195,108.9158,102.4277,52.5622,52.1973,51.3476,not_cat
9eceb87606306a1dac70ada8cd020bf0,122.9418,99.8544,101.28,53.1822,55.7327,54.4936,not_cat
0bc87bf9956323cb4376344a4f6537f4,114.0766,115.9861,90.9174,49.0814,47.6425,43.6945,not_cat
cdaa1319e02a76230cd1567db08ee34d,47.6498,59.4586,36.7732,50.4717,46.1413,47.5078,not_cat
a04f541f29dcfbecaa2f1026a9821589,150.2231,126.608,123.2856,84.301,76.2241,77.1486,not_cat
5e35bcc358b4d57f5bf285c71b00c095,132.9409,87.8602,47.7761,48.8613,39.006,39.3002,not_cat
d3c66dfdd584361771f69faa68e74d11,90.4137,91.6769,92.1413,67.8442,66.2595,67.7804,not_cat
a47a9bc34bfa9fd32272877ad4409da5,113.4429,113.6242,85.7504,55.9357,53.6132,63.2793,not_cat
f4ce4fc978c33b0bd725668a490751f6,122.7309,133.6792,88.4497,52.3678,57.5087,53.6504,not_cat
413f89e3c729bfc138486d813110c650,139.8754,112.2746,87.4405,64.8503,56.8977,48.9302,not_cat
a5719a5993abcfd15acce80c33b5e290,116.816,88.5833,65.4679,89.2721,73.1664,62.6,not_cat
6cea6697d31e16fb6f55d9c38273c8bf,82.3899,54.8429,60.2405,44.5708,51.7683,52.3233,not_cat
34b5ad21a8815ee75e6953e2cd8b2d56,110.8397,99.6456,95.4643,74.3495,73.8629,74.4526,not_cat
fb8d1043a1198b1013fc198f8cb9cb15,93.3174,89.6613,94.3213,72.9733,76.283,75.3245,not_cat
c42a22da76105fa025b9b9d230c813b6,134.8047,123.7798,89.384,45.7646,45.3723,47.1549,not_cat
d09f1e13849f856d92a30d159957ed6c,106.8775,87.6296,64.185,54.7215,48.9997,43.8763,not_cat
b0d3eae817d7ba32003fbdece4a5438d,124.9856,97.113,81.8178,65.3695,61.3969,60.8041,not_cat
55f39bb7ffb0126a6f6e0df9e507cfba,118.5317,118.828,115.2278,79.7374,82.477,84.3409,not_cat
61ef0cffcc282087012a1dd1b773fc89,109.0678,99.4024,82.7801,86.3522,86.1906,85.9217,not_cat
2eaaa63b99e620d3d965654a812da2d0,108.8293,110.7896,113.5887,80.9641,78.5379,76.4215,not_cat
6dfb4ad4720966974da85c3c88f63908,100.2561,84.9305,58.9628,65.2035,56.6037,46.0635,not_cat
b86cd7531eff02b56063b1ebb02f870b,94.0701,102.1238,77.284,53.8498,52.0821,49.0319,not_cat
1daf17f3b5a907be2d268daa06d7ee97,101.8788,117.4879,96.7008,74.6367,74.7649,85.5081,not_cat
11617420775f96f63f96bcb410c27814,114.0047,92.1238,42.5185,50.2726,46.3796,36.2685,not_cat
c46d9e13309b2a9a7556c1772d21e9fd,94.1162,112.6593,52.7009,55.2204,54.6719,36.2713,not_cat
9e29044af5f07e3c27cb50219ea3541f,125.7457,117.5096,102.7528,64.4232,63.8143,73.5259,not_cat
412479ece06ee0b7ee591b2534d5aca3,132.8723,118.8881,109.481,76.7226,78.1145,83.0511,not_cat
5a78929b86342eecc8397c64d5fcaa17,102.8544,111.7879,87.5938,57.8385,59.4718,52.7464,not_cat
c5c0e5fa87bd62d534aa0bc2cacc5070,134.5517,128.5679,113.9893,55.4422,61.8721,71.9191,not_cat
530d1624856352fd98c5e4e29cb2176f,124.2039,111.7859,111.217,56.5992,43.8747,50.2987,not_cat
74b78a8996ea82ff8b39a72fb211721b,105.813,100.4913,93.4355,78.7766,81.1506,84.0278,not_cat
e9fa7bdd0cf7d55c578b5e7a7410d2a9,112.7015,110.2132,96.3499,57.0652,52.9246,48.2487,not_cat
043fa6f3b93444ded6ca1b0131ba413a,161.6359,124.4886,89.9335,75.9458,74.529,68.9544,not_cat
5a7264c19d43489693e0a85112d0e197,129.1109,100.7731,78.4883,42.9634,41.1835,38.9134,not_cat
537987881c76d7e96a0351ddec215cd8,58.7848,45.1647,30.4384,47.8018,42.8825,27.59,not_cat
c5de00faa2df8dae5d33b7b5b3fff11a,88.9148,72.8417,53.9834,57.8496,58.9636,56.1294,not_cat
d5c0a91c15da602ab78585304ee2240b,130.1398,120.3747,120.1801,57.6699,64.7003,66.3711,not_cat
fe94be439ea8d5421ce328240f7e90fd,101.1145,100.5898,88.3419,71.3857,73.6902,73.98,not_cat
94605a5f529c5aba4562e3d99fdc7409,132.9433,103.9735,93.4271,45.9471,57.5606,57.3106,not_cat
c2e8dc4fe1cce68d0c5323a04cdb3123,123.9369,126.4008,92.0767,53.4203,53.2896,52.7657,not_cat
24d51d07bd06ce8d94a00ec2103226ff,163.9299,150.3699,121.2216,67.0218,70.6948,97.5135,not_cat
cef4e33fd58f0ff12d7b8142280929c2,104.6712,90.4433,80.1342,71.9158,63.2981,54.4232,not_cat
34014fd11ee6b047c8dab9ac40fbbc6a,144.0847,139.5634,127.5813,54.8659,55.9714,60.2053,not_cat
b6175587f3e23bc6a6f7563be317930a,151.2938,143.7863,146.7947,75.0781,75.4955,75.1772,not_cat
34a7fcb23fc0f433a8637c419e7c3602,124.4625,111.0545,88.9262,71.795,81.3395,80.4104,not_cat
22a2c521bb9c0c7ee8c75fcef22ef18d,132.0564,93.3958,71.1647,56.5069,73.7263,83.5844,not_cat
103c28952bec550accdf414398ca61f9,150.2867,132.0687,128.9651,65.7514,65.5235,66.6924,not_cat
1b995c8e186e92a2d44328b326de139c,159.7626,159.5245,158.0409,64.0196,66.7868,65.6446,not_cat
1597309ba279ed36db9c6812eb67c3c6,97.5312,85.6995,85.287,42.9577,45.016,46.2227,not_cat
8b2a15a5df7f5777dc376b6e06746f3d,96.503,127.1279,73.1884,29.7516,41.7633,27.1705,not_cat
8c7f34c4937d396bde4a896fa2284317,129.2364,109.4003,101.5891,53.7063,47.9488,48.7027,not_cat
8420795ddf8d26494f32107363c6c98a,132.6811,134.3072,134.697,70.15,67.5035,67.8239,not_cat
99c0b3572a9c4186c6201042d9ecb1a0,110.8319,120.8325,92.4506,49.0862,45.8809,53.4676,not_cat
c0599361a8620610f78d40a752eb792a,117.3194,100.3194,85.4255,99.5726,88.5587,86.9486,not_cat
323c5cdffbec8740fd4955f2b343d13f,126.082,130.1593,129.2796,40.3074,45.175,51.9193,not_cat
174a840ec6e8a49b75dc11061bb4b113,174.9737,160.2884,152.008,51.6037,57.081,60.8896,not_cat
61233e101152f00c79b19179aa9fc643,66.7152,52.6888,42.9055,57.0276,52.8399,49.2334,not_cat
c3dcdcf3f722223bfdeb1c5b70b157a1,117.6462,108.8092,102.1501,71.8655,76.0866,80.7155,not_cat
14f9ecd59795e9709166d5c740f6691f,113.6614,122.562,81.7157,72.9698,68.8203,75.7247,not_cat
c7c5841b4b8616c628a785cd4ee13b42,68.8359,58.1641,26.531,34.0793,22.7129,11.5711,not_cat
d899d7d02a9aa00ee20050746041fba6,128.6615,105.1553,84.0248,72.2341,66.0425,58.7181,not_cat
ba8f7b5f76dfbd21ea4915f48ae4ddaf,119.9622,108.9286,101.3056,35.5842,38.5658,42.5331,not_cat
9f9545358b34dea4b34a22cda0817f41,46.197,37.4953,28.1201,70.4007,54.2984,50.7337,not_cat
cd88569c1b6dff5a25889ef399653218,106.7376,98.9694,90.6274,49.9687,47.6228,45.634,not_cat
5aba9f59c4943eb8db16bfbcb4dbcc51,85.8484,80.6102,73.8439,65.5369,62.3463,60.3117,not_cat
9e0fd2c6b23b7390f41a677f439561ba,111.4698,111.5601,102.8332,63.4768,63.6218,58.3438,not_cat
4fc6cc143e57ab92e9f4e55bb3d60b06,99.8048,93.2213,87.3142,72.1957,68.3135,65.5626,not_cat
3c44ff548874937c5f1d704426e87ca7,148.4874,120.4473,97.7569,53.9298,60.9009,66.1132,not_cat
4d25bb51783efed899ea93567e50d44d,164.4945,164.9866,163.1291,68.749,68.6995,74.8394,not_cat
45d2f5f9cde5a99cda8ef6734e95be67,119.5863,118.422,109.0028,62.0579,67.132,86.0448,not_cat
c60db6260add877c6386e7675b7143ce,128.5893,125.6993,116.6649,46.6024,50.7384,56.4666,not_cat
16024e75f437b177366e86ad7f2e39a1,111.8707,109.6617,95.6087,67.9101,60.8564,56.3359,not_cat
b4507d9ae3c8e270477b7bafc27dee63,117.2345,147.0787,100.5363,63.7398,72.3348,56.4691,not_cat
f62abbc25ec62cdd1d3792d7c7c92f59,90.0306,92.8675,78.7508,76.9868,78.0495,70.2179,not_cat
3dab227fdda23a758cd1320d356ef898,122.4993,110.5552,106.9953,56.7192,50.7845,53.3344,not_cat
87a05cc7dea789a096ff2362dac29e14,112.5673,121.7484,102.8262,54.0621,57.3582,59.9526,not_cat
64cc6cbb79be7b5729ea33616974eec5,119.2825,120.5402,88.1096,60.1319,54.3616,52.7061,not_cat
721bc1cf1f8f3e0882e9d531eb25dd5b,127.1064,132.1236,120.8138,55.7808,55.2053,58.3407,not_cat
f9fe99a42cadeb5ae5fce8337823e057,120.9986,137.5551,102.7362,62.2033,52.0064,74.3596,not_cat
7b950fae9133c81ea0f78576baa5bdfc,121.1201,136.2754,128.807,65.9117,56.8869,59.2244,not_cat
72d613323d057bd51584f749a1b71c92,131.7403,126.9111,121.1497,25.6513,27.6955,30.3138,not_cat
50a40ced61dd2d92d9d9ee0c6f58108c,133.3253,117.897,99.5121,74.793,73.4132,71.5483,not_cat
3415d19661f313f86f3958538e35b821,114.4281,133.4004,102.8471,55.1089,54.9122,57.0959,not_cat
21cad6ed0621c165129d4c6516b308b5,117.7435,104.6163,97.4029,55.3778,50.4138,49.7733,not_cat
f55ee1c07e640350457972579999c4fb,63.658,74.3023,78.6139,67.156,69.5711,84.9844,not_cat
61c1a4837422f0391aa530156ddb580b,142.796,141.1452,135.2301,84.9695,86.4577,90.3991,not_cat
26be5669ca49de6844669fe3769de322,95.0763,115.2052,81.7213,49.0243,49.7498,51.2873,not_cat
ea1c628ee88561a197b7f3ad22a9a484,137.0285,131.045,112.3544,76.6264,71.7098,64.9606,not_cat
4f8f045f8cfadf238d60e01d8a7684b5,105.0786,129.8594,76.6824,63.905,54.1831,73.9574,not_cat
f2716757e187a1225e5e13398d060eab,89.2072,87.4257,72.408,58.9552,54.9976,51.924,not_cat
c98a73ab7ba79bc57db88f326dd1a694,172.4667,172.4667,172.4667,60.1277,60.1277,60.1277,not_cat
9e21150ce7d106da86610e9444c6c669,125.0826,100.9156,86.0115,69.704,77.4098,60.7322,not_cat
bef522fd66fd0f33a0661bb327db6300,142.007,139.4946,133.7202,36.8761,37.9913,40.5466,not_cat
47280f66baf6a24ef16c00f337c25fed,157.5599,126.7658,94.6524,62.8994,59.0531,55.0015,not_cat
4ff86f662824e474c91032b015bfb1e2,153.4151,137.9446,139.9526,63.3705,65.2178,64.8006,not_cat
437aed53b71373d8faefd35b98141e86,106.6456,120.9002,109.3054,68.7997,72.3364,82.9645,not_cat
72be0d6c3c4a425ccd45a68b42167625,111.5532,121.4327,70.3451,57.2189,53.9342,54.5091,not_cat
e98930bb157ae418239b1a6a0eb6e1de,111.6817,103.1158,91.6137,53.4626,56.954,64.9667,not_cat
b2b6e26934f95fcab026ea0e045d667d,105.005,110.7344,97.3782,57.5678,59.895,66.4052,not_cat
60f312686754e77ae8f88feab7950381,123.1854,116.2637,84.1889,48.261,48.6565,46.0694,not_cat
45dd0203bb1f8c4cbd2fedb33d2e1335,134.0752,127.701,118.7976,56.9535,51.3394,49.5698,not_cat
bac74569862e43738fc40f52c7e11888,123.8359,92.8012,81.6351,47.206,50.0655,57.0769,not_cat
7400a9faab4fad8f2b26215955a1bbfc,133.4941,111.0708,91.0064,42.3685,54.0756,63.8475,not_cat
185a5ea2b38c4eb2b1245807ca8bda25,153.9243,133.1279,121.5769,70.7772,77.3424,82.9279,not_cat
b371e641576c19f74cc65c2924e471ff,72.4577,80.1604,86.3246,38.8093,40.2905,45.1791,not_cat
a7ecc35f1391c6335c1cbfd69fd89819,111.5338,104.9822,101.3409,66.442,70.974,73.9686,not_cat
cf3374f646ef4db5262ffe1543be25b9,109.8289,115.1564,122.7584,80.8562,84.187,87.8624,not_cat
3203352e989d54589b903d5dcc26b80e,63.9448,108.9204,102.9827,46.9636,41.0887,41.0806,not_cat
9b228c3a8ae8f6276a3bcf7e18c34d74,111.696,98.0613,84.2419,43.3527,34.0304,31.0672,not_cat
3d55abd20a09cc8b3468dafd1adfa469,118.6141,89.6116,60.9682,38.6873,35.367,28.2047,not_cat
51102dbd2b7f7559a1b257f425af7914,144.7568,138.2263,130.9354,46.4421,52.3914,57.1558,not_cat
10e582016b5cea4317310c9b5bd66a8c,117.958,101.0312,87.8043,82.772,89.0716,86.3754,not_cat
46c2e0685f4159446a1b01bc4bffab4a,125.8402,118.1997,96.4671,58.6607,57.4509,62.0368,not_cat
215f3c93b8c58ae8b828dae8a56fea2b,106.001,124.9222,83.2713,52.8052,60.7253,58.0278,not_cat
524bd97b785ff7308db4f434b8121171,131.4972,126.6316,123.2469,72.9686,73.5538,73.3173,not_cat
1662fdecefde25f70771b715a40a34cf,96.6684,103.1902,80.3793,81.0277,77.6859,82.6011,not_cat
44ffe3d138e6c9472fea06701f587d82,101.9213,112.1121,108.8094,69.7969,51.4872,56.741,not_cat
c3248aa6a60595336e9d7fbc90f513bb,118.1992,121.3006,97.7455,60.9328,63.1728,55.6267,not_cat
63d1b1cf0b426978532395918d9ad931,90.9082,82.6133,77.5349,41.0722,42.0014,45.473,not_cat
6440d7707631ae948356c7065ab1aa72,97.1621,103.427,82.4424,43.0522,41.2809,49.4271,not_cat
8ce82694acf10d139575a5a824927176,111.3467,129.5526,80.2105,58.8447,61.3684,54.8237,not_cat
25a315b3ebfac828778a8fbbbab1f4de,130.581,99.2417,82.0409,45.2954,41.8656,38.6519,not_cat
e2c06708977352be5643b480acdeb25e,92.5724,91.6271,81.4393,63.1418,64.3797,70.1744,not_cat
b300abb9b74beb01f8cc90c6862f0b0b,116.3177,97.7214,79.3653,77.7821,68.0081,61.1447,not_cat
a1bdb803fe9ce1f56fd17b0564053956,129.8393,96.6218,80.8457,47.8495,45.9492,47.7146,not_cat
fcc3974963aa7899db1a32075cea0a5e,94.8711,84.885,81.5879,31.9396,34.1984,39.2731,not_cat
4e0d9fc27bbab2a097f61aca56b84954,75.3344,78.168,51.5274,55.1419,50.3198,39.162,not_cat
08cb46b726799ca53fc5dabde0b6d1ab,127.1091,130.7414,83.6526,67.15,62.382,64.9899,not_cat
213f5ccc01ed6f613cede7ec8481d97d,119.5492,127.2357,125.4832,56.1701,59.6013,59.2497,not_cat
bfa1189178641070c9d4bea1549a860e,114.4998,74.1046,70.0058,55.5253,53.044,49.968,not_cat
fab91b023d88593f7e2b0d4902450da5,164.1539,150.5124,135.846,64.423,72.0712,74.7176,not_cat
195a35bf6b07408925381d0c0ea7cd3d,124.6664,126.2869,122.4584,77.4233,79.6881,72.6458,not_cat
252fd2fad18ad71b554c3c893add2cdb,81.816,75.5475,68.5224,32.3238,36.5231,40.3939,not_cat
a2938e82f7654c31881f66731b38ede6,116.7576,125.8821,130.671,41.2316,39.4459,40.9457,not_cat
43ee675bdd72e9b918d25eaafc3d9576,208.3813,197.6452,189.0359,23.4516,26.3444,28.339,not_cat
918aaacaef604abee92756c47521ac07,111.6624,109.1079,111.4074,73.2714,72.5511,71.2482,not_cat
ef32ba8df8d8922248cf924998d208dd,79.0428,62.7041,48.6952,65.476,59.2027,50.0622,not_cat
1f1374cf324c7692d2270b64ea6dedff,159.3395,140.6415,145.3937,89.6171,91.8873,95.0092,not_cat
cff6243472025ae1eeb4b0893b3082c6,167.9529,105.1181,66.9958,69.0255,42.3858,32.8988,not_cat
0a6999fca37b57da0b7744234f379b7f,139.3824,120.56,112.8899,65.9386,62.587,60.1367,not_cat
986e8db89a7c9d0c7b684aded025f139,80.6551,85.2227,81.2564,47.5416,50.7639,50.1232,not_cat
05bb1b28143d8b71dd1f9a2495b99331,165.1824,72.7041,70.9494,46.6893,69.3315,57.8362,not_cat
252371d01aefef7fb846eb336c20c7d2,118.0893,114.0028,107.4733,65.5115,60.8204,54.6988,not_cat
c5e770b1f6e8c7dda30d6712a61f8ed9,115.3648,115.7522,88.8881,50.0719,49.162,38.8111,not_cat
5940384f3e0843cc4763275de1c607ff,130.1213,141.6045,143.9039,75.581,80.2543,85.0325,not_cat
4b04200dfcea9a8b497bf076fc09540d,142.2102,119.2996,131.6465,85.8423,88.7713,79.9254,not_cat
3ff9c6971cbaf24b8045d0da09c96fdb,78.0141,74.4417,56.8482,66.7813,63.1886,63.6913,not_cat
4eb0d2d2fcf1d59c78b0268f10bf5910,91.1677,65.2387,22.7293,50.7462,40.6825,27.6972,not_cat
f258a5a7b07e1ee8521a182ebcc589e9,112.5489,109.3976,110.9022,53.1411,59.3987,61.4019,not_cat
c2d02d99fd61c60fd83b7fc43b1671f2,139.2885,140.5141,126.8432,69.4864,67.325,79.0005,not_cat
ed3e1dd7592031e3ceb40fb98a5064f4,99.8493,83.6644,71.1986,65.9917,59.7881,56.3609,not_cat
15f08f09610eccf0261064d09f433a6f,108.9877,88.485,76.7498,62.9168,71.2531,72.0549,not_cat
76e49ea351c30e49ce657411ceff6e6b,87.2017,145.2012,100.8866,55.2453,55.0273,48.6062,not_cat
8930a1882516ceefc66dafb7e00c2d60,62.5058,57.9502,57.1862,70.6717,63.8103,62.7062,not_cat
9b47742f15f352011c37d677874bd6a8,116.9133,111.9386,87.114,63.5441,63.1358,57.608,not_cat
a47c0bb9a36aa586b3bff2f3eb6c18dd,134.8107,130.6249,120.6723,49.539,49.8131,51.6698,not_cat
fe6bceb45cda9c6e939aa911e9bd6b78,161.7902,140.517,118.6904,89.2051,86.3613,88.2756,not_cat
937df9ec50b5e486dce4e7f9590e2f84,131.8657,125.7383,117.4342,44.5733,43.1643,43.6443,not_cat
d0209de058203e29f4d3f7721e67b4e7,107.8119,102.2916,101.3571,30.035,34.4469,36.3553,not_cat
103764f6d4f737ea9bdee1e7b2912e2f,109.2748,103.1847,101.9914,80.2022,87.4792,93.1253,not_cat
0d9169db8f3614ace211bd4e91a18643,200.521,135.9797,71.2391,46.4314,43.0637,27.3321,not_cat
7bbe038fc1e55a3f0b400acd084af6d4,189.565,178.6788,170.6693,47.2476,56.6197,70.6938,not_cat
eb00128d810f58dafd94663ffed7a708,102.4848,109.0163,123.1495,60.0616,64.502,81.0238,not_cat
0561fb0799239284423d4d3985f0f93f,147.0313,122.5844,91.1768,76.0029,60.3057,55.4808,not_cat
d6ff6773c30887fad68bdc2666cfd81f,87.6597,75.3415,56.7131,70.5383,63.5345,58.2984,not_cat
6968bff8f3842b362943d19c874bf8a8,57.875,56.4777,45.0356,35.0418,35.8166,42.7225,not_cat
ad3e7b0948e4782d48d3f1abdd25192a,133.8179,116.2458,83.2773,95.1066,88.4916,80.2194,not_cat
8d0aec32fa2bef288449021f8be389f0,121.6553,73.1618,38.7225,38.2939,32.5015,23.8153,not_cat
40ef17c54ebcdf868da88565205ffd65,120.9485,102.1617,76.7071,57.3399,58.0649,59.0464,not_cat
d5fa832f71183b7f8efaf05ec22dfc39,150.2232,140.1735,131.5922,77.4656,76.6776,75.0452,not_cat
7aa82650abb92755c0c1d7c37fc1d860,138.8457,121.4474,113.3048,71.8036,73.801,76.333,not_cat
1df6d472eea9594e0e78786993383b01,92.6009,77.3566,64.9062,59.4671,57.5966,55.7974,not_cat
e3bcdf5290cd43de626e0bb738f796ee,107.0491,101.1035,97.2566,64.9399,62.9841,60.5211,not_cat
823c5bd1c81bd9267d5f3d0535c093a6,139.693,138.578,137.4106,67.2361,68.9527,70.6837,not_cat
48064849fc1d5c161283fff505f608a3,143.6808,136.5262,122.8762,62.6886,60.3599,55.8077,not_cat
97b367be185134341277f498972cd6f9,79.7493,105.3432,66.3185,53.7645,52.943,58.6499,not_cat
b0c0c95bd6dfd6c038e9b7cde4e4972c,130.2754,111.3421,101.4123,66.2034,63.909,63.332,not_cat
ac5794502ac177fd8cd6522728f16543,141.6874,109.8674,103.1895,68.7861,82.4935,84.7775,not_cat
1e18356ed02f0936e7da6f2125a40a01,82.6623,62.9554,50.8153,41.1064,43.3084,46.8193,not_cat
3d25be4fd26ea6c06f294d4c62cebb82,110.484,131.382,85.4925,57.0368,57.3731,51.1808,not_cat
1b0c5767546e0ba9a3897a0858140ccf,102.27,102.8205,58.4585,71.5116,63.7257,83.7637,not_cat
19e286ea37da06f0619cfc2fff950be0,136.9805,137.2213,142.7182,64.6448,61.1087,60.7766,not_cat
3078cacba64ead628fffaab6a71fda24,83.843,83.3821,80.4742,46.6025,46.649,44.1902,not_cat
647b3d919755058e29f88161781c8008,80.5319,102.7814,64.1361,54.3639,47.1754,65.1666,not_cat
b75c657c2f8c1aeb630644fcce82974a,101.5446,121.8275,74.0431,70.5919,72.7908,69.3945,not_cat
5eddfbd10fc167bf504d2f4b10976267,112.8007,118.7119,123.2966,54.3359,51.3039,49.3136,not_cat
e82b07a7c53a920aaf69861bfb7af258,106.9655,133.3033,101.0377,60.7703,52.2176,70.2874,not_cat
0a2fe0a6c6c2d98dde664060f10f7431,137.8539,134.3983,127.6337,59.9439,61.594,64.3189,not_cat
67e9cf43b29db172a471af43d906866c,152.7812,96.9044,47.2895,76.5494,59.4424,39.2196,not_cat
7203cd68a5bc4fb16e47a23c486d4d6c,152.114,147.5809,139.7589,53.1807,56.3769,61.7864,not_cat
470d28fbd5357bb128a18a3936cfac6f,89.4146,54.4397,31.0167,52.5123,39.8046,28.7528,not_cat
3e1b5e8e1905caa3b6971d5479e96f19,64.9844,73.724,85.8741,23.0865,28.8787,36.1234,not_cat
ce6ee10ac7bc396e7bfc3564e91425f2,132.5141,123.1872,115.5927,57.6157,53.7232,50.8038,not_cat
2b4f687f0f275a5238b66565e30ae81f,91.9841,78.3784,54.406,59.6126,55.9145,57.7553,not_cat
d3c13aec4bfe30101cd8027f1b6b1968,116.0665,116.0711,93.0666,84.5302,80.8408,83.3324,not_cat
f6ce4002a58973595d44b1e84a213f91,93.2715,78.3245,73.6328,38.3906,38.4241,36.6258,not_cat
d6aaf1397443ba736ee75ab7fc7dcdd3,61.4154,52.8635,53.2502,62.5557,58.1107,58.3797,not_cat
40e9f2368a444774b4b724dc26c97725,140.2343,95.8895,60.9281,43.6748,51.2381,48.1106,not_cat
bcc83a6d0b2427e91eedbf3b7e01400b,94.5056,103.3905,87.1919,76.8734,75.6647,76.6563,not_cat
0cc8ab9489592e6d980580be23726920,148.4764,128.5945,117.3829,39.5054,36.2775,39.4927,not_cat
87467f60a2b86270a65b7f80851d9dec,138.5905,112.0317,87.8075,49.7111,64.8198,73.0121,not_cat
eb3f55d60cf0f3fdf77de994906cfb1b,117.7377,118.0383,114.8525,43.4935,43.9358,45.8072,not_cat
e8c00b2784929933cbfb42dad0d68660,90.6078,96.1822,87.5649,57.6041,54.6101,60.7507,not_cat
dad9b4e36a3e96975fa32e571a6cb9b5,138.5445,117.8896,101.5574,72.7986,64.2739,52.4292,not_cat
0ed7e610cba76310103f8e3b9e8cacf0,187.4594,165.7408,157.7654,60.0388,53.3877,52.7061,not_cat
d9ae62c737479a8e9b063695e710d34b,127.0543,128.8265,127.4966,67.8234,71.5449,71.9648,not_cat
0e40c893e39c1d25b5ff01ce2943d9b4,114.8965,132.0538,103.3327,61.3186,46.5755,55.9773,not_cat
802cbabacb9b7dfd736eef662faff27e,71.9347,78.4484,61.3701,70.148,67.8285,67.4698,not_cat
2e963a296b002146c532895e13a669b6,109.4209,120.4345,132.7361,47.9961,52.0161,59.9006,not_cat
6024fdec8c463fe966f1935644670e7e,141.748,124.0634,127.0477,71.8099,64.3722,56.3348,not_cat
3549caae2834aed176bf83586d6378b4,139.4408,141.9651,109.8263,61.4362,56.781,62.9125,not_cat
15d03f0883b6e6682ace314172edd82b,158.8651,142.9026,112.5969,49.8992,58.7996,66.962,not_cat
5a2fc51f11c1c8f23ead343b318d0678,119.7638,130.4619,135.5858,50.1326,51.0572,53.9452,not_cat
8714b2f7ec0729451b402465abfb2a56,169.4109,149.1617,127.9934,45.9538,45.4709,47.5868,not_cat
7a5dd04bbbb98601710fd31f986427e9,118.5728,121.3378,96.8643,74.3236,75.1323,73.3548,not_cat
6b1f9e5e1c26418c56f5a4b8d207eab9,119.833,144.8725,136.5449,61.8608,59.9363,64.3029,not_cat
b48001629cf1c5cee1776894947ee2f9,116.9479,119.2921,112.4489,43.6969,45.9565,48.9031,not_cat
97d65e5c28bab9b5d41ce1a5d9825e31,92.3278,81.7515,65.9677,50.73,54.5639,62.1966,not_cat
0dcf0506555139cd823e418349140f64,91.738,95.6367,71.3759,38.1557,36.4829,39.0357,not_cat
e4afb7031c6c069d37f6c8d723f84108,96.9108,121.1249,84.771,62.3412,55.7893,75.1486,not_cat
87e12cf75246e9759481f1ed2090c52e,126.7312,157.8321,100.4978,41.7535,48.8427,40.934,not_cat
cebe6a30b38d92ee712b2068a292de75,198.7779,129.5498,164.9378,59.7419,45.1222,75.7029,not_cat
f5e2b71edabafbb851f2ebe396cfab75,67.8128,58.4603,57.6441,35.7118,35.234,37.2737,not_cat
25a55f323075300205d906e99bb1dbb3,157.1725,137.0608,135.0151,52.617,60.5799,64.2321,not_cat
285375f6433068415e81ddfe04e29740,99.0907,101.5161,98.4411,47.2849,48.4565,53.324,not_cat
4b9dfdef15ed10dcfc4f4488acf33f95,157.9178,131.5324,109.6108,68.5435,68.6708,73.2737,not_cat
7e3e31adfff62efbc717fa60199a2a94,120.0147,103.883,91.007,55.9718,53.3428,53.4949,not_cat
d668b05390aef9a575019a0b9dce2d96,86.4304,91.2319,59.0885,45.3426,46.2865,37.7947,not_cat
3952c694c81fd7cd0196ae0aee9ebff6,93.6283,76.6827,69.6451,41.0061,40.5524,41.5865,not_cat
1bd4e739949880a11a5d3f14ab507720,104.9838,103.7473,101.1182,52.858,53.5731,59.8803,not_cat
ded6ce61ae518d0a4e9bc8152cbd736d,78.4287,70.6476,61.1146,65.7222,56.8738,56.3435,not_cat
dc80f2f3bae413ab8db7b9e5a23a80a6,135.3824,120.1098,105.5808,48.6162,56.7485,64.5582,not_cat
b9c5a611c6743cb0cab51cffa5157391,120.6489,137.6707,76.3044,54.509,56.3217,60.7413,not_cat
5050635a2aaea8cdcb781413e897e4db,107.3603,107.4036,104.5465,63.5755,46.0312,43.6359,not_cat
218b547fda314f80700c0fe05c71a4cd,97.2599,94.9373,97.9884,59.1229,62.0757,64.2775,not_cat
d19b72b136537fd2a1c51ab81b42116e,117.9187,125.0193,122.9295,68.9396,60.0817,60.3371,not_cat
8d8817e70dd7efa4012b0feef9b84a68,145.146,125.1067,123.5468,49.4907,55.8457,56.0725,not_cat
025abfe2cfb7f98eea5309404fea4742,119.0881,124.4934,96.7833,60.8723,60.606,58.9213,not_cat
fc52447a25fea6bd3fe4c5e50f938169,150.4629,137.96,76.0083,55.4954,55.8545,81.9811,not_cat
7a9ea920c7f2cbde61d0f1b32b55bbf8,109.4516,111.7632,101.8972,65.5952,65.6714,66.5208,not_cat
d0f5cc320fcb8992c346f5d4a1a97466,132.6007,120.4506,109.8537,70.8059,62.6226,55.1419,not_cat
df0deb755c141f57cb4652b3c9c2f3fc,101.5515,90.9358,77.8033,75.7601,76.9738,78.3847,not_cat
74bacde48d6dc004c5adf64173cc533f,114.1233,98.1471,90.1393,60.2001,61.0441,66.8393,not_cat
8aeeb972bca265b3f360641ac04d220b,152.572,146.3734,140.016,64.0529,64.4508,65.477,not_cat
f6ddc6aa63f3624ed4372d64d626648b,125.5442,96.4536,86.2597,64.6974,48.401,52.1132,not_cat
0224861a0266f3681c29d89cc75745b5,135.3338,134.4537,122.9051,68.9372,66.7558,72.2136,not_cat
dad82767488c7f37bc92cd6eb9219da0,118.0133,117.8235,114.059,70.931,70.718,70.7378,not_cat
84bcd8ec7c4d7049bb78c6b144ff19bb,126.1789,118.8855,106.851,66.4264,63.7315,61.6611,not_cat
378f490fb37f28f9dbffce782f7459c2,149.1517,136.6493,124.7452,48.4436,51.3909,54.4209,not_cat
d9630a5b8bb60fdb08d805ea55797407,114.3735,120.0535,95.584,58.4502,59.7762,65.0778,not_cat
e2d074ca3aba31c663672fe454e7adc6,123.3618,95.956,68.2018,53.9376,56.3928,60.3624,not_cat
02a73facab568fd558bbddb4aa960ab3,105.2503,73.5371,56.8787,48.7441,40.1125,35.0425,not_cat
ce3a7f69e480b04e4007da0582af4e6b,91.6744,90.8167,86.8437,48.5214,44.6078,43.8652,not_cat
a7b8e7a02ac3e59df68e795d4c95b061,121.9172,136.5194,105.4419,61.4491,59.0713,59.3323,not_cat
db3d380cc08b6cf9b85bc707afcd6b7e,87.88,100.1208,70.0172,37.378,34.3495,36.8946,not_cat
0c8335541e265ef78e7d318cca7c643e,86.5288,100.9376,61.8376,58.1021,61.9668,48.4965,not_cat
cf4d99442c991e51d624e062b9ea299e,188.9304,164.1951,133.3572,45.379,53.6065,59.2901,not_cat
07df6925189224ffe402a1b9201dd585,113.2297,108.9615,101.6106,59.2438,57.001,56.0476,not_cat
e67092b9f2cfe8a10bef6e6aebd1eb29,79.1333,59.1863,60.0592,51.383,58.0039,58.1737,not_cat
0248c4401071a28a203e345ca8c9ea80,126.8945,103.1088,98.0966,53.99,56.3532,59.538,not_cat
489497993fe8d21cf19c6db85495f5a9,125.7765,88.6561,68.0166,63.2519,52.2086,61.515,not_cat
fb5684c94738d07d1a788f00798f360b,127.3566,122.2908,115.4141,46.8793,42.8871,52.7601,not_cat
08e013378acb5ea04375207f917ec009,97.662,131.3583,72.4487,36.7088,35.2442,44.4727,not_cat
d16d52626b0eb86a7fef3a42175846ef,102.22,105.7659,98.7518,78.7778,76.6556,80.4128,not_cat
69527292963f5b650b2b93d909c64f18,148.9903,128.8531,116.0833,56.5547,62.8893,70.0485,not_cat
954a71b72961b8036637e9c342fd8a02,163.5763,163.4792,163.8233,43.4478,42.9472,41.5244,not_cat
60c7c9636aa3d399b92524f4d6976cd4,167.1102,161.0234,147.4975,70.1544,70.2654,72.1345,not_cat
29f0e2e06a758be7b5b7f9ca3f460c21,157.6033,149.2923,144.9675,47.403,48.3034,49.562,not_cat
46a6229bbeba986d7d2930f116e55268,87.734,90.3441,58.9322,69.2341,61.2955,54.108,not_cat
66de6764e3a761eb993a22f95f1076a3,149.1608,141.0125,148.0604,56.1923,56.0713,55.294,not_cat
ab60a976adaf61299fb7d34b1932cde6,131.923,127.3007,124.5703,22.674,25.6335,28.8759,not_cat
a34bcb13fc2ca6126f8cf2cd1f92842b,141.9563,134.7143,131.1721,68.866,57.3523,52.8481,not_cat
f139c296513263e1224669ccaf9547b0,149.5764,109.7028,73.9735,52.7839,42.2798,34.6369,not_cat
d02613c28bafe04d7efa514f6d9aeee3,121.7805,111.3526,105.2489,53.8924,53.4132,56.0524,not_cat
d396cad8769147ccd652489fdaac2087,107.5277,118.8267,103.7049,42.1942,44.5416,41.1118,not_cat
4345fa2f097e0bb4b55402991a2e97ad,124.2215,131.4122,98.3999,80.7489,72.1998,76.5589,not_cat
bb91d5af7a82eaf051b8e451d435a383,131.9265,97.2118,47.8573,88.2666,75.6534,41.8704,not_cat
8c21cb22229c8d518449025a93412d58,170.5661,167.5788,169.3515,76.4622,78.8373,78.2384,not_cat
4eadb1a29d49d1baa9cd1486e3daa757,122.672,127.9813,103.726,65.9506,66.2073,65.2984,not_cat
e24d961d7c52c2d38f65003d540f14ed,155.4431,113.1408,82.0652,62.2947,58.3974,50.2608,not_cat
0c1ada49abfe784d035786cdaffb4057,163.9382,107.1322,68.1255,61.1227,48.748,47.1739,not_cat
df078f50dee2b4c5fd9a64f032d53519,85.8731,78.4151,74.4283,42.7972,47.2389,47.9768,not_cat
c018b7cff77946cfc7f92dba1fa73f82,153.9621,148.2847,123.5179,34.3547,31.7997,37.1089,not_cat
7b19716868b303bb33eff8230b1d333b,147.0234,124.6601,102.5881,63.0268,57.7324,70.9756,not_cat
040685571fc7ae16aae3ea82f66ed741,105.5564,102.7462,100.1181,86.3789,84.8302,83.4015,not_cat
adbb341743f703dc5bc26da136fb8c7a,119.7695,103.8198,87.9033,42.4827,40.912,38.0472,not_cat
305d77783c0da8649ce512f2e0cb802c,124.3594,122.2484,67.1589,82.0357,74.5264,34.3703,not_cat
e8ca9fbd065763554f39bc40a0770137,102.7289,104.085,58.351,66.6271,60.1879,57.7723,not_cat
097416bc2c0ed501114268919d9bae12,101.7162,111.8867,58.2592,68.4199,68.3235,49.4243,not_cat
d3bfc9395d9438000d7696453cd4228d,118.9325,117.0562,117.9075,60.5816,59.4383,55.2004,not_cat
8167fb47d466a7dd4e9da3f9ea9e94f2,125.1388,115.6905,81.4026,56.0669,49.6063,49.4324,not_cat
6dddef9e84a70bd9945609dc03627064,84.8863,86.6362,67.8334,44.0361,43.0462,42.6311,not_cat
13e2d260b77a9217b20d2cfc07b73b41,155.362,133.1239,114.7463,54.6096,63.6593,71.6138,not_cat
371a67f9776377c4a265f28d05ad2d61,64.8109,50.9465,45.3427,59.8449,55.8423,53.3796,not_cat
750f29db0e22ee03ff53f70b5e751774,90.0448,71.8999,52.0346,47.1435,50.4321,53.6585,not_cat
29ff3117df2b61a90e44a1fab89742a6,96.7,105.4377,128.0263,79.5518,74.8436,85.5296,not_cat
2473aecfb579cb0a164f723d6bb65ecf,152.379,142.6423,121.8801,61.4766,57.792,41.5792,not_cat
0025f4a5f3747db09b9afdd3950ef2f4,112.1217,105.0185,96.9268,55.4518,51.0067,56.6129,not_cat
7cd0deb1d9a9f83d86c9e90c05843c30,152.7397,137.0948,136.0647,37.6999,31.2671,30.8197,not_cat
c7cec636d12942eabdccf48fecacb8b6,89.9725,110.7999,68.0228,28.6725,32.0196,31.6975,not_cat
fbcb784d71b26977d6596869a240c97b,125.5259,113.2141,95.8457,65.3828,70.2432,78.78,not_cat
31ca0f4ad10e9db075168bc5d479959d,87.902,121.5855,89.3339,43.9842,44.0721,52.1962,not_cat
ae4ab720c8b62c8b08f53f80a22ec2c5,96.9353,118.3113,49.7828,49.8219,48.6857,41.9577,not_cat
10db5e92944f9cc041a2d599c65fa2b7,131.9276,148.4057,113.4142,74.1522,74.3365,72.9945,not_cat
d8285f58b9387798f50310bccc027427,131.6092,108.9511,93.6794,60.5276,61.5891,58.3175,not_cat
2b1770a955864eb8c155fb9d9fda6255,127.4196,110.6121,100.3785,64.5215,73.7383,79.3565,not_cat
0003217f67b51f4926cef3a1a7beade6,147.8278,121.6125,100.5215,35.6867,29.5374,28.0166,not_cat
50c9a7fd040c19ae0faeb097a570fc11,138.5305,131.4607,133.5916,74.0564,74.5647,76.4484,not_cat
ea6541489c897cd90a0c45fe2506ae64,102.9279,89.5395,77.0568,70.287,66.4101,62.7178,not_cat
db3ea3b4ee8bf949c74b446b9e38e397,128.8191,129.6207,116.0312,70.4367,68.3936,74.9951,not_cat
7072eda371c733b9b98b6ae7adbfc36f,115.2182,102.5003,86.6219,70.7539,69.5047,71.563,not_cat
a667b0416632abbf381f5f0b87501205,132.1266,128.4459,118.7004,68.8121,66.6071,63.9088,not_cat
c1eb493c5293b799e73f605e2c14dcf1,78.7287,69.9965,45.5541,76.7373,53.3079,36.6833,not_cat
de4c531fb5fe328f110ed9b8999bda1f,138.026,95.1897,83.591,57.6497,44.5938,41.5616,not_cat
209a4bd0a399709a681813a2e63505d7,109.2365,87.4669,69.5714,51.4989,58.3353,61.0585,not_cat
24e2b7672dfa3bf553aedc855033b946,153.0042,143.3738,124.6877,70.5564,68.5864,64.474,not_cat
16ca9d692a6d078b43addb2ecd6e0557,146.1834,130.408,82.502,53.6563,45.1592,62.5202,not_cat
5b570dfdae3f691b610170977434bdb1,131.5855,131.5485,119.497,45.0864,47.3814,50.5107,not_cat
ee0a05be166d1c51c418a3e89ad5e3b2,71.3859,100.6768,137.8342,44.0325,50.3558,69.1544,not_cat
97bf18ccfdc6de3ac0fe67a35756bb89,77.3468,63.2,45.6423,45.6589,45.3126,43.3841,not_cat
fcfc376252df65698966933d1925f366,130.9555,125.452,120.1726,77.11,75.8035,77.2309,not_cat
20133bf42c97ff8a4e733461f8874737,151.2425,127.5263,103.4315,45.4652,45.3142,42.7684,not_cat
9354262bd412758a42bfb99129d70ced,124.2258,113.4421,104.4931,83.0266,74.2511,63.9179,not_cat
71c36d301b1d17a65add77ad8472bdd9,123.1089,109.6704,104.4522,82.6786,84.8527,86.6231,not_cat
387f0283142b1c6c7057f5db079a7c9c,82.2675,81.5813,71.6491,56.0661,55.9253,61.9175,not_cat
d6e286d1f0af86a5c1b4d567dcb6194a,152.1736,161.5542,174.2753,46.1054,42.0252,57.391,not_cat
66a93b24addeafcd83dbe8c85e1d6f7c,122.5281,90.82,41.9319,67.3806,56.4164,29.8813,not_cat
64007c39e9a2cae3bae3e54ed35c963f,157.7588,135.8959,117.445,54.804,67.4718,72.2995,not_cat
c1993d65bfdb6a9694902651aecf9d23,122.5397,106.5706,82.1731,49.0188,43.7858,37.9802,not_cat
b61816faf1fb51f3da735c6b3e04774b,169.2454,135.9624,106.6415,36.903,32.2306,27.6911,not_cat
64ecbe290182505c99aeac14fc4e5939,90.2971,85.6661,80.0052,50.4253,52.6811,54.9777,not_cat
cc6920915323c8468b4d342d6ee1060a,126.3208,114.6037,107.1564,62.9339,59.7979,68.6724,not_cat
14df1708c0d06961381bf329bd3c0632,149.5455,149.1253,141.0975,75.7932,75.9817,84.5809,not_cat
130289e1fd256484a6161d15f0c4c241,122.1987,91.0821,73.1324,59.5008,53.4153,45.9945,not_cat
ef4b02e4d55a7fbc0060f57fa67cf89e,126.2568,107.9417,85.4087,76.5719,62.8267,46.7208,not_cat
3be8f4eaf75ec61381bc39c8fb0f55ae,117.3562,130.3436,85.2558,49.8179,53.4879,52.7442,not_cat
43cfb53ac59d2c8740437a3e8da5dc23,165.3546,146.396,130.2339,37.4166,49.9627,59.9964,not_cat
ad8cec52eb4995a6f1bceadea8f999b7,105.9873,114.6549,122.3686,58.1044,55.973,51.8009,not_cat
46eeb5f348362b077a7d8e95d2def086,165.7657,138.2608,134.581,48.6194,58.7007,59.0234,not_cat
5cac14d929c9ac1ccf0827b5c22a1d66,86.8525,86.8525,86.8525,48.4749,48.4749,48.4749,not_cat
25ecb2dab070f926b2abcea022100d39,145.2822,155.4854,160.0694,56.8707,62.0212,72.3876,not_cat
8a277096e87220d367cab4b5289f8816,123.9451,99.4416,73.8753,39.8403,38.9508,38.1689,not_cat
a0bb8b0e77a9833af26d709a46af99d4,133.4131,124.3164,66.0629,52.4239,47.0016,49.7973,not_cat
044eec7f6ea81dc145f9f9202155b81b,153.693,140.4029,131.7584,64.2301,79.2388,65.4967,not_cat
d2c711a5d8214a3e86112528f4710a24,116.584,119.2476,96.2064,56.4283,52.9531,49.4068,not_cat
9d2e9a494680f83cdcbd7b82b6321d59,135.2611,124.541,117.6419,53.4534,65.7097,75.4627,not_cat
8e62d3ba24f827679fe2040223addfbb,117.6447,113.5428,96.1746,60.348,62.4064,59.0564,not_cat
3746e3f36420b4ededb5b4f6d982a501,84.0474,69.8601,58.8334,66.5516,56.3429,55.3455,not_cat
65462184f906468faf9d248a811b2b7c,111.2419,106.4162,87.6533,57.3039,50.9625,47.8809,not_cat
ccd7d0f29512243ea8612e6be52bf4ea,119.4885,105.2165,90.8779,63.0042,64.2778,65.6701,not_cat
78ea0008089fcf511ded3880980797ce,163.0387,175.101,192.9292,58.8482,57.1228,60.025,not_cat
59873f92c2e822ddcc0c810bb14dcc62,131.5242,124.0897,105.7292,65.8437,65.9835,71.5805,not_cat
58e8d024867de0816e241fcfecf31457,126.7965,115.5303,99.7989,41.2364,42.2212,42.8568,not_cat
e0bdb80ce8cc2c30f001ddbaf1baacf2,186.3145,173.445,164.3216,58.897,70.1928,78.9448,not_cat
5442a6820a8cfe820cf8bae368015f88,137.0308,140.0541,134.7919,63.5065,61.5,57.9937,not_cat
3fef6a43ebbc0ddf25db550db107d68f,127.7916,118.2506,102.7611,71.9038,65.7389,60.9895,not_cat
4f4d068bb3a2ff36a6529620a886e247,82.6314,77.6387,82.4158,57.1557,59.4178,64.5628,not_cat
5723e9abe3ca4bf190b411dbb9dcd688,137.5293,137.4023,138.1359,57.8254,58.8112,58.5691,not_cat
104a203011ef6a777626b7b8af2f9c98,116.2521,123.9025,69.8288,45.5258,49.4706,42.7209,not_cat
53fe79a17989714b4d0a7c20257a3bb2,73.3359,69.3168,56.4449,49.9183,48.8276,45.7676,not_cat
d01534c357c3556c4e30a1313601d957,116.968,131.4851,102.4776,65.2146,71.0978,54.0103,not_cat
7e8d7bf161d86d2c3a21c1ec37af2c4f,123.4288,122.2255,104.2393,63.4549,61.5788,64.701,not_cat
f89a42847669ce2732dd534749a94f70,139.1886,146.7485,175.432,62.1746,60.8816,62.834,not_cat
b4deb8e4f4219a05e1153979000f8faf,127.8309,114.253,108.9947,88.3314,76.6513,70.2819,not_cat
e8a534b19d140f495ef3edf0a13723dd,82.1378,85.9696,85.0721,85.5635,84.2195,81.6193,not_cat
675bd4f1b004fadb84cd31a482d335d4,147.0934,142.0472,129.4433,70.167,71.9589,82.7873,not_cat
265c64d5c28cdb7d55f5175f92569541,78.525,76.9869,73.6509,39.5397,40.308,39.9544,not_cat
812b47d05182d019c6eef39cdf674e60,63.7439,58.4486,51.195,77.6111,74.8851,71.9778,not_cat
6dfb35268923b2a9b7afd9e1a55530fd,101.6212,94.2096,83.8065,77.7479,75.559,71.4659,not_cat
7d6fce01b0e935d907c1a5079c60802f,145.5062,155.3462,172.2943,29.6065,28.3729,32.3393,not_cat
66499fbde6e4f94e920864edd1f375ee,107.2026,107.4598,89.1316,65.0964,59.9244,65.157,not_cat
bb10b2b01f33be3a03765077346ae10d,130.4147,135.2077,119.1377,68.6647,68.965,68.581,not_cat
42a73c8388fa0c2a49912bb9511bdbfa,109.446,121.3628,92.3508,71.3564,63.3191,65.7455,not_cat
4b619cfb34d252f0263c895eb56070a6,118.9918,118.4785,114.5465,67.6789,67.6362,67.3519,not_cat
c61bd205d81d06da2af53c25708a53a8,104.8092,70.0952,41.1597,63.6472,45.9182,37.2366,not_cat
22bcf19f2b47b5ad4718cbe1812f8d91,124.8816,89.2982,69.6953,65.9496,62.6709,59.9389,not_cat
1d97a77bf8015f0309c2c24618e93e3a,96.6924,120.2092,82.7591,48.1959,49.1728,50.6493,not_cat
6fd0afa3e2cc72a6c849d5629161bf99,131.2461,120.1714,123.115,52.6907,55.8208,67.9914,not_cat
66955e60b449dd8165ea837b3c831815,90.8946,79.3578,72.4579,52.6736,48.4883,49.0658,not_cat
f5b872c8333d46c7b5b6b0a1a006f42a,86.5834,92.1908,88.9748,59.7743,53.2911,56.7867,not_cat
58c3d356d16a26b65a5a9e1d16c347ef,109.6211,110.1459,97.5472,63.3283,62.5886,61.3492,not_cat
60ce87534939092f67ffc3aa338db3ba,140.8861,139.2451,141.1959,60.6316,61.5929,62.5777,not_cat
4ca17c70f07a3a0f5aa83dcdf14cfa98,81.8803,72.7909,65.4592,46.3576,47.4616,51.4828,not_cat
ee955c878e0c45957eb30453d9f40a3a,136.0231,135.0657,130.1864,63.6407,68.7712,78.5891,not_cat
7285c1a062fee7f5d2924ab60365e046,110.4439,131.3766,106.644,58.1756,55.0491,50.8134,not_cat
d428c0a6a034b08402ceb4cfa0399c18,174.0877,177.576,178.1919,30.4969,48.1473,66.2549,not_cat
008e66845ca65ca77bc3b1c2f1b42c3d,76.7334,70.5575,64.1892,77.4475,78.465,79.4393,not_cat
5a601d25fa37554fd077855a33086067,70.5166,66.877,63.0029,61.3758,60.3603,57.3177,not_cat
2ed9f1e733f4540cc827f5f88e76399c,132.7144,124.9534,104.0674,41.6667,38.2194,43.6386,not_cat
43c127893f543c292d47ebe0aef94207,179.4004,170.208,154.6454,44.9914,50.1593,64.81,not_cat
1eb0c25bce3e43c975a998d9bd9b690e,127.4321,124.9447,125.566,66.6518,74.8887,85.6772,not_cat
4deb18b7860bcb9ec4b2c5856724bb03,104.3391,109.6557,81.7144,65.898,54.8948,64.9914,not_cat
50542b0eb5e6fd1d77d9e35d30d23979,151.8358,111.0905,87.7287,55.5622,57.8568,62.2598,not_cat
1ef163084a614fead727eda94b07cf99,111.2643,107.3821,103.1483,61.0589,61.2999,67.7028,not_cat
e8b657ffcb2896fff6dc083cd3fa0e14,113.9682,113.8113,99.6325,66.3549,66.6095,66.8463,not_cat
fb40f8af2227535153291d7b870fda57,202.6041,194.5287,186.9443,56.8359,68.2204,75.549,not_cat
5f7331016363e4a1d97a861a4e7b903a,148.3252,138.4612,129.4995,75.5359,75.3819,75.717,not_cat
4a2e3b27b00144817be1e1bdde205e82,127.8695,118.3076,116.5696,65.0758,65.5133,65.5193,not_cat
6de590fdb6f2ab212b65026c27ef677a,105.2913,92.53,76.6911,53.3264,48.1146,41.7281,not_cat
5da7878bb8820037ca84ed7ca26b12db,154.7445,160.0884,138.7198,71.721,69.0364,82.9449,not_cat
e26f4bd5248498cf10564ab76c324b8d,110.155,89.1397,69.7606,54.6902,50.2934,48.9877,not_cat
f50aaf7804e2cd3687903162d6c8daeb,142.5533,140.8738,138.7079,57.4292,56.7752,53.2702,not_cat
11b7f3d033263e624236d4b4fbfbe6aa,75.7352,73.5924,55.8627,62.8993,60.0733,53.4047,not_cat
ba491a9f11ec1f6da80b6d9969d8a24c,124.554,95.6458,59.5965,71.4762,76.2258,66.4179,not_cat
40dc82ec5178a5d499cc857f2c626c7e,95.265,88.4499,78.1361,72.5965,69.1769,62.5438,not_cat
dbf0737378fca1ad7e11f0916b2a6b14,110.3902,141.5925,96.9844,58.12,77.4728,46.0913,not_cat
df594f77dbc8b780aa51ab9779e10df9,152.9681,144.2807,113.5478,77.7454,80.393,78.5669,not_cat
5c9d4249e4054495c7b3e2a194e2af16,135.6675,118.5771,100.235,69.1356,69.9931,72.4848,not_cat
4e519c67ca1dd8b746ff63cfc9714bab,157.9666,144.5177,139.613,46.8267,60.0744,67.5384,not_cat
073d1e65a24f7ef777e03ffcc70645bb,91.7647,68.9048,55.893,36.9884,37.6322,40.2,not_cat
99f70bfa5424f2e2c00f2ed26f8c5327,149.2077,140.926,135.806,70.0454,72.7287,74.1224,not_cat
7152e9c2fc4bcce51bc5cd676832f18d,93.4078,92.7631,76.8903,59.7883,59.4512,57.8685,not_cat
30f9e2dcb800f8ebcf1f96b577033043,104.3687,101.0347,97.095,57.0828,51.5565,50.1533,not_cat
ff024f722ed99defa26cf0892c29342e,128.9571,121.2118,126.3055,69.0258,74.1623,72.9191,not_cat
592667ee3c66ad2225dc356008eb3bc9,157.4773,166.7752,118.5286,50.1396,42.2848,67.5549,not_cat
f58a714c016d621b27704fb86e6fae71,118.3819,113.9873,112.5031,61.5406,64.058,66.4753,not_cat
bdcb778474601e4e0b1c235522203dd0,159.6877,163.0489,141.6774,72.4925,70.45,81.6463,not_cat
d5895334f4d9c279c4fd6463f2edfb1a,86.6241,123.2936,66.343,57.4472,46.4021,54.3462,not_cat
74e49e60c6d662b3bf6b044bc9a94121,150.7251,153.3638,162.2688,74.1473,72.7179,70.3121,not_cat
00b589d89c6c4c6b2bd4d516162c176e,109.2815,127.4486,106.8243,41.2461,44.1656,37.6055,not_cat
01dec652df41673a4e55cf7db621dc78,66.1531,72.6446,79.2174,54.7847,52.9747,52.9368,not_cat
7a03fa3af83a535cc3e49483b2ae3a08,67.3617,59.8789,57.1239,29.5147,28.088,28.7444,not_cat
dbe42fd31f5fccc7a20d5e321c09adb7,158.898,126.9537,87.1532,65.1166,60.0849,43.1451,not_cat
247e104b5e63427d85c40f8509c79960,125.3556,115.4571,105.1249,43.2148,43.7796,44.8366,not_cat
9f60d242061ecf90913a371ade2da899,114.9634,91.9447,84.4567,57.6682,55.7523,56.6533,not_cat
521228bcfb65d600ab89402aa09a1d60,177.2746,172.2563,169.5096,57.7564,64.2255,67.6377,not_cat
9dc1ad9018049c108969eaca0292d137,139.7144,127.6809,74.9955,61.054,55.786,41.9238,not_cat
28bc718aff0f3aebd85cf0cb6b42b67d,144.1994,143.3232,141.6578,55.4333,57.3144,58.6007,not_cat
878182e878d5524ae3bd4f5a9a84e093,122.584,120.5425,119.3793,69.4598,68.2975,67.9335,not_cat
922d7d6b4eb9a3f0a7ffe306c1dc5e75,148.3351,157.4238,49.5498,58.7281,61.112,51.9588,not_cat
46dee37386fc93af6ead1848c0abe249,144.7685,133.4191,98.3829,68.1,70.4908,71.2224,not_cat
4fc5d429faa746fb314238000709bd6e,129.9197,126.1564,121.6667,69.5616,69.1554,69.2356,not_cat
9c13136a45fff5d7362a7d1a8ba0179f,72.3516,65.6588,53.589,68.2493,61.0507,54.4806,not_cat
b7689a458f0c824d3185aaa17880f2d1,131.5333,125.3757,120.9388,49.9085,56.6504,61.2553,not_cat
f2719a8af90f4be5e426807911417db4,148.8246,133.138,96.4407,35.2725,39.0993,50.0475,not_cat
377e7e4fc2b9c1e03c48be29027f819d,136.5436,123.2679,117.3262,66.8901,73.1153,80.8421,not_cat
ab76eba4e63907eb24b844f539e92ae6,122.2989,121.3565,118.9465,69.5626,69.8965,69.9748,not_cat
63f4b273aa327de0018e71c963c732c1,140.1231,126.6632,77.9094,54.917,49.1922,42.9899,not_cat
4cb0c5730072b6a55cf1c34956caf1db,109.4185,132.8542,89.669,54.8593,64.5562,57.7805,not_cat
f66a7cef29f5d96975a990ebccf8c318,147.2124,123.6476,106.8866,50.1234,49.3668,48.2457,not_cat
9c842b4398e4737526589b4c68193f7d,134.2838,100.4547,67.6723,46.5612,43.3079,37.2705,not_cat
41f04963bdcdecc8e5babd1e62ac582e,131.7329,133.4989,133.1245,53.7825,55.9036,59.8566,not_cat
56e19b5e289261ee84252ea85b372994,76.6909,76.8964,72.6046,78.1286,77.6874,78.8652,not_cat
1f923872e3be88ed2a00cfe10f7404fe,106.2296,99.0569,74.2931,59.0485,52.6804,55.764,not_cat
46edaaa5b9d0b3e989ab90c753ec7a50,153.0999,174.5921,115.4482,47.1812,53.5243,45.4666,not_cat
1fed0ae433ae5b4f3706ccc629680f29,85.8777,84.058,82.7768,78.6095,79.4744,79.8396,not_cat
ac08eefc5a4d7b50d31916954c844ea9,60.3133,51.0566,47.4164,45.2485,49.1002,49.527,not_cat
d147d3aee5c034cc221a0e51b55df741,112.0345,105.1048,95.7443,58.7554,61.4337,62.151,not_cat
6d5f52bff303be56047311ccffe02443,96.0196,106.1479,88.9409,63.4242,58.833,65.9572,not_cat
0a38f2cd904546fdeb3d34d6d3ad7d2e,54.4903,73.3862,87.5972,60.1093,57.3777,65.4663,not_cat
56fa5ce6cbdb817f11fd68fc7e21128f,133.7849,122.5076,93.2528,63.3606,72.7931,86.1748,not_cat
6bb92d360ff4f2a3f1246c868f6e0d10,104.7498,95.9912,69.7217,63.4361,53.2723,53.1932,not_cat
244a551fb01636ef31f667036eff057c,81.937,56.4747,30.0795,55.4677,46.5017,38.4325,not_cat
72ac890d2ceb3c4fc8dfa3a70937f99c,100.7708,83.6576,82.016,60.3054,51.7561,51.2883,not_cat
157db272468ba5c894062add5f96fbde,91.3954,120.8601,51.9304,56.1232,49.807,50.9597,not_cat
a749b4a7311395e565f487723c77af0b,106.9464,96.6073,92.2879,73.718,72.4547,63.9163,not_cat
2cdf91624ce260cc84aa487660b264a1,128.3004,119.3848,108.0452,55.006,51.5724,49.1987,not_cat
90e84ba0f262851a02a65b1d69ad8085,119.7332,118.4483,114.5316,47.9706,48.7089,50.9502,not_cat
75bd70c432dea6134b4f76481f48495a,114.7729,117.2958,113.3763,41.0925,39.5943,43.1753,not_cat
191e0874f8cb7fd3d4d558818a0543dc,118.7257,118.8958,113.5109,65.8521,68.5238,70.1356,not_cat
c37d2d6bb4df936a9856374c73fcf137,180.6132,147.2159,94.0642,59.2675,55.8433,47.5791,not_cat
59bc7a6c20341235d466127b2e11e606,143.7413,155.9764,134.1131,76.0393,83.4795,68.478,not_cat
cdeed381b61eacf3d4a52e33ec8ec634,57.3161,43.6574,30.4987,51.4395,37.7961,29.0878,not_cat
479b9a44894be82128bc72f026dfcc5c,97.0408,86.6579,77.2125,67.6897,63.6962,58.1059,not_cat
0617386b4993aad4e02035a88e760dcd,122.7441,118.8168,119.5261,55.3932,56.6419,58.9372,not_cat
5c41594df5c39446e4718842a408fa33,176.9191,156.2657,136.7765,46.9349,51.8448,57.2912,not_cat
199aba9850813b7225d91879e5b29d3c,114.9516,114.6995,111.306,70.2051,71.7906,73.7006,not_cat
f31ab45b83a9d3d0c95ad887ed59d648,143.4823,145.8163,125.3143,69.3137,67.6204,58.4782,not_cat
31c1971320ea8e351abb5aad5ffacfa5,93.1488,74.9979,86.2542,25.9053,29.9621,34.015,not_cat
bde39a46d76f022ac67ce514e04b3e41,141.1658,114.0492,102.1046,72.6613,69.1065,69.7965,not_cat
e483d3bbd7a070bcac0b65bb62a7d3ad,157.418,151.9686,136.9912,68.8532,63.3852,53.6981,not_cat
965c5065a63cd22fa7a14bf5a15c5d2b,103.7864,127.0291,60.9329,60.9542,47.7978,65.3933,not_cat
5beba8bc5cce279f65f3db814963de6c,92.1626,83.5975,73.1375,43.691,42.1303,37.5294,not_cat
a8e75898bb5b99afb2d463aa6a7cc72d,115.5852,119.9848,91.6656,41.3136,38.6386,47.5733,not_cat
6d9cc23a3951e48234d10739cd89607e,114.5905,142.2363,56.7267,46.2774,43.1689,49.1218,not_cat
5404de5b463fca45b381774dee35eaa9,131.0778,124.6498,120.762,82.5652,75.4143,75.3704,not_cat
a50ebe3c2385a5c823be02fd20282161,119.6072,112.7801,107.2816,52.577,51.2582,56.033,not_cat
062878da3e29a7b8e0d6e73c6dbf1c69,71.7304,67.7334,61.5275,67.3482,56.1768,45.0632,not_cat
e3a44e1e3743961046ce69f44876a972,120.7921,142.6295,78.3899,67.2913,72.5076,53.8508,not_cat
27dfe3d3771f0f1c852115ed6430a07e,106.4117,101.5756,93.1908,70.9257,66.7572,64.6118,not_cat
d022cf27ed35f23b51f423ba216f375c,128.7474,98.0112,98.8419,43.5993,44.281,50.2671,not_cat
bddde2701f1890c34cab856205025ae8,149.6354,138.6023,131.0217,41.8041,50.3371,58.6176,not_cat
6a051095fecf983db0bfbf70199d1c6f,117.3626,122.5493,101.6874,61.5799,40.8127,39.6939,not_cat
043576c5504926166a19d86254adbc9f,95.2372,95.2372,95.2372,70.6177,70.6177,70.6177,not_cat
2c03c60c52c5f0d483b4677a304b73d7,105.887,121.8006,109.8315,69.2641,76.2694,69.5778,not_cat
82f74770b7cbb3906788cca562cf8366,41.1161,37.7025,34.2625,64.4117,61.5583,60.3574,not_cat
051ce10b1db399e97cc5e51eb7822131,127.2904,89.9038,67.4783,80.9284,72.5688,78.0792,not_cat
9f0fe5bd561dd655eccf80a31ebf30db,71.3402,61.9674,59.9609,64.1561,60.8084,57.7754,not_cat
4ed747c442880791d443483f2f74fced,162.0057,111.0218,94.1277,37.7939,55.1473,41.9752,not_cat
962ecc119ffe9e5b0a3d1b8aea193a80,115.0312,120.5226,123.1313,55.2343,53.6454,55.2742,not_cat
4a96778414f065ae3e3163a0cf72f84d,100.353,104.6541,105.1681,77.9728,75.5807,74.8785,not_cat
4843b8e55bdbef16a975dd8cb6beeed6,99.0693,109.2275,83.2209,51.5522,51.8984,42.6826,not_cat
fc3cc0ef274f8e533d60e52729d1958d,93.3369,80.8028,67.2916,58.6266,53.9447,47.3127,not_cat
f4932fb34babb1c608478c42f9893b0c,105.5756,62.3572,42.1795,53.8563,47.0445,45.8089,not_cat
f4b18a10414f16ed30a646ebdf409e5e,113.0048,105.4966,108.9847,73.3171,71.7963,72.7434,not_cat
803922bd81d8bfd8373d8d73755a9aca,129.7209,138.9457,132.5717,71.8822,53.3758,56.4611,not_cat
af56e754b5186fb21cedce17f5228b1c,107.5653,117.9212,95.0981,52.9195,52.1731,56.5362,not_cat
c473d1fda7302711e499b35349417723,157.0321,158.3033,164.7531,46.5412,47.1862,53.4119,not_cat
bc6b752500274ca56043b664ee6c518e,93.7175,102.6661,89.2633,43.7033,42.342,45.0929,not_cat
1d4cb1311f876a064a8361fa7d5bfc62,109.181,110.7464,141.5893,34.6336,34.5043,37.5008,not_cat
1f511e8c9de99c4e7a6e9073c24333ee,171.1774,150.0553,146.3431,56.9363,59.9007,67.4656,not_cat
d3ab4fa08766e75b798e140cd026fdb1,153.9614,139.8593,132.2859,70.9174,72.1199,70.8354,not_cat
be8fa59c241221b0382ab90360601d32,99.9395,100.3257,103.462,58.1147,62.2696,67.7085,not_cat
cab6711acc94b123f55373d89085bee3,170.3215,175.3196,170.7804,42.4138,42.0838,43.9035,not_cat
e667b579eb883feccee0b7b7051b4787,81.8343,68.789,54.7164,66.6764,62.9044,61.5293,not_cat
34a1d74022831f6d170f373eaf0a191a,112.5995,131.0399,112.7692,64.4007,65.774,63.3291,not_cat
1c5e1a69bb4002a4ff8d66ee631ac143,135.8963,127.7703,97.4469,46.8793,52.5196,49.2508,not_cat
b9f370048288b2245bfca2ef06c6673f,112.1474,112.3167,87.5158,69.0611,68.094,67.9616,not_cat
ac2598379ae7cc2b0bd4139fd3f2ab5f,107.4301,110.4603,95.8249,56.1792,58.8007,57.1261,not_cat
1495d4c5b45b37dfbee0eb94ec90aa0c,147.6981,122.1294,82.6934,68.7141,49.1394,41.6241,not_cat
aeda62bb8cb0ddb4f8d5c156f9c503ad,104.5864,92.2229,82.4612,62.8237,67.7138,65.3636,not_cat
50f8af09f63840bb8da7031e46b9763f,120.5362,101.3943,85.9756,71.4149,71.7263,73.5605,not_cat
78914e077981f91e4772a09f8f6f2c17,136.3138,146.1103,83.0579,49.2062,49.753,53.9449,not_cat
ca9c9ddf94160f58f3e7b22bdd610d47,97.0398,97.8777,98.2367,62.6947,62.4022,62.7159,not_cat
8c8064b45ec1bda850b081c864d01888,134.8417,133.0081,118.0777,58.2562,58.9413,47.34,not_cat
7fe248ad0258925f3a2cb14f93addc25,140.2438,133.507,117.8321,83.1975,86.8049,98.2065,not_cat
29374c34b6c5353018186d5b67db6e6a,106.1336,125.9668,108.4094,55.7941,44.3151,52.0294,not_cat
cec15b04439c705b415cdd4516100da7,152.6034,133.5857,121.4146,87.4314,85.7311,86.9226,not_cat
93de5a95f2b8f60b67d4240f0e0ffcc5,72.6555,72.6555,72.6555,50.4262,50.4262,50.4262,not_cat
4a7f9cadfc1598bb7448e7aa8dbc93b7,151.4469,136.8864,128.8898,59.1663,58.7878,60.8585,not_cat
144064bb1741d38c85142f542b7938ae,132.8325,132.5275,132.6918,33.7276,33.2559,33.1512,not_cat
20e749d0f6283d99860be7f20ded8337,124.2312,110.5453,102.8387,56.671,57.9861,59.2015,not_cat
e98ccf2caf7cdbc5aacdf71f27e38f7f,101.8192,74.3885,59.7052,43.6667,46.5183,45.8346,not_cat
af717dc9a7a0fb4ca75e5864696607e8,122.7553,119.6953,113.6581,47.5995,46.6344,44.5974,not_cat
e49bb04e025b20b0889f129a93d11b5f,76.3164,61.2014,45.8432,59.1976,52.1938,46.3308,not_cat
f1713ff9aa9a663b70834973dcf5d827,88.4291,132.2574,70.0225,59.7174,42.6605,70.2901,not_cat
8a747cae9c19022942e415d5f132a2a8,162.5057,166.2542,146.1062,69.9742,71.3743,66.2024,not_cat
1311021f69302750ca55507a82dd9ede,132.7099,109.6753,101.8262,49.4369,48.8563,54.599,not_cat
8b855a1c25c05726f458b057170cbf90,107.6789,124.3452,86.6937,62.3257,55.6574,71.9522,not_cat
cbd3868b32b4fc6558e6912308de8273,137.31,126.137,113.0005,59.3786,59.6779,56.8575,not_cat
abd772fffed43eff85452ebd1569e300,133.9179,104.3668,79.8956,53.8928,55.4917,54.5777,not_cat
7eb276f9c23ed4bab495cec89559244f,197.6351,198.5643,205.1998,94.7849,91.1321,88.4295,not_cat
c973862177df3502864d8ec555eb7d01,87.1806,67.0091,61.1787,62.2759,66.4588,65.0943,not_cat
7c2f1851228dc838a6e28fed25e90173,155.9135,127.6,85.1091,53.2422,45.8712,41.0049,not_cat
6512a56e687dde98ca86fc6ffbc88b1a,84.151,77.5257,69.6591,76.8265,74.4972,71.1535,not_cat
acff7fdba7f123917b1c1a60d958ef50,109.2229,114.94,111.4262,49.5025,40.7194,42.0783,not_cat
68bb1d90a140c874aea6a6c77b71f91c,79.3663,67.5732,66.1807,46.1137,48.6637,51.0396,not_cat
e98b1eefcf11cee46133e8a9744c5c97,94.1185,91.3039,66.0906,75.5714,73.9523,76.9189,not_cat
dd46a79087c2656d6041e30ec2a10feb,98.357,94.8815,96.7152,50.5118,52.1724,51.862,not_cat
61b30e2ae3e212e89eb487cfeda66748,82.6885,87.9328,84.3539,72.2108,70.8755,57.906,not_cat
7fd9e4be5c35924bfca4fb0551342c73,151.6642,148.6619,142.7549,49.2683,48.376,48.6835,not_cat
e504553bdaf84b45188ddf73d5c21999,166.1541,153.2304,155.2128,61.8272,67.3014,70.2009,not_cat
748909fee652cb27b8f0a7c559df77e4,127.1135,143.3177,60.6231,48.6676,47.3958,46.657,not_cat
ec905f7f1fd9da07dfe2d8c4c0804360,125.8728,114.3722,108.2733,44.0727,41.8517,42.5208,not_cat
723a3a2fadd866f7a70b87709f5dde7d,117.3375,123.8419,89.2987,46.2914,46.9131,57.404,not_cat
df8979216080cd2af03bb5e8ea3f7a09,127.0675,127.0996,137.2477,39.0047,41.7359,46.8262,not_cat
00c41ffdbdb3b4fcf22081fd5cf1f22f,91.9927,104.9137,120.3201,48.9389,53.3617,67.775,not_cat
89196c5e5f642b2ec4eaefa147d39a95,94.4447,81.6909,80.6857,24.6602,25.6913,28.6769,not_cat
432efb8caf2d6203a1f46c3104d61825,115.2429,132.4697,85.8728,64.9584,66.2627,67.8084,not_cat
94f8bde98dda4c4fe38f56182d9a92a2,177.7789,158.2761,149.4889,53.2058,58.0789,65.3223,not_cat
d3ba6a1dc798d5d3f26589214a8b9cc4,71.8885,66.3228,75.2688,46.3602,33.8138,38.0731,not_cat
f34033f7240ebc07360af5512b07bce7,145.1314,144.1508,140.7618,45.1383,46.7528,53.4972,not_cat
3cb3845fd7c63dd2f9d20c9fe5e6fcb4,137.3123,124.3758,80.0996,54.7959,54.8297,48.9284,not_cat
6e2bc6cd4b48b3bb8f32cc1d57bcc5a5,103.8495,104.9708,102.0417,48.6308,47.7666,49.5739,not_cat
561adb9a53ce7c923390d8f99b1f771e,126.3729,117.5113,116.9091,71.385,67.1466,71.4007,not_cat
789a3df57cf326deb3d4aa23214d7823,77.3781,59.9872,40.6672,62.0695,44.335,37.891,not_cat
d5d8cc61c9987b0fc08264edb210bc12,113.0433,119.6804,126.979,66.9879,69.656,72.1109,not_cat
7cf7d3e02ae093814980a7f3f37688f2,133.1903,123.6879,114.1217,79.5947,84.503,89.3896,not_cat
f08853c2826bff17f6fd722798cbd7e5,118.6419,140.3146,73.3703,41.3063,50.3903,34.725,not_cat
5bb27ae7bbc11dd2f3a46eda66ec7ec8,97.2743,92.1035,84.3178,52.6027,46.6783,44.0599,not_cat
6da6ecbeb82e2b73477e490fe5d1c537,99.2289,136.8427,95.4257,66.7872,60.2989,67.532,not_cat
8e5012e1394d60636c7874a81a9996e5,132.9249,130.403,128.1313,61.6373,67.2129,70.7818,not_cat
31adcdd1fe7b21bf7a6523c757707494,130.7525,109.2648,101.2417,37.6696,38.5458,44.3071,not_cat
29051a5256e30b9ca4918b413c95ffa7,119.832,102.2563,96.1553,58.3372,62.3812,66.2181,not_cat
247c6bc7edba967285fce0147cb55a90,202.9886,181.7278,169.0986,39.8619,52.0761,64.9922,not_cat
54cba527dbde206dbe1f8607d3880f86,111.1631,84.2064,54.6917,47.9363,46.8947,43.1194,not_cat
048a68260ccce181acf94613b1bb0f88,106.1057,99.4493,73.8622,73.1827,70.231,66.9094,not_cat
58eb98fab0b453d3d890fc283e0535d6,114.0107,107.9281,99.767,38.6455,36.3075,34.8153,not_cat
55b1e712236b2fd1115ce807fa2cc376,136.0697,114.9943,101.5842,57.7933,58.1829,61.1462,not_cat
952000b51205de36d3a0c24396b15460,101.0987,114.5394,88.9172,52.7879,48.484,57.7995,not_cat
ae19776a85e12578cfaf5bc845c57a40,89.4511,88.819,82.4672,55.3685,54.1908,54.4801,not_cat
2a7a5118fa725a56bea50077d3b2c358,159.0729,152.7492,129.2749,59.5687,60.8401,61.4754,not_cat
795b61405c75d9cdb1d65e716c073dca,153.9471,129.6623,122.4268,47.0288,46.7724,58.4837,not_cat
d3fdd2e7b7d1b753f067520b8086bbda,98.2144,103.3373,68.7412,78.1059,72.926,63.0861,not_cat
d41458262866fd9acf6f0856b8c5d4ac,170.5417,120.6906,38.7927,54.1327,44.5678,23.2443,not_cat
0a9506c7d79c7bfd110c6de513949855,157.082,166.4673,125.7744,81.0462,83.2213,89.222,not_cat
61a6e0bb7aeb7b7062be444256a4e9f6,104.8188,83.0526,67.3922,44.3337,31.6759,28.7054,not_cat
717ead426654bba53c675e18bbdf2362,131.4985,136.3858,81.2216,57.6482,55.583,54.8328,not_cat
36c7cab3921f568480c9adc1a81acb4b,86.5839,60.2308,46.6295,57.5211,42.1196,34.7277,not_cat
6bc3fce958bb9d95f7c8649472af07b2,101.9305,95.1912,84.2316,62.9247,56.961,49.6969,not_cat
4b9ca0bfcf5fcdf17e038013432adb7f,76.7346,71.219,68.5433,65.0011,63.8031,61.9413,not_cat
ac6ba09cdeb39018e622a5091ea46528,151.1238,137.8597,112.8659,87.9991,85.3399,78.5302,not_cat
9f6acfdb34a77cd5f6f38bee777d36bf,136.8091,135.6676,98.0368,45.553,34.9989,43.8459,not_cat
ad2e18b7cafcea682c74880cff41fc13,115.5673,116.6902,116.4658,37.2442,38.4106,50.1162,not_cat
4f3616bfda3dded65ffc7875ebcfdc33,191.3187,180.0238,167.836,62.8657,71.569,81.9781,not_cat
a47f164ed82f9395e2924d7bddaf4549,143.6696,114.9108,68.2474,68.6481,64.5159,56.1406,not_cat
42616e399fb7f4d2f7d803e2e72c767a,115.1696,115.1018,91.6407,68.8634,66.8727,65.0468,not_cat
1c1a1cd71f4a44189c95300d8e58ea53,165.6785,161.4174,159.1178,69.8186,70.92,68.3415,not_cat
6ea5594f7bd85f7f145bf9998c562afe,149.4242,144.3505,142.7083,58.2785,65.1741,67.1263,not_cat
4d3be29fa3bf0f283cad228632898179,102.9381,127.2952,82.6114,38.7985,31.3428,45.781,not_cat
c5927f85b01a50d5a6406c4d473b4c37,103.6639,104.3218,85.3021,62.5192,57.672,61.9653,not_cat
e13109af6f3c9e6e971c0c680f20e21a,142.9824,121.47,75.1458,67.1454,54.9073,48.9691,not_cat
ee64794f73883225073a7e14029bfc41,88.6153,88.4591,87.0092,56.344,55.7348,56.2093,not_cat
198bcd0f85a4bd22e278bef70b3fe412,190.8006,166.6977,158.2956,57.7296,68.8694,88.216,not_cat
d4ff8f51bc5723c6fc92f74a5776f1b2,128.8918,120.7774,114.5977,76.23,67.0818,62.7361,not_cat
19406a0c0bffb290c6c0be236842e4b3,101.315,138.7704,87.8949,55.5749,53.2414,48.9999,not_cat
b6927e5fe5b724cb1b9de0d6b0ec5f7e,159.0238,143.7454,115.8213,66.1036,68.6082,79.0788,not_cat
e33b3f4f0509a432bd053709dce1db55,147.5049,157.5783,189.9442,49.2853,56.8978,75.5069,not_cat
d1cc4e293a43c80faff5d2631c99ec01,116.834,114.3021,93.2295,64.1428,62.6045,62.1175,not_cat
d025c8aff87ac578805e213a6ebcb58c,100.7864,76.825,75.0423,66.4972,69.1414,67.1394,not_cat
3aad7fca6420db086d89169ffe567d2a,129.4644,108.8765,100.3445,54.1763,51.3784,52.9675,not_cat
37040a6d5ee90ae8bfd8c053327fc787,84.5881,92.4431,87.7361,89.7037,84.4315,83.3507,not_cat
63efd316be165822656aa5cb73e2f0b7,105.5038,102.8908,92.3106,56.0008,55.9018,60.7874,not_cat
21eb31dc805b9d5cf97133f4d855828b,125.0114,120.3536,115.7035,51.995,51.3458,51.4973,not_cat
77229f26c10758700dffa7a6249202a9,126.9794,109.3625,91.5195,55.3296,54.2716,51.9908,not_cat
b2861dbbe464a8dd494f2d0c5d2b3c0d,154.1541,143.6736,130.6628,33.6474,38.1017,47.0503,not_cat
36f79a89bbccea0fe37ca36e52c84ea6,133.347,142.3477,128.8222,81.062,84.9617,85.9284,not_cat
daf699038a90b547442f19d7d70e83db,163.2054,143.6645,125.4173,75.7907,77.8993,78.1614,not_cat
cd9688f907b9acdfc58bceabe0029bcd,106.4344,94.8355,86.1443,49.5382,48.7934,49.8959,not_cat
edf5f0e61394256cdfabf5cd4ba7f075,86.0179,96.0175,64.6548,65.275,68.1917,53.1209,not_cat
5d43e68db7558125ff8b3cf4b88d67c5,83.8451,64.5521,44.1848,57.9678,49.2504,38.5372,not_cat
89548b2acf97674d3d8bc49626091eb2,131.4859,121.7595,117.3084,77.6673,68.3574,61.1382,not_cat
d9dffed67303415ea25f48f99e0568a2,90.0214,85.9459,95.1429,51.7294,51.4888,61.7105,not_cat
13bdec18b96b61b2a70709117bb2cde0,101.6739,87.061,71.1542,47.7488,47.3836,47.9249,not_cat
e8a534b19d140f495ef3edf0a13723dd,82.1378,85.9696,85.0721,85.5635,84.2195,81.6193,not_cat
843778615d636e44d45de281124b41c6,149.9434,131.8425,121.7357,63.191,71.2217,76.8986,not_cat
35f14a279dbf3993d824609b6cd59aec,118.322,118.0744,113.8009,57.2437,57.8551,62.4458,not_cat
0e1cd3965e9a225bb4f05e7e10679bf1,136.1324,140.9856,144.4622,73.8888,73.7818,70.8125,not_cat
167d095a06e161d53521e27ca6c4e845,102.5914,109.7833,72.8954,63.6538,62.4844,67.6991,not_cat
000cd17877cd7839c55a20df4573fdd3,80.4681,76.1592,59.3717,57.5247,52.8774,49.168,not_cat
4ecba02f506fdf08408aa55f84f63f0d,135.3721,125.8756,118.3538,67.4861,71.6295,75.7289,not_cat
1db4f08a6805756633dd948885a98e87,152.7263,143.5373,134.3265,40.7918,39.7653,42.8482,not_cat
134e31c42f215985dd235552c19949dd,136.6841,130.6631,120.9244,72.9632,70.8425,58.1884,not_cat
3921c0ff566afd3f4afd9df105e55d5b,77.9143,56.9897,37.3261,54.0407,50.9956,47.9998,not_cat
aebb284a9c38a4fa68562c9fe655a6a6,112.5964,117.1338,105.4329,59.9914,60.1549,55.2627,not_cat
e1a4feff74d628a3eb231b4a6dbdc83f,100.4501,110.4008,108.2868,68.8278,71.0007,78.4629,not_cat
c9fceb2badb30d6864db84e0b15d89f6,121.1389,108.3295,106.1887,61.7893,60.5972,60.905,not_cat
66ab21c3348b1bf8ba4c0be9cdaacd8a,141.4738,143.525,126.7593,47.3431,46.4195,51.7696,not_cat
c0d7ac99054397c955508ec57a147c58,158.9643,122.98,114.0304,39.6246,41.0568,42.2175,not_cat
e493755eedd388695e631b1fe038ade5,178.27,183.3423,172.7193,81.4291,80.103,80.6147,not_cat
c4f6f483bbe2769626e4befacc5bf56b,138.0786,139.4038,138.5762,62.8012,60.5993,63.2915,not_cat
9fff61b550f5f0043f3641e568619a40,127.8891,66.3095,70.1441,73.012,50.1014,53.4178,not_cat
f41b9ab1ac9baed0085644a2345aac4c,130.8021,115.6217,100.1938,90.0547,90.5854,86.8486,not_cat
5737ed4253c9f214bd2659cb2aab83df,100.0507,104.5583,99.3279,51.4461,51.5333,49.6946,not_cat
a177a893f36ce6307b19d1f1e42d45bf,151.6254,141.6736,124.5464,55.6628,60.9238,72.2449,not_cat
62346f84b158793c34d4df8b750b1e19,102.3388,89.9742,57.7909,54.1154,44.0796,50.8558,not_cat
a29af742605cfa6362933213c60bf496,131.2937,104.5483,74.2583,81.4178,63.6481,55.4828,not_cat
4b399697194d06163b5b13dd8dfaa2cc,126.751,190.9602,142.3777,50.5079,62.4411,49.7342,not_cat
7b30b96c4a4838fd91d589b8cfc0d12a,42.2856,43.3428,13.0072,62.9841,52.451,38.5237,not_cat
6b8803fa32350455543ee91873094458,127.0923,122.2912,68.4697,63.1737,46.5146,67.3373,not_cat
898d28acfd2f276de12b567d2b04f05d,31.9093,55.1503,70.5082,54.1335,61.5228,74.3717,not_cat
5170c60a18a256acebf6c49e13aad36f,143.8937,129.3217,127.9396,71.4275,61.8272,54.0442,not_cat
cb6823e962e2eda4071df3d8f9231799,137.0463,140.1045,135.2736,64.4524,65.7617,69.5445,not_cat
ead0aff79c778bce65bb3f6f5e791fea,157.8533,122.4345,87.4205,40.7687,50.2931,63.2755,not_cat
b3eb7bc97cb2cc66ee0c2c316e9e86e3,121.684,112.4462,102.8909,57.1814,53.4207,58.3259,not_cat
49c4c8b7dac0dbc9c1a28b18bbec7f39,162.9175,138.9886,91.3666,68.9242,61.2115,48.7737,not_cat
279353e87dd28dfc24d8a3f77807c3e4,151.5437,138.0993,125.5035,68.4009,69.0909,74.5394,not_cat
97e325184e7ed92cb669d5992ef4366e,114.0156,98.1854,70.4262,84.4819,67.246,57.5787,not_cat
23ea6b86efddb76514b84801ae3ba16b,98.0977,72.464,58.2696,55.8854,57.557,53.4871,not_cat
a8836a94d5eccd8b5ebab16b9f08991a,153.7399,144.8682,129.0584,85.3252,77.9884,68.157,not_cat
9d843c2b91ad87c874bbd46ce27fdbfe,192.0239,176.9782,171.0468,31.4727,40.3502,44.9719,not_cat
c8863cd1d7294db98be92d68cc81cf63,119.1608,131.0739,63.084,53.134,43.9004,44.721,not_cat
66c86ea7e4254ced3c0826c690a2ffa9,125.6701,110.4738,89.4135,41.7188,42.0154,40.7042,not_cat
8ae77bf923d14934b32ddca513918f17,154.2253,171.3546,185.7632,79.5996,87.3218,89.9861,not_cat
40bfa1c0846e535736b48f0f35b07848,153.9219,153.6875,120.6314,58.4927,58.9938,55.881,not_cat
db75dc5e2c987bd892e932d20f6b18d8,75.0835,82.3639,75.6137,53.9056,46.9038,45.1379,not_cat
a7f7a3a6336254c4e1949fe311c1d61e,118.1959,96.1773,79.3258,90.5356,86.2295,72.5136,not_cat
a34f9ebf9262b59e0636b37a7ef53a94,59.1512,37.5698,23.7161,54.8634,42.4809,37.8752,not_cat
79edd0f349fa8ac4f141c5f16ca709fa,102.4817,120.0539,66.0795,52.3494,57.8936,44.7682,not_cat
4a91f258ec5914e5bdc6aa402d68b550,90.8016,84.6461,74.7208,71.9433,70.6171,64.4169,not_cat
2c49ab11b8f6738404747aba2d5ff066,103.365,91.2638,56.4584,48.3699,48.7937,51.6093,not_cat
cd0f26c0dbe2d5f7e4edc6cf265cbec3,121.6529,111.9284,64.6079,57.889,51.0473,48.0002,not_cat
76d0e0090de67c5ec07ced16409ce784,123.7441,123.1096,114.9445,66.5423,75.7038,69.0979,not_cat
aadf4fdad6ff00ed701d47e503b1c34b,112.6254,112.4442,96.0635,65.3123,63.2008,64.3858,not_cat
9ae84b3ece43c3941e181253f525fdb8,110.5714,128.1644,76.0328,78.4075,67.4373,79.4129,not_cat
1d56a476b2243753251447b3b17e9d13,158.9323,145.1488,127.3624,60.621,59.0462,58.1572,not_cat
ccefa062c3423ca3f492c3bc2b1f631a,126.0654,128.7247,123.2251,27.7307,28.067,28.7601,not_cat
e8c56cd4b69ff8b99ab3e9754029ed2e,120.6965,119.9076,116.8298,75.6498,76.8916,80.7899,not_cat
158bc4e5220203a371322e48a4ec7be1,125.284,124.6472,114.9888,85.4954,86.0533,87.5161,not_cat
d55edc03b5599ca58879efcb1dff60e7,135.5016,126.168,120.749,59.0034,61.4659,67.5919,not_cat
2260fa12af36de59f4bcff174f208b97,90.2319,74.7007,59.7853,62.7623,61.4676,61.1662,not_cat
387b10402d8b2d0a9630ae613b00c3e4,129.9158,121.9758,100.3165,58.005,57.589,56.2732,not_cat
d2530a0d8e166201bac0240b8e1cf3d6,88.9624,88.6615,80.1547,47.1422,47.208,51.869,not_cat
5b97b09999a00e3e3e52e284417c1066,115.7188,102.1422,78.6871,53.5641,55.4678,58.8967,not_cat
32777c29c34c31fa2852ac26a5176b74,84.207,71.7597,64.3446,61.3834,48.3837,38.3741,not_cat
ffef37fc5765891288276f6938becc61,155.2281,156.2566,155.1614,95.0828,94.6474,95.8921,not_cat
e65e77b9f7ef033b4bb2818168a8a1eb,239.7266,234.07,230.2146,40.5842,48.4659,54.7297,not_cat
4a32e9d6e9c26486b25fd1528eb917c6,107.5643,89.4401,66.8393,53.3238,47.562,39.6671,not_cat
f16a7a3bbbc3561f0214ae3e95e47fc1,120.2272,145.1421,152.5363,67.3534,61.3689,79.2953,not_cat
b4045e36668a480b4a77da36141827c3,94.7885,94.6179,91.706,57.0926,54.5611,55.8481,not_cat
98ad97d6a67c5e47430eb5bfe0f78f69,145.8521,124.2093,97.744,73.1143,67.9866,73.0554,not_cat
11a081c547826645469e40d0f110349c,164.4641,119.9722,83.772,61.3183,70.9744,75.7403,not_cat
08b8bcd685b508a001770cbd62039272,81.2333,66.5046,46.9918,50.9393,45.1507,46.8846,not_cat
d585b093a6d55a474e6d839f29b82ca6,131.2413,98.1231,73.6967,86.5166,78.9646,69.87,not_cat
d6f34e95c86a7a4cacb08b3e545ddce3,123.6328,112.651,86.5521,52.4247,48.1448,44.0085,not_cat
8922d29575546626e62325716a97a111,126.8782,99.7675,70.2318,69.0853,68.4884,67.2071,not_cat
914b8bd8d05dd2ca2190c6cd8f584747,127.9662,103.7921,75.3081,64.9569,64.7344,58.2617,not_cat
10904aefbd0598e37a5efc684b02629c,99.933,94.6427,40.8129,61.6511,51.9423,43.6672,not_cat
88cc2a5a3b8c690024b1e93e0abe76d7,106.9024,107.6243,100.8617,68.1531,63.3495,61.7362,not_cat
ac6f49bbdc8d42c05fc5082f0c4c4ea2,130.7647,125.3848,108.7184,48.3755,47.4415,49.6994,not_cat
b0cd1a3897816962254f7ea24ff0b302,106.7138,106.1571,107.4144,69.3925,74.4522,78.6713,not_cat
b2e6a2b0a87cf02331b74643bb729c7c,122.4531,108.6968,102.84,37.8361,46.7573,47.7631,not_cat
4641fecd781534f80f435d9649568942,140.2055,144.7693,167.3278,55.291,61.3115,77.5178,not_cat
b2b7edf1d50bc44da608cd1a64ee335b,95.818,84.42,83.3547,49.6892,54.278,56.7535,not_cat
68f44a14f3a89bc7983946ae9d2a495a,129.6908,140.6836,76.4553,57.7782,53.2212,59.5483,not_cat
75ab488a0f82e27b1127295285b50cca,101.7348,97.4022,98.5451,62.817,70.3115,71.0475,not_cat
1e44995ffaf1b73a6051ed2b5aeed1af,144.7565,139.1383,113.9846,42.9548,39.4765,47.4567,not_cat
7ea9ea4610e652162d045d7a6bc4a9f2,132.5046,107.0412,85.7299,43.1877,44.1252,42.3401,not_cat
76d70d5c75526a4377d53b042ec413d9,113.3779,106.989,100.0818,59.8777,59.9702,63.3958,not_cat
ded76d677c4d7f6c644afad5a2250ef6,125.2789,128.5105,106.4355,80.7771,67.8837,78.1917,not_cat
992dd6b34d5d5315612277ef70c247ff,141.613,134.879,133.4402,42.1278,42.634,46.1772,not_cat
0e60e87fcba58392296ce8fc97df90d2,116.2903,102.0063,93.8253,83.2326,73.8832,71.5853,not_cat
735752ebfd407627283bf7f70314ab34,144.0808,118.5524,94.3942,44.135,48.0702,50.0894,not_cat
929eb0c188a17539eee95d375f231a01,124.6607,107.8479,104.9138,69.4517,72.991,78.026,not_cat
17c6f8ff4b221f41dbdbbd60368e9ccc,58.337,66.6825,35.3298,52.0612,48.4468,54.1958,not_cat
b88a9378e485d2ae818c60c081ec66a3,129.0376,109.72,102.0274,66.2214,63.5957,65.9246,not_cat
3e8ca17c2ec571896566d088b98b8692,150.0983,150.0983,150.0983,100.5604,100.5604,100.5604,not_cat
8f8ed158f03d16fc37e90ab040394a83,197.0402,195.0403,196.5739,75.9802,77.4239,75.3546,not_cat
0bdc7a6398b14000834ea07dfc6b64d4,62.018,73.2832,80.2259,70.1101,67.9346,67.4338,not_cat
38611545a2055f3c2afe877409038f42,143.8056,137.0242,132.286,64.0275,64.9964,66.6634,not_cat
919902dea01872de5dec4736cb53607e,149.7552,159.3553,118.592,72.7296,76.5459,65.8775,not_cat
7a345913e2a9f79c51df2f7cbb1d1301,141.9033,136.8863,138.9536,40.2224,40.5174,45.8106,not_cat
bd14c50063b89ed85a1810a39b29630a,106.5046,103.0413,99.9981,43.4191,42.4153,46.1844,not_cat
d12a95395690ee18e72ab9af4ddf0929,108.1802,71.7884,74.0217,58.7963,62.0002,59.9667,not_cat
8ba64c1a35de0991cbcfd0b38fbf1767,99.6774,77.7435,57.5899,64.6501,57.6419,47.6995,not_cat
99203a4dd020625be9f5cbb62db9e555,132.3308,126.4398,117.7952,60.3212,62.7075,71.2739,not_cat
a07a2559376decc74ca17dfbd0e27b25,96.6859,99.5614,86.3412,61.8962,59.2835,51.4696,not_cat
144ac34ac4942caa508ad53fd1456d7b,128.4612,139.3625,92.752,55.8477,54.423,54.8287,not_cat
5e3cb799e1f65a8792e5faf073fbf486,97.5708,121.6964,80.8681,64.1376,57.2857,69.0845,not_cat
77579b2b2968430eeb658947830a0c33,106.9896,82.0289,63.7522,46.9426,39.2449,36.2365,not_cat
030ffcbe2c07438dbbfd185c0de34cb5,186.3753,180.9225,175.366,49.0863,54.8458,57.6616,not_cat
69311ffabae90fb0514571f809b1e890,166.8134,98.3164,102.7446,55.6231,49.6651,42.1042,not_cat
35198e437d033c247b3acf2098936fe6,96.1319,98.0778,94.338,87.2996,70.8978,63.3912,not_cat
a0a770925378b42f9698f51fcdf8eac0,152.1621,123.7023,101.1355,56.4421,57.6165,60.6257,not_cat
a237e399ecd49bf3f4e940f0c577ce38,158.1194,151.6834,149.3297,53.1374,50.3433,48.3922,not_cat
c53639ed29bcff7e63273726fede90a9,150.1193,142.7075,147.8782,76.7704,76.2086,81.6713,not_cat
8c9dd6e55fe8521535af90e398265502,125.4054,112.3866,96.2696,71.6861,65.8328,63.205,not_cat
38ecda6b2ff3b554f7cda24a1d536d4f,104.4868,75.0411,62.0874,45.5383,51.8462,51.1993,not_cat
0680bb357a3c3b053f1b933584518b59,103.2212,66.4757,63.1634,61.7031,65.334,65.6545,not_cat
1cd34e5bf84e429d55719b4b1bba3055,122.1544,126.9536,122.8576,74.3277,73.368,74.3328,not_cat
eef205bdb20f70d43d4440e029bfe6fa,126.5749,108.0137,98.0234,47.7155,53.6337,58.7953,not_cat
b15bfb9228e7aaa513f2d4cfc0830ecd,130.2457,131.5514,127.2028,63.4378,67.7011,77.5371,not_cat
6fc1d711c78d73c2e82df6d2c885ed9c,124.3412,133.0793,119.7949,70.8931,67.0415,72.0931,not_cat
19bb85a76db320d90fa53f00a67403e1,174.0068,139.7474,101.2369,31.5507,34.2921,39.6346,not_cat
5d2ca8262f6faf7a328a214259d93d84,104.5813,102.1305,99.9655,62.0662,63.5018,66.1309,not_cat
bc584e41a5c83b666b3fcb718b92d07c,117.9088,115.1459,106.7682,71.773,67.1821,68.8427,not_cat
ff75d1c3bceb4e5f60e59599883010e9,118.143,133.9936,106.7635,72.3727,77.1464,68.0295,not_cat
2d0876bb63460f4ae2f14f602572fd11,133.1935,135.3909,123.0287,48.0149,45.4671,60.1791,not_cat
37236a69d3c96a9907eb9a6cb20a9fac,99.0223,94.736,90.7829,71.6898,70.1859,68.2291,not_cat
6dc54152591e537cc18739fd8211d720,95.723,97.9303,87.0888,46.2955,45.4436,39.867,not_cat
4cdb012b8cbbbbd63cc0e13507702be5,95.5707,93.5725,92.5059,67.9403,67.1891,66.2613,not_cat
655acceb8b21e68aef63d7859dc5fe49,104.3523,83.5822,75.8903,58.825,53.7809,47.912,not_cat
f0a3c23955fcf5d594a3c56921b05046,116.7994,140.9581,40.3377,40.595,39.1484,39.4304,not_cat
a668680521e0315361f99a51e16610f9,99.9514,95.1789,89.4006,43.9654,43.0937,44.4519,not_cat
8765bf7e801880716093eb49731feb17,144.2761,122.7596,103.1527,62.7042,67.057,71.1955,not_cat
4f3775baac04c2f1d086f20446c77bc2,112.0547,86.2014,68.436,67.9751,61.4574,60.1878,not_cat
652b7408256ff1ee8501fab3cf2fd6db,67.7886,93.1903,58.5287,69.2843,64.3129,71.7895,not_cat
2ef467b4087874c65e51f8c5202ad5f5,150.6194,140.5038,141.5893,76.0806,75.4103,70.7313,not_cat
20658e5f8b0b7042eac2fadc6604e495,142.9627,170.7435,108.7765,50.0365,56.5937,57.2477,not_cat
67beb04fdf4f1a2b3a574bcd05613744,94.0117,123.9639,76.9817,42.9991,56.2512,45.4704,not_cat
54140e91f4ab70c0580293d2e16c751a,94.2477,85.3123,8.9518,37.5933,30.4824,14.3458,not_cat
e8cbec421980db913a14fc039370d097,92.0754,67.5884,74.874,52.7039,56.4843,51.9917,not_cat
47a229e906a9e592298f4f52b5db1ecd,124.6184,96.1995,61.3541,51.3931,42.578,35.713,not_cat
9bceb280284d36c334cf57a08a89d6f5,120.8693,135.7181,88.506,58.4969,58.8907,65.3686,not_cat
978079d3134c0007165ac6f3d87b8aa9,146.3986,136.316,51.9167,45.6951,42.3522,62.2596,not_cat
e6b17bf926ccefe69b94840d2b4ef71f,121.0499,120.3221,111.3084,72.3096,62.7096,62.7275,not_cat
c5a0002a0e12ba9f7bc99ad822a0bf7a,138.1711,135.6131,133.1969,53.5498,59.5647,66.4285,not_cat
4d49a028dcb219673c6af7dac42b3d2c,123.5042,129.1313,136.7012,30.9199,29.0516,32.1956,not_cat
322bd0f4d6e790b5bbfbc58916a52abb,102.6667,96.3083,86.0508,55.1424,52.8699,49.7346,not_cat
c08ffd23d2b10c79fa6b7b9af3c3f86b,154.0105,126.2453,103.851,38.7096,33.4258,29.3004,not_cat
5f72cf48e64d817a0f7307470f9bd075,83.6197,85.8556,87.9824,72.88,71.9649,71.7722,not_cat
ff82f4479687ac188713a65332bc3558,131.0727,125.5936,113.3605,52.762,51.4825,52.1944,not_cat
1dad31a8cf87db75b0837ce737ed1ce2,171.395,173.5557,173.3127,39.4213,38.7602,37.2882,not_cat
472ec37bdf38e7724528f4bfe7c77d0d,95.0582,100.4178,113.2175,62.6435,57.4092,64.889,not_cat
a1e175d06f0134a2c495ddf67167118e,131.9283,101.6504,53.3756,39.8151,40.2444,31.8123,not_cat
544b9121bca1e1ab6c3a4fb2f715d22b,98.5635,92.8767,88.0206,91.0332,90.1226,89.2291,not_cat
c1daa20308c73e8a954a65c4223d5166,122.382,133.3436,135.7906,51.5149,49.4304,50.6199,not_cat
649489b2da3c6b6707e22db94fe9838c,110.7804,105.4482,109.4729,72.3333,74.4364,69.8277,not_cat
a3121a16d195605a6923817600321a5e,137.641,133.1801,127.7305,42.4548,43.9926,44.6485,not_cat
486c3b3fdad7b2f05e29d1789a7d7079,186.3716,177.7085,167.1594,43.9196,44.426,43.7301,not_cat
1b740f6134cf64f57bec7079f8a6ce7e,87.0112,88.8192,63.805,53.5968,52.0776,56.4423,not_cat
8974fb9b73540cd32642d2512858788f,113.0181,108.5759,99.7349,69.9688,73.6054,75.1985,not_cat
b2e2f160763f013a8df8617e5538d1dd,122.0706,122.3483,114.505,60.9894,61.2163,64.7855,not_cat
299d5132eac8335ddb1c50b6962cd332,191.4052,166.5489,182.2733,67.8819,58.9319,57.0485,not_cat
c5597bc51ff70cfdac17a6bbb6e8c118,91.3366,96.3907,98.3655,38.7968,34.9863,34.7207,not_cat
65cf823b9ff59da90564bfc51b3b880f,158.0744,162.1198,159.0579,58.9764,65.0199,78.0418,not_cat
638b193b35d1f6b2a4761f62f9491262,115.1059,67.3907,31.7408,46.2923,35.3368,29.6701,not_cat
07bf37f9a0de8cd3e48ea1c7f126f0bd,105.372,111.3599,62.1609,68.6145,63.9581,56.6613,not_cat
3292dde44534e8888827ac44512891ac,166.7386,154.6418,145.2637,51.6885,46.8107,43.4208,not_cat
98119d618b9c7a4c5d91d883e89cc4b7,90.8425,95.0493,99.6833,72.0946,70.6691,69.7128,not_cat
1472fd638408ae3cc86b2267f9e55487,87.1175,76.4477,49.8911,67.5162,53.9769,50.4102,not_cat
34a997dec54eb4defb8ae4d8b5c2fa42,118.3745,110.2945,103.7786,74.5348,68.3235,69.3198,not_cat
b11a0fd49955116b0e8d6a5449b3985f,67.3131,52.3976,48.7214,42.0459,38.1233,36.5225,not_cat
99180dfeb6825e455cae167e05f190a9,114.4063,122.7892,67.6271,55.9511,50.7251,60.5621,not_cat
417865fdeff7fd5637914a0e2dcc24b1,113.7176,133.5761,105.1176,58.5861,52.0938,67.0669,not_cat
dc21ab64caf73dd25889d8501af3be3d,121.8002,111.8599,105.7752,61.2127,65.8179,71.3687,not_cat
6b3c937d10ef1f96c30583a0c6b0dd05,120.232,83.4143,91.4008,62.8517,64.4691,67.5763,not_cat
c2216ace605435ae2ba0c1cb1fa3b6e9,130.185,126.9102,119.9012,79.3061,79.1821,80.4516,not_cat
6e664072adbc5ef0cb8e2845665f1428,167.5238,166.9078,165.7292,50.6802,51.34,52.6897,not_cat
35e152ac9fbfc70b8bd43ee4adc53a51,99.098,84.7162,90.3089,50.727,43.9673,47.1054,not_cat
a7d75e29a0e7d716765fed5cd61be780,110.3953,110.3953,110.3953,85.0861,85.0861,85.0861,not_cat
53fa767bee088ffbc020f5296cdc94bc,143.483,146.9834,154.1565,45.4494,49.5752,56.0764,not_cat
ce3624e09397def69f420b9f7e996c2e,84.0611,88.5886,92.5899,78.2827,71.2394,65.6578,not_cat
c7181b90b1b7a3f6ecfa03fc06dbc14a,99.9156,95.2279,52.3189,56.9358,59.0237,42.9578,not_cat
9c5046a2610a63289695fd0853a71c29,135.4814,117.8451,91.4118,80.7761,71.8748,55.4328,not_cat
7fc4f68ede11b4aa9350b9dc3c503c65,61.6488,46.2915,35.2281,49.7849,44.983,39.7651,not_cat
7e60ed53ce08bb8a9e132ff46c4639d7,135.7518,83.796,40.8317,42.9749,36.1291,23.5848,not_cat
b0318461a23d876b7c8aca83f93298e5,154.0071,154.0079,152.3218,57.1669,61.5449,66.1316,not_cat
df95691c1afef166845f7a7774b959d0,135.7514,88.9047,70.9534,38.1535,46.547,45.2685,not_cat
9044f14388c6e0378775bd9c97509de7,107.1822,82.9242,70.8855,76.828,79.4833,80.0992,not_cat
de71a92d647dee93bb0eac80eb406d31,105.8301,105.2962,86.7112,82.3635,73.6551,75.6663,not_cat
8db4b988c97604b8fe6fd0f6be915068,105.0893,139.9461,79.5002,53.5145,66.138,48.1434,not_cat
c0bb6a3564826db15a7a7014fcb5743d,173.6709,204.8452,212.2975,54.1588,37.2134,42.7807,not_cat
a7081e6c301c8e150e28052e852106d2,116.7236,114.4874,110.4753,66.4995,62.1813,58.0783,not_cat
9bb39be7c0acacf1000b43776fafd33b,124.5898,152.5309,95.406,67.4838,61.9512,50.3235,not_cat
90c6c605d322aa05044645698306720d,62.1569,49.304,38.3825,70.0273,59.1356,55.2316,not_cat
6677f2b888fb0799c443023ead34b8b7,99.3166,79.9865,81.7382,73.4201,61.9419,62.4293,not_cat
4284f818f387d9158d0919ace5d789a8,94.3305,80.0493,68.8644,51.2138,48.1121,44.9512,not_cat
9a775d9a6bc849b00d440f6958827ed4,101.0107,98.2237,95.2994,75.4914,72.8033,71.8026,not_cat
c7aac08fb0ba41a75e1fc407b1222f22,141.9612,173.3034,148.4759,81.9176,70.5934,82.5352,not_cat
83b510731917afcf9d54777d6c41b536,122.9646,113.6643,105.1072,66.7846,62.5598,61.0973,not_cat
9e9e373593253fb8357e75f9a91d5dd3,106.3084,90.6293,81.4106,76.6342,64.4583,52.7858,not_cat
31b5828e36ca21257cc9045ce879aec7,103.5365,73.545,57.0975,48.2884,49.2794,52.2849,not_cat
ad3252ab218b5d3d1af7e79b34396aa8,140.5543,131.2574,120.5027,51.5969,57.6722,76.1782,not_cat
6aff7d65051d4abb5d5c8402bb5aa428,129.4632,127.086,74.7137,57.7137,47.3262,63.2763,not_cat
5aa5e5c3bc3d8d5addc2fac502dc3922,118.2957,120.6222,99.4056,65.5899,65.5139,69.7045,not_cat
27e8310c6eae0b82ba5b698464d7365b,108.0465,97.6979,85.3668,63.6593,58.3458,55.6065,not_cat
0c1346c6f8cd7fe38854bbb227a98b18,216.3461,213.1536,207.8147,52.2626,61.9843,70.1202,not_cat
510c1b6d23a609bd4bc7b630860c3c20,134.9436,122.9977,116.8932,74.3805,72.3581,74.4093,not_cat
bded641fef1341c453f9511a37896b30,112.7311,99.0503,90.582,65.1143,65.7084,69.1145,not_cat
69269597595572e7480ff627f0a843a5,189.1788,155.1096,148.3274,46.1488,75.2816,75.2447,not_cat
0d394d957daa7f991ec6ab3e90a4958e,112.3325,121.3046,104.7208,68.6735,64.4263,77.9334,not_cat
b8be6a341aef49bee9a16e1bcd9f0353,137.0909,116.618,106.636,57.0866,60.2376,58.5377,not_cat
0444a65a431ccb44b4941d39198ea242,97.6245,108.8167,66.5979,68.3285,63.2136,78.621,not_cat
bebc6bf444003da74dcd1af2737f68a7,96.9158,93.5798,91.7138,53.6514,54.0172,54.4909,not_cat
9c16fd73374cd5cacf1dedfb910d14e4,111.9813,108.5533,104.0605,49.9905,51.0119,53.2975,not_cat
ff3bcfc5d87c7dd3d909aeff65a3dab2,186.752,180.631,175.9879,79.8642,81.8194,85.9577,not_cat
76ff7954c1ea1e2d32a21b89783a7f8e,78.8666,99.3968,50.9018,44.8809,36.6387,37.5973,not_cat
10319a22c0b489975290a831fc2f6f4b,140.8799,144.9571,144.5422,82.2704,83.3853,82.7129,not_cat
1dbfa680dfdeb52e030cbb5dff34cb90,98.9413,95.9914,89.6451,49.622,53.1373,53.7589,not_cat
93bd24714c49f343d2bc1d26d156fdc8,115.2568,116.5004,64.3452,72.852,63.7583,59.8558,not_cat
94ddd766d228148042a098b2953c6b7e,135.2969,129.5393,127.4207,66.1606,67.0589,65.2349,not_cat
e864ef19f396954ea0ac67e8df83a232,139.7254,136.6743,127.5047,35.1571,35.7233,35.8092,not_cat
625325cf878a226689be56ca5e5daaff,108.8768,140.122,106.8627,59.1091,70.5288,67.1358,not_cat
eb35e9ea06c91dcd244db60064469cce,86.7773,87.0843,74.5311,59.5518,60.5162,61.9916,not_cat
c93b24d802f0c990e6f41e89964588e6,91.3946,72.4261,62.9685,48.8348,49.5523,46.6945,not_cat
76a1e2f4519fc67666e0e8a5a22b4ec2,85.3733,90.9629,75.939,66.6266,64.7534,77.4461,not_cat
7870b324071eac4a9f820d9da06775fd,135.3446,97.9363,84.4644,50.9658,55.8072,58.2529,not_cat
1c6338923839300731eba6eaf728aa85,69.9696,65.4987,61.3663,51.2829,55.3477,59.2049,not_cat
853e9ecaaa112c61782347a0edb06dd3,103.7033,107.6713,88.4182,63.6101,63.5124,66.0745,not_cat
d0353059c19ccd8c1810447df69a2f26,115.1523,118.821,86.4483,73.683,80.8724,57.2347,not_cat
5092dadac6641b7e923a1595b46ac8a4,98.2852,89.8189,91.6892,55.7392,51.0024,62.7941,not_cat
a5dcdc69be91157465c5b9324fbb96f9,125.0085,84.509,57.1042,55.8577,52.4676,55.2173,not_cat
d8355a7ff99b1286991f94712327b879,205.6201,199.2753,198.0696,43.4317,47.5036,49.924,not_cat
e2afdff81c043883e44426850d2ae1e5,125.6228,122.6205,97.3714,64.1886,60.7709,56.2008,not_cat
88dcd198ad0cd5ef99635bc775e5f255,170.5278,127.8883,123.7795,62.8681,65.3833,58.5679,not_cat
eb1d57703ad1fdcf510413c6c49d7cd1,109.9413,86.0807,89.229,63.574,70.5175,75.5348,not_cat
687b1c1b05553993aa13cce7dab8683b,131.8406,129.8548,127.0287,44.5929,50.127,57.8869,not_cat
193bdcc1a9bb2bb7129b2e45232dd5c8,92.4284,76.9728,63.2857,55.4367,52.0455,46.5414,not_cat
85c31a242d3c7deb5b79cdcd36da0ab0,116.0113,98.9344,83.0818,61.0215,62.7898,66.157,not_cat
78d78d0b349f206ef74603f930653bd8,136.5463,131.1127,117.5644,45.9018,52.4758,58.4276,not_cat
a4b502391bd18a7f2a7fa863a41c43c1,168.5011,131.7338,89.8907,66.2573,68.0062,60.9404,not_cat
73508fb4f6a2b78d722383a9c24f90c2,74.256,121.2481,87.2082,55.0578,43.2715,45.0237,not_cat
9b1669ed42930d30bdd3116fc4859030,103.0674,121.276,84.9262,50.3915,55.8629,56.6606,not_cat
2e05be19d8fab5cff56ed01cb30a59fd,144.3595,149.9428,131.3775,89.4734,90.7976,98.888,not_cat
d854ea1eaa62977b7efa33bdbf0c22b2,104.1644,91.2396,86.1085,66.3248,62.6891,63.8185,not_cat
5db4c8db4c7b4e63e97bb4b59f192541,87.8236,106.7861,51.8831,50.6942,37.7687,51.2105,not_cat
3b94a78908d34c2e20a6eeddcb8d5cde,73.1792,63.936,63.9611,28.2738,28.3588,32.1413,not_cat
63d7aa2c2919dabac34755b3e899dc34,136.3329,130.9759,121.1738,66.294,66.7803,64.1264,not_cat
ad8be46a5e778c6d75959c1ef8941332,108.3356,97.0601,92.5468,64.0542,59.4189,56.7929,not_cat
c6528b7fa1eec6f16f55e96369dfec54,152.9294,147.0831,104.3185,71.3791,74.0355,72.5103,not_cat
57d15176f233ce67cee7596e81331bfa,141.7594,108.8869,73.2525,65.5387,58.3643,51.1336,not_cat
b6299614365a3ea5e788f94eb6b34c6e,184.3266,178.2313,182.4044,56.7886,60.1816,58.0225,not_cat
1e362dc3530c32619b5a18649ddf5710,114.7133,112.7281,110.631,53.3165,53.3469,51.7903,not_cat
bf3e543213acf884f28461bf42effb0c,114.134,111.4292,100.1559,60.3789,61.2439,62.598,not_cat
41e159c01dd1f7512c4bc58daead329e,97.3144,94.1445,88.168,53.4011,49.4728,48.3685,not_cat
84cdf5ce95c548f694d3e6de0557facc,182.2929,115.6275,74.2454,66.1616,52.6786,55.0232,not_cat
0dacce5a91a654de922add5d3c617747,166.6053,171.2488,160.3231,66.5869,64.6981,72.7503,not_cat
8aa834489cdebf33f4d2df9d41ce3698,77.9584,85.3136,48.398,49.0721,46.7748,41.496,not_cat
b5096563a8783a3293cbae33245e70ba,139.2776,123.6743,111.4507,57.7174,63.1533,69.4149,not_cat
258436f0739109ccc725c3a1a73829a1,116.5372,133.4598,79.1341,38.781,48.2362,32.7272,not_cat
afbd603b34293fd8320fb2a45324f7e2,126.7292,120.3125,102.573,78.4349,75.9185,70.0073,not_cat
b7a18e5242e30075764ee9afc2b67a90,143.0732,146.9286,145.151,63.8901,63.0102,73.6115,not_cat
b90201315cb594296dc793103aadd32e,149.743,121.7268,99.1009,49.069,56.6389,64.0447,not_cat
97262ab3fce02b3bc6c642359f638d81,91.5377,91.5377,91.5377,51.8359,51.8359,51.8359,not_cat
e29a05976f1e15478db0f6ef06d92d1c,122.5687,92.9237,67.726,62.3936,50.1974,44.7472,not_cat
653aaf5aa747109a822e1566141b81d8,111.6811,126.9075,95.1744,46.4843,47.1934,56.2206,not_cat
1739e4c0acbe92e46e3b27f7be10b068,87.38,70.833,63.1088,51.583,40.3977,33.9508,not_cat
f885480ecca336d7e2a961ccd3ca87cb,156.6387,122.8757,98.5978,52.708,62.9743,65.27,not_cat
b0a0e6a14b82962c433392e4e290cb75,109.0488,109.1959,78.2678,68.5418,63.8464,69.8865,not_cat
4804116b63a9749459567303efa83355,103.7867,92.2035,76.2038,52.6137,51.3788,50.8535,not_cat
55d79614bc34a0311ef2436ca3113a73,108.1159,107.7975,107.8508,48.993,48.9378,48.9063,not_cat
50ad2355c22471952bcf8b0ce9c99988,130.3636,118.301,101.7292,82.4958,87.4372,94.4995,not_cat
c92cda60970edd4e2bb44f7003cfe76b,139.3024,124.4672,89.4429,47.3017,40.3338,36.2637,not_cat
3506effaa16aa23331660fcc5536f309,107.8928,127.1647,61.1745,45.5743,45.4298,43.8892,not_cat
666364949b328787df88d654fae55cb2,170.0853,166.4646,162.4484,74.2617,80.1772,82.8858,not_cat
e214d69f3c4e53fe39fafc66aa957a9d,112.466,88.0375,70.4824,70.1782,75.221,80.3692,not_cat
fd559c8f66901b22e7e31b09a149a116,93.0626,73.3882,51.2132,71.6352,60.4463,51.9883,not_cat
ecf996150b9f7115d8bafce19fbc2efe,159.383,159.8382,158.8827,83.6801,84.7247,84.7873,not_cat
0dae865a03748d1f57a98cf586391c12,109.8992,121.7081,56.6953,49.007,47.3079,42.0346,not_cat
a4b13792e3def838323b7a4af328f574,106.13,123.8326,114.5529,60.0899,66.3434,92.8227,not_cat
5fdf2ff4e5532083ba09620fa05b1058,141.2829,132.0452,139.1367,56.4395,55.4524,53.8416,not_cat
f64e1aa316c1d24bca4cf628b688c0b8,136.959,137.8781,107.2733,43.9163,44.7373,41.0434,not_cat
572c00531b3f2a922c21ff63224c4576,171.648,159.7359,148.1494,64.2312,71.6626,81.1286,not_cat
fd25817de52f71ac904b416ff4f742d5,108.8932,139.2298,78.5101,44.2458,52.6378,34.643,not_cat
54dd53ab2c05bdce6a73779a123ff333,116.1557,115.6204,86.1772,65.5751,65.4444,47.7665,not_cat
88861446c7f060d43e84248c8404b134,84.0263,93.189,69.6664,57.2346,52.531,51.9251,not_cat
a701872b73c72e815acf23adfac3640c,74.4347,62.2991,44.095,52.8485,51.8972,48.7376,not_cat
34f5f9f3a56588eae97a6bb5545eb8ee,184.5861,179.6444,174.6964,66.5827,70.3632,76.3811,not_cat
2c3036d6215ccf5fed12f0d8bfcaf498,166.9714,134.1741,116.9886,82.5459,84.5448,86.879,not_cat
3c024c3f89b5b4e46eb7b68e4120444e,89.8714,78.1221,64.7013,53.7479,54.124,58.05,not_cat
4edc5b3bafa71533a8a0c85f182f7899,101.2217,94.1874,89.0329,95.0641,96.58,96.2793,not_cat
703245606cfe843c459035461c867ec3,153.8998,153.8998,153.8998,97.9999,97.9999,97.9999,not_cat
a61dd54470162c322ee307b7b46ea5fc,75.1674,90.8306,100.8702,42.2314,45.6202,46.4444,not_cat
f2810ab94436a3a0de3845a3cec703d0,127.7293,136.4804,118.6626,59.5035,49.84,60.3402,not_cat
79e6bd3b7dcd40af1999652f94faef68,116.552,109.1515,100.6231,69.4885,71.6922,74.9612,not_cat
a87c5ade02dd00b2f394ebd57d59692f,155.2379,137.1893,115.5389,56.552,65.3743,76.5382,not_cat
b28583936a3ff38e5ef0d223ddb44309,97.8249,96.8644,81.9002,63.2116,63.7828,62.4557,not_cat
e209fe0ddd60f7cbd8c8da6a3790b8b0,100.0799,111.6385,66.7226,56.117,50.1115,60.7708,not_cat
d91507a5d1d0ff2fee16fd1a2eb16a07,122.9341,98.1526,80.1448,53.9071,59.874,60.1516,not_cat
9413e8d02800f27507b8f9b501232cc3,117.3669,112.812,114.7599,65.4959,63.4871,60.2544,not_cat
69fa64ecf80b25c26f3c9b2d8b32217b,112.8735,96.6978,97.3275,72.7569,68.1958,67.2213,not_cat
89f970936e2a4ee300cfc1160b3130a5,80.4392,56.7362,55.4779,48.0582,53.1113,52.4274,not_cat
f4597ab103344c7c97fa0261ec272377,105.222,131.2633,72.4476,54.1118,62.007,41.4443,not_cat
b6774dd9db1727e600ac68e8128136d9,185.4175,183.6223,177.6631,33.4654,35.002,41.243,not_cat
cefa3d19eed2d313c673d9d2354864b4,167.8111,154.769,144.0081,84.6629,94.1825,102.8179,not_cat
064eb2ae44b020593066077e17678a42,158.886,151.6347,142.6764,71.335,74.2472,76.2961,not_cat
1a4dc7d7a6022ffb6e7a18f837274f0b,100.9173,100.0769,87.099,75.9827,75.3864,68.9142,not_cat
5fb7b9148302f77011655f8d411e03f7,105.6091,111.7818,92.9516,69.8212,62.8382,69.8473,not_cat
8ad13d9bad64c901e39944b652964a07,83.2435,82.1266,73.5218,55.479,52.6381,54.8934,not_cat
374c941f610f1d7b08f65ee5cba6da6e,121.2696,147.1288,92.2436,66.045,53.7406,45.8027,not_cat
71f56693abdd5f5673a312e800e07295,143.066,139.9588,130.6573,64.044,63.0401,60.5537,not_cat
32ee7e7e4778e0bb4033c49314c85bed,117.5448,97.649,71.4696,66.9382,64.1427,56.8405,not_cat
e0245462873d73d90ea14498ba60e32b,89.3613,92.6167,116.9074,50.4593,51.1227,68.8257,not_cat
797c8991e8af9e3a5a9b237413f50e24,141.2888,141.2888,141.2888,58.8303,58.8303,58.8303,not_cat
4ad1cc662cc4022a9d039d1db3109c50,147.2573,129.6397,115.9176,43.8483,39.7885,43.0555,not_cat
7599ad1f30e08126fb0ce83572f4f6df,94.3381,79.2196,66.2938,45.358,44.1726,44.0844,not_cat
9ccdd1df9303052e3b13385cf9c56e25,137.3568,123.6961,106.5341,48.1531,47.981,47.8674,not_cat
d71f857a89649b9f35839175b32c474c,137.7398,137.0923,124.3902,82.0008,79.974,72.7214,not_cat
7d5d36264a2a112f22334a949901a73c,87.6347,87.1188,78.9631,48.3143,48.6476,54.33,not_cat
7cec05f3038b58cb6b90b34cd5ceefa7,133.6863,128.0138,107.7309,57.4312,55.5947,54.6107,not_cat
dc9eefc13ca94d72db5b0ac4866768c4,216.6315,208.4529,198.5489,39.8416,42.9072,45.1379,not_cat
0d52dfa1e9067f518541221155e39d81,148.6602,140.8593,126.9022,89.6553,85.6066,71.4007,not_cat
5e1542609d6c5a0d916194c7d6f11bb3,123.1983,122.2327,116.9821,81.0252,82.314,82.7957,not_cat
efcceef55098b685e3716687325d0a41,76.1613,75.2421,61.7932,71.1652,70.9937,63.7206,not_cat
6a60a576562a79aa07890d47ae645227,139.9772,127.7136,114.0053,54.5592,59.6723,65.2652,not_cat
8b87412c1ac76f6c36ad8bcc2ebfbbef,81.6732,72.9781,61.1165,47.3719,43.2969,40.1539,not_cat
fc57970d2ec83c0debd9fc531079317e,118.4067,114.9179,109.1001,81.4859,81.403,84.9289,not_cat
eed4aac49207e72754bd3d3bce46f829,157.4273,154.4879,150.2897,84.5179,85.1382,84.7239,not_cat
97a79b750be3f8e9a1802a83a102c8cf,115.9617,109.4391,110.8045,62.8619,59.3882,57.1388,not_cat
7a4728d103e6e2cdcfd986625e965e1f,186.8241,175.6111,154.1654,30.3553,39.4452,50.5827,not_cat
4964650e2636b1cc110b3da06c23ab9e,126.1294,121.5489,106.3207,62.8264,69.4759,60.7662,not_cat
2bcec26540313b9ef5064566dcdc2458,128.9734,105.5053,61.1521,47.0011,43.5771,47.5846,not_cat
b71aded8550dbfc4b898910303ab3a2f,89.9639,110.7988,68.0156,28.6811,32.0262,31.7063,not_cat
53e61e95dd71038a9b2453830655a006,116.3815,128.5668,84.7049,71.5451,67.4466,79.0416,not_cat
f6eae2bb1ac863d4d9295547aca4d46e,138.6085,135.9433,136.7019,65.667,68.0359,70.7259,not_cat
cc3ffd5fb73ad0217288a04c5bf44c33,149.7372,139.0489,128.6312,58.293,66.2011,73.4076,not_cat
bced4d76d2d4cd6e3e467059c8b4511d,128.6312,129.9382,131.8139,79.249,79.2848,77.1767,not_cat
ae7b5b405deaba30ae5ff3d4d6b00cc3,113.8188,87.9137,63.145,71.2991,64.4971,64.5987,not_cat
f5c3c780dcc7bd866d1c6e5c4154d229,120.7759,113.7521,118.8763,74.5469,71.5225,69.1004,not_cat
157d29481e723d2ae79869b38f9e3fae,88.5897,48.9309,21.1722,45.9122,32.9138,25.3644,not_cat
08492200229653d3d8dc5729c82c1ec7,77.2985,66.2688,61.5465,62.6834,58.8538,59.8788,not_cat
93b1451307d1f05ddd396ac64a05c205,122.7112,111.8809,111.3487,51.6021,49.699,49.1683,not_cat
688389ca0e80389b1c86419e6240390e,128.7593,128.7593,128.7593,78.7683,78.7683,78.7683,not_cat
6f49065638064e07e3a4177c6a808ebb,118.8824,123.1189,119.9666,59.8282,62.7763,66.854,not_cat
b4b4fc65da91863be44e2bd6afdb4289,115.9348,106.278,73.9008,47.3273,40.1812,50.7413,not_cat
cc236d7be9663bbed177376e9f81e41f,132.5526,116.5785,87.2942,73.3545,73.3465,74.7895,not_cat
90d421d966442c9df562d104f1d81bc0,155.3235,148.4747,142.5073,37.9299,44.3242,51.7528,not_cat
8df9476078e64be68ee466a47d00f949,112.5092,85.6393,58.5033,78.377,59.0749,49.8206,not_cat
c04acd718038ddb53e60af7ed5e98af5,130.9093,119.2337,105.1429,69.4191,62.5405,61.4031,not_cat
63e3e9644082467c759c0a04d49090cf,127.9774,117.9547,107.6449,72.337,70.7532,69.3518,not_cat
18d3897b1637f7469bfbc8c5a5e3edcc,91.3196,78.4493,46.9197,44.2746,43.5866,48.0676,not_cat
b6ebd27802270a3fc635a3dfe091eaf9,63.0021,53.6944,48.9468,70.0044,67.1593,69.1879,not_cat
4bb50777c6ebc4952b495277ebdb045e,125.842,85.2793,60.6913,68.0087,64.8901,57.981,not_cat
9954156315b510c74df1831a6b8a434d,148.101,121.7537,98.9265,57.1354,50.0304,43.9883,not_cat
d29a2cb2186fc5f645321b2deedb1e81,190.4968,178.2922,157.1898,32.6518,37.0501,48.9049,not_cat
c9a3235be41d9772582ca0a51a559d46,110.3502,79.0663,37.8123,64.3132,44.538,26.2008,not_cat
336d2b479655aaaa9fa2c7a4f4e6b2f7,74.682,75.4005,69.5032,34.0439,29.446,28.3786,not_cat
b2ea6bfef2ebe00b7085deb497f87a8e,160.4695,130.0431,83.9497,96.2376,81.2917,58.3391,not_cat
5c17a02f9c24552930bc7771da382a2e,144.8035,143.8048,140.5212,50.1933,51.8176,52.9517,not_cat
5513cd57ae529d57fbb033ad52aa732b,69.0783,69.4812,47.7427,38.8518,42.9671,37.132,not_cat
a34eeb27d9d0f24177ab6ff32970d43d,126.2718,122.2846,123.83,36.8785,38.103,38.393,not_cat
e02e8d9a91c32c55f4966b6260bed2db,184.6644,176.6036,171.0629,60.9697,66.8852,69.2855,not_cat
c7bb3150073d24b642796b7a5f4af7ea,133.4769,133.1627,129.5979,68.3763,68.6409,69.9148,not_cat
9dd0c0ac2e783bd31047c6d7cc3fda12,98.2986,106.9678,110.3102,66.3475,73.8478,77.6009,not_cat
fc2f4c606f37a96b70f1e9168610f447,107.4588,89.7987,66.7723,55.1975,48.5541,41.2409,not_cat
445cf4b3fca8bec21798bd4137ebb6de,123.8262,102.3336,80.6157,56.2616,58.784,59.1773,not_cat
769472f7f01cbdb0a52474057d01bdae,126.0745,148.0904,169.0952,55.608,69.8609,86.6205,not_cat
44c19634daa325f7f9982a59a89b6923,100.0601,88.061,84.592,64.2032,56.1784,59.0722,not_cat
e97ae6134a2d7111c7005d7bec244bcd,137.3947,140.8451,142.2847,50.0153,56.9937,62.066,not_cat
a109c0530cd9b850fc91454c02fe5ff1,153.2742,142.3391,129.2944,87.9931,78.254,74.8297,not_cat
becaf92b4f6fd56347ea9c60d054e448,128.044,121.7314,115.5857,84.3246,77.9952,70.8415,not_cat
adf174d7349b2718653c79e08a42c31f,181.7285,181.7285,181.7285,75.8826,75.8826,75.8826,not_cat
2910b2c0417f9730b3eeb8ae50ca199e,120.2233,107.6502,79.1383,40.0373,39.4186,42.679,not_cat
e94f02972d0fc0bb53fe5e1c0eb098d1,92.5929,103.0694,76.2985,64.011,60.4282,62.4211,not_cat
aa67137f22a985f06fd6897f7d919764,93.0914,98.822,77.3833,57.5155,52.9577,61.0873,not_cat
7866230d7db8bfb9c7b4802758252fb2,143.2079,115.1591,101.1628,77.4144,79.1991,77.6842,not_cat
0cf27ba54641022152a85b65a9a8c531,59.0282,64.0598,51.3481,60.6492,58.2637,60.3148,not_cat
ef23fbae454ceba1732ecea74f7c7d76,186.6988,174.7988,156.922,39.8535,45.8918,53.1355,not_cat
074b229ba77f566e3fc2095560a562a6,126.1265,127.519,114.0506,93.3406,88.578,86.2558,not_cat
9b6281bf13e796e7cb3c9979ed2b7a45,105.9362,94.8818,77.9176,67.2312,67.5311,73.1448,not_cat
64a36d51964d71d02e6a02906b5fd5ec,116.3183,102.0081,93.8278,83.2666,73.8802,71.5974,not_cat
5ae86ac63953ebb2e404c4a723cecfa1,78.8582,78.8582,78.8582,62.7219,62.7219,62.7219,not_cat
44ae63b8d4e02c587dc68cb5a34326ac,93.9123,97.387,93.4186,55.177,50.2693,49.9553,not_cat
5766410d79e11312bdcf6595522e2325,114.4744,107.5287,99.9939,65.1613,68.8363,70.6882,not_cat
d7937c584518b46a9c1282ea03bf7110,164.2521,155.4056,136.6853,38.1843,42.2301,48.4342,not_cat
fcf3b1f349c5a083cd4132cc07f8e7c5,116.046,124.2158,94.4406,74.6598,71.0382,74.09,not_cat
7f498753dc649d6b31060c6c426e1a98,99.8349,120.2679,143.1941,59.7259,50.0821,56.3251,not_cat
cd1c4e3cadaf6e49331cc5fb3042bb77,136.0725,149.4583,154.3351,48.5544,50.3069,51.004,not_cat
ff39d032db6e2cee61b8adf90fd022bc,92.7848,99.5036,76.0671,79.0528,87.0269,86.2442,not_cat
b73478dd4a2a88035b52c3ecf00e1cb4,109.6502,108.7142,94.0909,43.2815,44.2698,44.8747,not_cat
7ad16157b47ac4f6b68d85e5b9d308bf,99.7335,94.6482,85.6408,58.944,58.1719,60.1574,not_cat
8491314dc3722f4552c9df771f611c06,127.0513,142.7926,101.6559,48.7338,47.4636,51.1745,not_cat
1b5bc08014c6f8ae2a2a0cd06abb3306,82.6779,80.6699,72.3418,57.3971,54.4715,56.3704,not_cat
a9075bda38bd615eccbe025170fbe45b,143.4531,126.319,79.8377,71.8546,64.714,49.9202,not_cat
70b57b1d45e8d9026ed4e63695bf7373,136.9561,130.4703,119.9658,79.0248,74.6001,70.6301,not_cat
77091cb8958a6a6afbb3ec3ac80f0188,94.9232,90.5377,68.7198,45.9292,41.8503,40.5069,not_cat
a9a899a91535e47fa9a9126e2aaa67de,94.2857,86.6525,77.615,91.0148,90.7263,90.9345,not_cat
05970a4dbbac9da0c29592fc0e7a2295,189.44,162.7525,141.922,62.8128,65.3567,63.8958,not_cat
11fe887ed685537be887e4bb15b2c896,93.4662,95.8913,89.2931,44.8683,45.9273,48.7357,not_cat
ab99cc522bb4e03e10ae17c644e437f9,100.0679,124.9232,86.7731,53.1231,49.8675,61.1946,not_cat
a45778124a9c6240faa2fd84a0eab15d,110.0522,101.4396,85.1356,51.6333,40.1912,40.2612,not_cat
a07c1b8769e1be7d93e88b70f6f7dbc8,87.0261,72.9505,64.8447,66.177,63.4388,65.2127,not_cat
0c7af2d5aea424b45d225dd83107ab4e,119.0336,152.4635,104.6933,66.0249,52.2176,73.7009,not_cat
a141ab363b09b50869bd4f298446f549,127.9673,133.1076,114.7813,83.0522,79.7736,86.7263,not_cat
f4bef731c9942d421174e33b1950df4e,141.9835,109.177,95.6293,75.4964,65.1246,68.8122,not_cat
7123db31aaf61b382d388f22efb1dbb7,102.9698,101.025,89.8713,49.8146,49.9381,52.0744,not_cat
08d3f542317c5ead1dff129e5c059954,133.9254,122.091,94.5919,78.7164,72.071,66.9297,not_cat
95d4b7f3e0cfb8a07faa3e5d5bb27029,155.7681,119.7237,95.1437,86.4442,64.4175,56.273,not_cat
1a0d2643642917f79cc6e61fe12916d5,113.5678,103.7745,85.9269,53.0604,54.7949,57.3638,not_cat
82713337182dfe7685328af9ff2e8d74,107.4859,110.9062,105.7559,52.7288,51.7967,62.8768,not_cat
9d50858ae2ccdd08626188cf0f55ea1d,126.1103,114.4986,109.9657,45.6856,51.7638,60.3634,not_cat
2f3e455822b555cbb93c456fb7c90351,145.1754,142.6261,146.7796,57.6229,55.748,54.6345,not_cat
93614a9d0a25110d1573d4bf8d356335,121.6736,97.0991,79.8331,58.2487,58.5633,63.3072,not_cat
09ab81e3987dfcdaffc3647c240fdfbd,97.1133,111.8948,93.5236,57.7768,55.806,62.2786,not_cat
7e4eec357c8ab92c079538920525af62,124.5986,116.7149,111.6223,57.0171,55.4996,56.173,not_cat
1bc5aab80c0312a1b8ba1a5a477a9c51,104.1858,111.5397,71.2397,48.0887,46.7734,41.7386,not_cat
9551d4f0a5f4762c20d4ed1b8e034580,123.4177,117.1796,108.8534,38.871,41.411,43.6946,not_cat
d1516f457910db25a0f6f46e6c9d083d,122.9056,109.0227,96.5114,43.1846,36.9855,37.2583,not_cat
7a9f8162e1227425e7d0ed5a3cc7b085,139.9939,135.0889,123.64,58.1171,57.6482,57.6158,not_cat
1f02b5da951496e03350dbd0d579b320,85.0777,76.2658,50.9112,70.0466,58.6484,45.2126,not_cat
4210f13d9500121709c84bf3b0f58d40,130.4025,114.6466,106.6652,54.8597,46.689,40.61,not_cat
efcf22914e8d41fdd92b730d4fe6ba3b,112.9754,109.5673,102.5056,68.5223,64.1905,59.102,not_cat
b31b852547f389c2f201a68a07a9029e,162.1087,150.8056,142.6194,65.6864,64.3707,65.0481,not_cat
9596e52155e14c3b8188ab2b289158ea,129.8563,124.9047,109.623,63.2854,61.3154,53.8857,not_cat
651dfdb7cabb68815ffdfdc49ec9a5a8,127.8608,115.0067,105.1236,73.5766,75.3609,77.5365,not_cat
43b6a080b3ead45433c79c2401a61d20,96.5053,91.1474,75.3578,57.8401,54.6347,53.1519,not_cat
924dde147700d6ad8167e7a6194ef8f6,98.9183,87.5567,82.407,65.8181,59.5043,61.4351,not_cat
8a587281a5f46bf4e49fa88fa1e82e90,70.8357,86.0584,58.7464,70.9017,65.4041,69.023,not_cat
bd85057f40d6d544ac122b54cab40a20,130.7534,135.5411,100.2689,47.1144,45.1103,58.5677,not_cat
ba4efc958010f002ae12c954303e3faf,132.8859,122.9917,123.6715,53.4816,61.9984,63.7268,not_cat
2ea7267cedc57267ccc767199974f778,118.9462,107.2873,97.3964,78.5738,73.3667,69.3017,not_cat
ffa75e68e11f428444fbc23027ae9d04,68.4292,60.198,51.9954,57.8875,51.2218,44.9332,not_cat
446111c57854cdc0f05b12ae5cf273cf,123.696,122.7502,119.2757,68.4959,73.2234,82.0434,not_cat
113dd583ad03639edbed4b477400b051,192.643,198.7888,187.5331,34.0675,38.3885,38.2498,not_cat
48d097b93cc1d59a8d99da5077634518,106.0258,106.2166,105.3384,79.2804,78.7326,77.2945,not_cat
e7d933f6cdfd79bd9c41308563fca1e2,112.3776,108.2363,103.9957,40.286,35.1044,30.9906,not_cat
b515421601ab4f479e27b54f703b4bb4,129.8931,134.3661,124.0272,64.892,61.3097,69.3537,not_cat
46ad8971f5133d9334e820b5f49ff4e0,135.3354,157.8435,99.9291,40.8119,51.0336,37.1277,not_cat
0dad60b4a411b5f3583680f3bf8edf88,124.9488,122.8457,121.097,65.8131,66.9867,68.394,not_cat
4e0d79d21d23da68bf51eba4d36d5577,51.4593,62.1942,46.4293,44.2746,43.5259,49.2715,not_cat
2500b3de2f78d34fea576a7627c7ef93,126.8364,123.8535,86.2878,61.8059,60.1825,75.4443,not_cat
c357a99c669d7a20d2e513dd01fae1f9,141.8395,121.3682,113.2076,101.5338,109.3005,111.5769,not_cat
6c24cfa12a4cba66cfd74fd81025c76e,116.0435,136.4567,66.5041,44.2714,52.2206,39.7925,not_cat
2c2cdeb5e21fb3d477c3a12786eb1a2f,141.6415,161.154,97.3158,59.97,67.4144,51.9812,not_cat
2256a3eac98d9a9bff7df81db0becdbd,126.5473,127.4197,91.4743,49.7571,47.7874,44.7056,not_cat
fe243e2c6981f127666e223221463207,93.2846,80.0229,72.5891,55.3678,55.7241,59.0076,not_cat
a144e61d35c5d47dd0dd86e1c9557c6c,105.1464,106.2099,86.6774,57.0265,49.0665,60.2647,not_cat
55c1d71144d12512ff74d4546520883c,125.377,112.0152,100.9357,51.5904,55.0883,58.1167,not_cat
26583c5b551dddd8454fc715b170ba2e,75.1286,69.6202,67.6232,50.0266,52.7445,53.3709,not_cat
8adee49b3e9cfcfcaed533a3a99838fb,133.1728,124.0754,116.4283,54.6648,54.2925,56.3768,not_cat
6e9cb1ba665897fcb6e145e03d3785e9,93.3399,115.7474,69.4924,61.9655,65.0905,58.6417,not_cat
63ac46b4a5d33844cd3fe3381c61e743,141.4281,132.7464,126.0872,63.7547,65.2505,68.2313,not_cat
a92ddba1c72e81e14140deda2d3da545,109.0577,129.521,79.9278,51.9416,56.5184,49.0181,not_cat
0419ac4a537b37f0bffbffe9a9b9faaf,174.1807,179.2417,162.9927,54.4049,53.9156,61.2491,not_cat
9b661309595cd8941b16d182a5722b21,130.7109,133.8692,120.1695,59.0464,56.0943,65.2645,not_cat
cbe360fa24dbf803178ce322e80d2e97,137.8893,140.1386,129.6575,77.3339,74.0561,75.2849,not_cat
ce0eba058a02836865bf2c467889d856,146.7809,138.4266,131.0015,82.1262,78.7008,76.3407,not_cat
8a6bb0b9ac6fafd2ce4925fe0290ae4c,126.3566,132.6744,144.7007,71.1021,60.4431,57.0372,not_cat
022e64de57b8ec5d1537b019fd8ce6cd,122.1386,105.4978,81.5675,57.5167,51.1768,46.1684,not_cat
76173a5c51095aba5ecb7e89feea9dcf,54.5971,42.5434,27.3076,65.5624,56.9171,47.2745,not_cat
072be39f4a0308913619f4559fd0383f,57.6415,94.8468,39.0486,56.9996,44.0465,44.2003,not_cat
545715ee570469db262c2307df147751,89.4363,75.932,56.6896,65.3072,52.2886,53.1446,not_cat
088f1ee9386e4700573c2d4bbbb8a9e4,135.9783,100.2175,80.1436,66.1721,53.9639,51.4642,not_cat
0e9e9c87f734604419f9d78062c42db3,138.9211,127.7529,113.5676,51.4397,45.39,53.6567,not_cat
ac297107311cebd82d7f83aff2bb8dd8,116.4624,64.3855,32.5014,72.666,49.8275,19.4218,not_cat
28491daaffb0c2b43d22e754e14021b6,122.1202,116.9814,107.5691,57.9622,55.5343,53.2866,not_cat
bad9b156fd34aa5f49d3641c5377f2fc,110.5878,102.8952,96.0035,44.4759,45.7047,49.3662,not_cat
a652a34a831d54d6b814b1e7fc8c33c2,153.3549,65.8915,40.1177,40.2338,45.5112,24.5237,not_cat
97b95d6a95249a56343f8b1cccfab9e8,148.5773,131.2887,110.6042,52.4857,59.5676,67.2903,not_cat
3d08259174d152f681ed29808a694295,135.4153,115.8658,95.5506,43.394,40.0064,42.2067,not_cat
1a30a15fec03c81fbb18b36ed3edaea2,135.6289,146.0254,145.9783,67.9074,60.9897,70.1064,not_cat
cfd7ce4c29b6de0404c505c6a77e0560,125.1096,124.863,117.6039,62.2362,61.1279,66.7391,not_cat
6d64633f5b9e4f9e932a810c2967b000,92.8453,94.5091,57.3551,62.547,58.0822,56.9735,not_cat
4788bde2ebe749bee517716f085a35db,108.207,98.7908,92.228,57.4093,58.1357,59.0824,not_cat
95e319ce52669b0f63beb3c322b6de29,92.2474,96.3655,63.8277,55.2176,58.5505,53.8131,not_cat
f39eaf4ab80d7a95620bce257cfc80df,92.5559,96.1286,94.16,78.7699,81.7231,91.2937,not_cat
7b62cd34b363d71f65761f713522208c,55.1351,54.2078,45.2507,49.8037,47.5037,36.2066,not_cat
18f6be5bed8b9392228f7b3fb4e2d8e6,143.2896,132.3423,122.9254,60.6302,56.2926,58.5335,not_cat
7cc5dfc9bba7d86f5718f043fbf34409,104.5823,111.6178,80.6774,58.2737,59.6045,44.301,not_cat
44f71f966c9b6b15ee78770d3a385572,134.3696,121.0475,122.807,74.1171,74.2197,71.5344,not_cat
29d97e321ed93b4319af4f2619c4e9b7,138.5363,147.417,142.2246,45.2086,48.0911,51.4413,not_cat
aee96d36ab347a228097734a2840a065,74.4399,60.371,54.4873,52.8471,44.4658,44.9596,not_cat
cc33c85393b64dcc0742e7b1b41e13c4,113.3534,114.8635,108.482,50.8945,54.0186,56.321,not_cat
d7cb2f0349f4c70aff851938ff020710,162.6692,156.6478,152.991,82.4022,84.7711,85.108,not_cat
a714e98eb829d969e95926681e356d15,155.8238,168.4641,170.484,47.874,51.8553,56.4921,not_cat
a651f55e71d0bf118d2f0e735ce2ba30,159.143,153.9984,147.7017,61.7486,66.1568,70.8161,not_cat
3ea3a3218512bfe7633b0631ffbe3b88,76.5787,65.4498,58.1841,53.982,53.6575,56.471,not_cat
23271567139afa6f392fc8bc1af61d24,141.5792,80.0461,40.732,65.3145,56.7229,43.5214,not_cat
bc1d4006181f49e630af3e11c9534f13,160.9902,147.9242,142.38,77.1276,86.7302,89.1522,not_cat
1fcab3990c9df01fdc98484974607235,162.2231,90.5117,81.289,50.3285,46.6351,37.0484,not_cat
b9c27ef22d1494fa2e9c3ab74d025cce,133.9348,108.2819,98.7487,76.9702,65.5344,63.7076,not_cat
7fc642b3d9b0c5ac67048fa0e32d2fcd,104.3856,109.9512,111.7328,54.0449,54.1799,64.2159,not_cat
b133519f426e192459304c658ce16943,105.8031,93.4493,87.1463,72.2765,70.6045,71.7947,not_cat
9b4079a9d41739f1bf0336502dfcbbe2,153.4919,165.073,119.4531,58.9001,64.4766,48.41,not_cat
aeb7e9f8989420a7fa863e1748d7c662,110.4322,79.5345,50.7104,67.5843,55.7283,47.38,not_cat
2bcfab8943366ab0016901bf3a53144b,102.5355,117.6374,83.3178,48.3766,45.4586,50.329,not_cat
0e248631b1700caffee4f00368e9a970,133.0251,124.3629,113.6947,73.7559,68.3944,62.1236,not_cat
3602a7806f6cafa737535902d9a048dd,133.4865,130.1616,120.5391,87.1009,85.8814,82.4999,not_cat
8b363f64df296cc6c173c9b55c99ea26,132.9696,131.369,99.6415,69.7667,69.0032,73.0208,not_cat
688360a3142537df8c54237e33359d7a,118.1277,69.8131,38.6703,72.9362,54.6449,44.23,not_cat
f0f93631d90a70c65b275d07579e32df,63.3661,51.4943,50.3089,39.9475,42.9665,44.8479,not_cat
88443e54a30e9455a2a0fcf789626de8,163.3668,153.9509,149.3988,41.7934,44.8871,48.3102,not_cat
c4b4143f62cbe9e4b242eda1c86828c4,126.3499,120.7206,113.9899,64.6992,63.414,61.6284,not_cat
65c906f82a62c9d6caef1bcc970a9f49,189.9191,184.2358,173.741,32.6222,37.2465,45.0506,not_cat
3075ea0f0f40d6edd76cf64452432efc,138.9268,141.5442,116.0541,56.7475,53.1185,67.3278,not_cat
fa95d1c2f2aaa583a47727a40ff4680b,132.0554,131.1613,124.2365,59.0337,57.3756,63.4571,not_cat
503ca88b6c96b0197e570d983fabaf8c,125.3529,95.8385,76.3878,63.1717,64.2395,62.5732,not_cat
b763f3123ab08c9360c485f7d4924ce8,126.9481,127.0244,127.8581,52.973,60.2556,72.1102,not_cat
cf3fd02c550fe20aff7bbf0c29846dda,147.7914,109.6337,98.2134,75.7097,72.6635,85.2704,not_cat
002a6804e4bf108583872a8524265ae2,138.8618,133.6287,132.0339,42.6154,47.0323,51.5909,not_cat
7c18962e28c3c41c732e62b8045734ca,138.7551,134.0612,122.6677,77.0143,76.6708,76.0202,not_cat
c7318ad40ab442f90332aa7e0251a265,121.7148,123.8291,120.5625,57.2413,56.7691,62.4025,not_cat
61788807bb5a8ac5c4953730af98e4d1,168.5482,155.1842,140.8165,58.067,61.6273,66.8349,not_cat
ac50ac7dd58cca663e294484f063dff7,141.5557,136.7465,134.4887,55.3748,58.7366,78.5592,not_cat
306254dc76510e73ab5cee8e7d50170c,121.6107,126.4205,130.5033,55.0161,57.4995,63.0629,not_cat
f6f19b083bed9f31a66a77087f1bb086,143.3747,129.3685,115.714,56.0,56.2289,56.4806,not_cat
7938f5a42264b8b2f9f46cfd77189762,83.904,85.953,67.7381,63.7137,60.2065,60.3742,not_cat
2c6688071f6af2bef75e872b6ff1d9bf,228.7939,225.0387,216.0682,41.1742,42.7788,49.5496,not_cat
11ac1520efa6c24ea552b293b5652607,109.0783,111.1854,111.0643,54.186,53.6462,57.3288,not_cat
03a87e1e833dc2f5ee250d725022fdcf,152.5065,130.6868,108.7688,46.8897,44.0908,42.2233,not_cat
f9ffd1bef70e7c44d55650819f5df6c9,93.3007,66.0498,50.9797,59.6517,53.7206,54.4329,not_cat
dd4a305f5deb7183b0b93b9eca09770b,108.7359,103.5537,102.4425,60.7101,65.5304,66.0375,not_cat
b785ae8b83a2d385325286816f33e2ee,104.803,108.4329,111.3008,81.4253,81.7514,77.7015,not_cat
c9cc677091c374c7d9775c534a954d9b,105.0414,79.8448,64.3517,36.7416,41.2225,51.7852,not_cat
4f49d36f98f06f5fee6fc7b95aa52e77,143.8928,144.059,126.1906,58.1475,63.9073,80.7276,not_cat
85b4cff75c8b5e32beb6415350a6dc57,184.9789,170.9678,159.6315,65.4357,72.6424,75.5504,not_cat
1ac652a2d4126003e78e3a3e5898f085,124.8132,126.6256,125.5281,62.5221,62.9683,61.491,not_cat
46db35a40b82579f203847f539cba093,116.297,114.2827,106.8536,56.4655,53.9791,46.8394,not_cat
daaf4f23036e83d0adb821c18158033c,148.1873,123.7995,109.1365,70.9869,61.4805,60.422,not_cat
1fd4080812d41e85af290e265ec9ca9e,93.8224,128.9106,61.3676,56.8276,61.236,65.5328,not_cat
87238b5ae863dd569fa00df3d01fb358,88.9093,86.2942,83.8531,55.1243,56.7196,58.1129,not_cat
35e6dd20b7a132170d92d4bec21037ce,179.2803,132.6735,75.4344,58.3934,49.5686,46.1887,not_cat
184e7a797f268f8f89adad60f52685e7,124.8538,132.0348,121.8666,47.9915,51.5487,50.451,not_cat
40ac2df5dad08f3e6b336b76d278adcf,136.2882,136.7521,113.4098,50.7291,49.958,65.089,not_cat
8f597a9ac344c052169ddb8d76596adc,157.2931,173.1695,193.805,44.2024,38.0356,37.2986,not_cat
9fd53e89959f1814b8dc742823f8f24a,85.0083,81.3873,69.4533,42.4697,43.344,43.9969,not_cat
429f670382997df53c240a711ddebab2,127.4372,140.4946,89.0605,75.0882,66.9187,85.7374,not_cat
6a40aef0128fad938905154c7307d87b,111.675,104.5607,86.9946,73.47,67.0963,58.8487,not_cat
1c843ec2872a525840244576c743403e,52.3046,53.8536,45.5812,38.7781,40.074,36.9524,not_cat
13da082df7b674c5519be57d3514d89d,104.5574,85.7064,51.9421,57.4109,48.6752,47.581,not_cat
618b74dad4a8d875796d5d9eaa19dcbb,80.4486,78.9285,73.4387,26.0042,24.1172,23.8971,not_cat
12042bdf1fa64785162fd07dfece9235,157.2315,154.6741,146.3544,52.3031,52.5674,54.2175,not_cat
c8b5830d23a5e985da9cc2a9683d4ca2,103.0009,110.175,82.178,83.6552,77.1063,87.0275,not_cat
a88bd0bb524fb2d398df7436ca921f26,101.9573,120.7634,73.043,64.6381,57.1246,64.5927,not_cat
3024109af96ec520e6cac5db4ae77a96,141.8929,118.84,102.0062,50.7297,46.1031,49.202,not_cat
5410c3ee2f50a57a1fc9f08df7740b27,120.2813,117.3277,116.6054,50.2312,49.61,48.9922,not_cat
1410edd175c0cb0d41c522b199164416,107.5618,92.9072,59.0708,69.7761,58.6574,52.7464,not_cat
487e897cd98911407beb54bf62177253,71.5799,72.5121,50.5506,72.0357,72.4787,53.3696,not_cat
396bfa606815ef7b05223f0cc18f3dd4,85.5509,86.4865,71.0837,37.1789,40.3732,33.5963,not_cat
04cb4ad6ba7023637c79655a12d8afd5,126.029,97.8632,77.0486,56.0847,59.5027,63.1496,not_cat
53c360ea8bdeaa4c3cd34507f4cecd12,101.9143,95.8239,81.0079,79.1897,79.1245,81.805,not_cat
dcee3a45f5c70db66ed51dc6b18faca1,179.4729,165.193,141.3332,56.8716,59.0202,54.9298,not_cat
e2c6a1d37c4a2c611a9884a25771d887,86.4694,83.5717,64.3362,57.7529,47.67,50.9914,not_cat
0724ae8694080ba3c371f25ce275a10d,144.6987,115.5277,85.0184,55.1468,63.4843,62.6177,not_cat
3f62bd9dee78e036179caa349ce85c4f,133.8236,119.8957,116.0995,51.4711,48.3293,55.4187,not_cat
b6d7295c7ac966b94d5a94d16b34dfc0,71.4647,64.4945,63.1054,55.997,49.0621,43.2382,not_cat
e75c42163e1b9c82e4662036faf6b9d7,79.8457,90.0089,82.5415,57.0294,56.1625,58.171,not_cat
97183aa82d283b08f0e398cfd687b3bb,195.7775,147.9612,102.201,39.4468,41.3084,39.4809,not_cat
3e2fb35f9b7315aee248738b54d6f82b,121.9648,120.5806,74.6088,63.3829,64.2511,58.0653,not_cat
478a59a87492ed3f3c9b0c3325ed7904,150.5054,161.241,163.4625,80.5206,83.2478,86.7548,not_cat
794a266d2b84bcaa1fb58b698dc5c467,127.5536,117.8553,110.4366,73.786,74.7304,76.1667,not_cat
18d543d45a512fdba272d29230b6962e,133.0474,116.3422,122.4666,71.0186,70.0953,72.3409,not_cat
4e16bd338d2caf488b51a4bdfc1054af,93.2011,80.4061,68.0788,69.5532,61.271,56.8547,not_cat
1ac7a8637f499d39bb661e18b12ae1d5,64.0076,61.2441,62.2156,51.8583,49.7072,50.325,not_cat
71896cf507ef5bffb63cd615f7d61f74,175.0683,155.4131,144.1602,54.6396,68.1603,75.3019,not_cat
c0ba20bd5058d023fcd4cb3712cd0611,62.7763,70.744,45.6229,65.7955,62.4814,60.9407,not_cat
33a337c6ba15340a70ca6e3346bf9050,85.998,73.5562,65.7131,48.0304,42.8976,40.7643,not_cat
7e97bc8cd75a614741d6e712762e8751,162.3086,120.5671,89.7192,80.9907,75.1785,72.8976,not_cat
9a7c1f7064dda8ff8118259460b53ac9,125.8568,125.2162,124.3261,58.5735,58.9825,59.6362,not_cat
a63d61e4087c18aea39b7a58eab1b83c,127.9299,126.8134,119.585,55.9289,59.2134,53.9948,not_cat
6de00e74d2b5e6bb90d25373521aa544,113.586,110.5646,106.0737,83.9725,84.1897,84.8457,not_cat
8fdb2d438c8cbb31901a6893e2b6ec31,126.6256,148.6347,82.1509,38.0148,41.0123,30.1443,not_cat
634746fa91f15bcb51fdf68397b893e5,147.8573,149.6406,142.398,54.2038,50.6718,57.7825,not_cat
e7bdcfabc6122639586a5c59c3647421,141.9251,137.0213,124.1641,53.9712,53.8329,51.7906,not_cat
2c9cef90c5618a9bb59d0d868abc7237,89.3224,77.7342,61.9253,67.3596,58.0043,49.7521,not_cat
f8f08459ed94f79976435c2d566f6bc8,121.4421,129.5545,70.9229,63.1482,67.4257,52.4741,not_cat
39bbf3cdf6af5318c1f95b3d6fbcfdcc,136.8535,108.2591,91.1828,85.7274,70.2491,66.5075,not_cat
6e1f022e3852e75036d9f786d32da2f1,81.3547,79.9978,75.1563,50.7188,52.1714,50.9416,not_cat
e9697b95ba77f235c447055d34db913e,109.5321,126.6118,143.4542,53.112,50.1367,51.6955,not_cat
14bf3eaf6becb80a8e73d44dfca9f441,177.7067,156.5923,142.2293,75.4836,85.6744,92.6727,not_cat
53cc93bc4f66631e8e691fcebe80246c,158.5135,157.1733,154.8743,78.0727,72.5321,72.8594,not_cat
7ad4f8991906b629d9b9fcd403953fc2,129.7028,143.7496,145.7837,70.1832,69.5596,75.3603,not_cat
6e395232fb870adf95f4848c3665b38c,97.6628,90.66,82.3526,55.7627,49.9959,48.3793,not_cat
38546ee89afd4ae467ff1dd2e18f3b14,106.7553,97.1401,94.1559,29.1537,28.5764,27.5227,not_cat
5c345436e894734c80c24038720e1b64,162.6098,134.2651,135.3693,59.6857,61.5086,56.4185,not_cat
715db5eca88b8959d8bd134874a9d5a5,139.5437,126.1931,126.8336,51.938,54.245,61.2127,not_cat
5ace526334e1bfdf10cf369405afeb38,143.0167,145.429,142.2918,34.1097,30.0446,39.2079,not_cat
39a8207eb328ff9b6447e5aa3751c40b,164.5812,114.6135,111.3426,66.3489,46.8875,46.8597,not_cat
d5885692af2954cbff2053da3c770f0f,94.8701,88.5982,83.3963,46.6382,51.8091,53.2711,not_cat
faf4074a65c8d009fa7cdf9fd6820e9a,142.3993,137.856,127.3517,36.0387,40.5408,40.9803,not_cat
7d2770c63f98590d403375c5693bda7e,112.9176,111.9499,113.3769,66.0855,58.4492,55.3273,not_cat
8d0afcdaaabd1dff0942461758966687,136.5802,149.8647,86.7042,45.9439,50.6103,52.7916,not_cat
5be8c7cdbaa60fc0f99c9d50627c96df,126.2617,96.5131,76.0164,30.7304,43.6513,50.8162,not_cat
cbe6f1ae77014796c695d15fc3d4de8f,99.5893,87.8834,89.2713,61.6045,50.0586,46.1802,not_cat
e76084d9e842f09729f26463bb092584,194.5465,192.8653,192.2465,79.2037,77.1632,78.5642,not_cat
e558abea214ac25c57ea643b9249181f,94.5094,115.6209,63.8688,38.2368,34.0789,45.273,not_cat
3bd43d908ded361e6681ee32bedc4427,127.5866,107.578,91.1397,62.7754,56.4919,57.4938,not_cat
76c883e716a1a74b8efc30fec945ce7c,172.139,169.1056,171.7076,74.318,75.8595,73.8032,not_cat
686cd91a89295ded08a402f530703ba0,160.8408,167.358,166.3878,56.3079,64.0195,60.9746,not_cat
91e2ab558f230c96d40ab5e5a278d0f7,119.7071,95.5452,76.8429,64.6824,67.415,70.3574,not_cat
df904468c5a3270eeedd50bbf59e9b32,175.4232,173.9622,173.6605,28.7503,31.6418,36.8877,not_cat
929f316a25c02e43d8abfac73ab075ef,157.7384,148.1565,154.0297,60.2576,68.7052,78.1342,not_cat
7d38cf885afb1e23d54f08397004047e,209.5375,167.6299,154.0786,64.2364,45.8422,42.0818,not_cat
09ccad7e3df42f4b67cc75f584a55978,124.3808,116.0399,75.0855,69.9402,67.4813,63.2803,not_cat
4cb1b9779443333044dd079b77e8cc86,74.7203,57.395,45.7155,27.446,26.7778,30.5397,not_cat
4ef7e5b2cfb1e7a02a54d9cf4321c2c6,133.2612,102.3772,85.2603,62.4684,67.2099,72.0256,not_cat
0099ead05297a826be94075f3b8ada60,90.8357,87.2101,79.7023,49.1977,43.2152,46.2702,not_cat
2a8a187fea8fb350e416a0f9e27b57d1,134.3787,120.9937,109.7236,29.0205,38.1073,43.9134,not_cat
f5b7d3bc56d2f91bebb81b4feb698f53,119.3453,100.583,64.8887,82.4497,75.922,64.0859,not_cat
8f613967fe39fd4c708d68aa5540fd3e,158.777,168.8888,182.5022,20.7863,25.9476,35.2113,not_cat
e63dac967895fe50797b1480c96c360f,113.6333,109.6358,109.8405,59.6353,63.7125,63.7815,not_cat
9166c0add80316fc843eb7d632cb0f81,93.783,98.0557,89.8932,31.145,33.2297,40.4854,not_cat
2ff2951b9bbe6644eab534c71e081d89,95.1692,76.3862,74.0736,51.4946,56.6122,59.3812,not_cat
6f8796f4a442811f619caee40ecbf564,137.0908,133.817,133.4065,88.9428,87.4104,85.9252,not_cat
6224c6a51e617ca3999a89e18254f090,94.2695,67.7987,49.0491,76.6465,64.1519,56.7031,not_cat
9590aae8519f52a2d45ba287c5f61779,79.4832,89.8706,104.1064,62.8963,58.9787,61.5415,not_cat
e7e2130febd7172e954395556911cd01,114.1764,125.7002,104.5404,61.1407,55.934,65.8555,not_cat
31b373c68dd1e21fccfe029844018d95,120.9258,102.1924,99.388,61.7092,54.8157,48.7274,not_cat
397fc15d5bcc30ad4bc8c369bc694ca7,96.6363,120.1812,92.7723,56.4435,50.5311,62.5449,not_cat
ac41aa7fb91f652d4d90dbcbde097df4,133.58,91.659,53.8649,86.523,71.1066,53.8669,not_cat
25bf00bbe7a1e5531e65af8d144b2449,107.6748,107.4139,93.8489,74.7533,67.3394,64.783,not_cat
63c68acd9253f1f659fc25a07abdcbbb,127.6946,128.5588,121.7297,59.8952,59.067,59.2703,not_cat
c0fbfe8675c5f9e6a12aaff7258191c7,97.1006,98.4188,73.9089,65.1345,65.9821,54.5301,not_cat
44ae6a4a948b68196aa4ac68ef63b191,110.6653,109.0973,90.662,38.2363,40.8997,40.9358,not_cat
e12e0b948bed071a950c2ece91fc7cc1,116.6426,74.1656,39.183,58.8966,41.7455,30.9764,not_cat
102f50c4da7a005d0e65aabb807a29b9,184.5163,188.1563,187.1793,53.0225,53.5955,57.5303,not_cat
a343df3156e6b6618873aa8fae1a2333,143.9777,137.4755,95.9084,36.6601,33.0774,40.6298,not_cat
3afaea883823fa909d4590c31ca13b99,158.8708,169.2787,179.1647,59.6289,66.5808,74.0509,not_cat
7420ff3c1661807963956f67e0498d0d,106.1807,96.7171,87.9528,63.648,65.9899,68.0193,not_cat
b7abcd9eb1c14b072cb6a2b3ac338f27,107.3619,96.2631,83.2343,81.2449,77.5983,71.9771,not_cat
aab8fddb68da8f0bcb8db2b72b0b7894,149.9079,133.9039,112.0046,67.843,69.7388,69.446,not_cat
11d920434e52caac4c1a32684b591c8f,144.9674,114.8886,98.8069,77.3512,78.0471,76.2909,not_cat
f9c57b994b3890ef798fdfb9de6321ed,133.8165,132.6362,130.392,44.9718,45.5039,46.2961,not_cat
468a2ef0c29b3503d9acbadecc823765,111.5728,111.7606,98.6166,92.4523,88.2407,85.2987,not_cat
0eaa6d74311ce3075dac8312ee207add,124.0565,117.0865,108.662,33.7142,35.0398,36.5628,not_cat
ece9ad1b6b571bd1ec44e832b75e8c28,76.0872,82.4136,99.26,51.559,52.4881,69.7031,not_cat
3a9fccd33e4d4d074d2aefd74d2a4477,143.7593,131.8521,126.2376,48.101,60.5469,68.7702,not_cat
219b9453cd4377fc963b84456959c6b4,108.8393,99.9643,86.7498,56.6223,62.0212,57.4412,not_cat
e95b950351766c47c7cf83530c8ca1fd,136.1568,121.1636,90.9536,83.1758,67.9534,51.3947,not_cat
28247c5ae720ec098e1a9ef9c0d4c5d5,102.7135,94.352,81.988,59.2446,58.7341,52.6531,not_cat
43c15d9b46e31a8fec645a3f02ef8854,106.8484,118.26,49.0052,74.3781,81.5281,51.5494,not_cat
071e0b782844c2befcc8138c4ba28ae3,154.2716,147.2042,130.3343,53.7432,49.9398,46.8469,not_cat
ae98bf1a9a44ba89b5bb18ccdb636689,201.6607,191.3775,175.9081,30.5191,35.1505,39.6603,not_cat
d7950d6b7a071f7baa6e65600123e109,137.1431,144.1413,136.9261,88.9629,88.6417,83.6136,not_cat
ab438570836aa95c2128924f307ceb2b,109.0282,110.4115,110.442,50.3764,47.8739,55.3483,not_cat
171757232dc9b91dec83c24f339ec848,154.5683,146.9092,140.5747,62.5796,69.9886,73.778,not_cat
61b649ddffe2277e6d58d7a3c3b6beb0,107.0384,124.0592,147.4512,47.4552,51.9489,60.9178,not_cat
2115d457a46398e9b6a262a7be1f46b4,129.5683,152.479,171.5489,38.4543,48.8234,64.5014,not_cat
916984d6d3a01e61881b2e2af29999c2,28.6294,37.4642,19.4467,14.0778,21.5988,10.2835,not_cat
17e697ef41e101f30101dc3f0cafde43,114.6761,132.2083,120.1572,57.8975,57.4049,61.2933,not_cat
20408193629e15d5b61c79d8db03b667,137.8027,136.303,129.3177,43.4713,41.5457,47.31,not_cat
b43c5891b6c3eb790fea9f7348fe0747,105.1095,99.9385,94.1157,43.8057,47.7411,51.9731,not_cat
71bc620853958488771d1ac3482c61d5,193.8869,162.2536,126.5099,29.5911,29.3809,32.1671,not_cat
b216c37395b59f915a2406778051bc31,78.4873,42.9306,32.6657,82.8795,46.2371,38.8775,not_cat
74134324cfcfb007453c51d6a4ecdfb9,122.0546,127.3316,108.0538,60.2217,57.9075,50.3172,not_cat
b6f8c70d4f0b4142a497e6e1561af82e,98.3673,89.2757,85.4116,55.8433,52.8534,50.4335,not_cat
239b77bc9b04ff3d20d039835f331e47,97.6936,81.5613,57.8245,57.9757,50.223,39.663,not_cat
0f42679603f19b830ee5a70785dde31a,100.6451,75.0321,45.9294,44.7559,44.5442,45.3439,not_cat
8d1b116c52bd08668e6adb597efe4dd5,103.2101,92.1662,85.5952,79.4903,75.9196,70.2583,not_cat
2988dd7439dbc7ffab1c1c76bc8b3ba2,109.0992,94.0752,77.3513,67.4003,62.355,52.1803,not_cat
0e814ed18603a194844a237fc4ce11a9,84.0203,79.1157,69.8097,75.1871,74.1125,74.2258,not_cat
f2c5e6d5319fa8aa0ffacaf9f23f1c35,92.1007,83.9486,73.9205,57.1506,54.1187,53.022,not_cat
ec7aa25b63c5906a0c5044dc413139b5,116.0288,42.6806,25.7623,42.274,48.8932,33.1798,not_cat
03de0f6f98fc8c86a54551ffcb966db0,172.9441,134.281,87.1835,66.4632,71.3852,64.7317,not_cat
4964f06b196f79a1bb4d35f082bf0194,117.6186,113.4753,112.5455,36.7859,34.1064,35.6108,not_cat
38dd9e1da66375d363ad83280c9eae39,96.1201,105.6447,82.6071,63.1765,65.3523,62.0277,not_cat
264dec86c7f6aa6504aaef860eb07693,74.9221,87.4986,62.1319,60.9596,58.2951,63.2729,not_cat
934050777c3b4506204e4887b021de97,96.3864,100.2418,66.1403,52.8881,55.4402,54.2336,not_cat
02cdbb7afe56e088fa8025dfb028d43d,116.4243,109.1317,92.5535,58.1303,54.9118,49.9853,not_cat
c5e7c4c9122c59e1d827865d91d5bfd5,121.3215,107.1606,92.7715,35.8866,43.1238,47.1507,not_cat
e115e19c568624e099937a27a4882d52,153.6649,146.6847,143.6596,62.4954,54.7169,46.8945,not_cat
d2b765a82cae8394cbe6a392ce61968c,141.6802,149.4381,156.8946,34.9009,37.7817,40.8191,not_cat
77eb5e2615aabd2613c2767c1462a348,141.1924,154.0502,114.4707,67.4044,72.6114,77.2666,not_cat
987e8d83c8ba471dc38f3aeeba7962af,54.1276,63.1048,40.7605,30.2684,37.1507,28.5777,not_cat
cce4ac14b861e34432108a0b148bcbec,115.0845,120.3129,135.9815,59.6213,64.1366,77.3363,not_cat
4931fb75ee62582d86850514cba6d16b,131.2516,123.8774,110.8106,50.5727,65.3022,79.4602,not_cat
8b4bf69ce327b7bd8b90ca6bba6a528a,136.5038,125.6706,117.3459,94.0404,85.4181,79.4773,not_cat
051466ffdc471c96d082411539551d19,149.2533,148.2042,149.3629,88.6499,86.6934,83.9029,not_cat
5836f697c800be3fd2133c16017c66ce,108.3937,114.1748,79.7111,73.2246,68.4519,70.9931,not_cat
46958ef58db62f14036f32e973399986,107.7983,107.6302,107.5029,77.4632,77.4717,77.5543,not_cat
4308998ac8e8a72ea46e3d4cc9535cf1,121.7598,103.5877,105.0077,91.2939,83.865,86.0872,not_cat
25c27a5f5bff6aee13f271f4a01fef26,117.9533,114.4059,112.528,67.7468,70.5735,74.9635,not_cat
e127d7a651ad05cb73a9a06c26ac27ed,152.2239,154.8324,157.2657,82.159,79.8628,76.348,not_cat
046c5a739d72ee12cdb5285d0e8c1eda,120.5431,124.2022,130.1659,54.2307,45.8607,44.6572,not_cat
bb75822a7b3a9584a153a0cdb27b1287,98.6447,88.6329,92.7137,78.0114,73.3367,77.1836,not_cat
2340396b7f5b1201ff6f1e0c90f1cfd6,134.8377,120.3829,105.5049,81.9431,84.6343,90.0159,not_cat
e490ae8b12dfb45bc555630a637f9b0b,164.5775,156.6398,103.1936,34.6737,35.4113,36.9374,not_cat
9337e0594891b7d815bd49acb59b2102,233.2429,226.469,221.752,48.3368,56.6101,63.3392,not_cat
34f63c5862ee9bb6a771fb576da6f90c,145.5338,163.3095,71.4751,64.9667,66.7401,66.5053,not_cat
cf9ee09db3e12ae4ea2204d270795f81,162.3568,157.6365,157.5899,49.8902,54.0377,55.3552,not_cat
443b05f369ce78594e5ed6fd7b27c655,69.7157,65.5505,72.847,49.5579,58.1087,65.1394,not_cat
9de7c438dfdf039419300f9c858fe024,101.5755,85.7461,72.4209,59.7315,58.0989,61.5303,not_cat
f47550b5b5a604a0bd8828e272f4ff8d,111.3195,119.7852,77.1829,58.63,39.318,52.6899,not_cat
397c9758d81e543688c3b50629438346,151.7613,130.8497,112.0963,69.9725,67.5614,81.0594,not_cat
f57d08891a199fbffaabcffaf09ef989,148.7466,120.0948,100.0215,44.0065,42.7989,42.5694,not_cat
8a7bebee677bdf53d8e2151ed8ca2d09,97.7348,104.551,116.5609,54.3357,56.8089,59.3367,not_cat
08dd5f1b29cfd05d105f15fd5e0f2bf7,116.9746,112.5399,101.4775,77.685,80.1831,83.757,not_cat
c3d3cd6a4f68d4b50ca164d9d26f2a68,147.6271,117.5543,99.6731,60.6367,66.0799,72.1105,not_cat
0ea407ce38f6e5faebe9d440a2da797e,215.4962,194.5994,174.7309,56.6117,61.2143,61.061,not_cat
d0f029f64512e44cf84dfdc1bf985def,103.9725,106.5633,99.4547,38.9392,40.474,48.3023,not_cat
d75361f0e63de3a80d0c83afe9f963a6,100.9913,101.0172,81.1008,47.929,43.9745,48.683,not_cat
f159e586df86cd6478f0cc2f54ae3242,128.9578,122.7746,104.0623,55.2087,53.8909,59.3649,not_cat
07343ee35b5e24a5febebe4ebdca1447,113.0848,120.3634,110.5524,85.537,86.9123,84.4258,not_cat
dd301be1d7aecb70fbbf8aa52baebbae,145.9579,128.2314,108.6171,63.699,60.8107,57.9634,not_cat
ef29c6071a09d904721a02d4c5da8945,123.6244,114.0433,99.4677,59.8451,60.1064,66.2262,not_cat
8f9bcd97e8b3b870106d7c242f65e729,163.1215,145.7922,130.7869,44.9965,45.2526,46.3491,not_cat
8242785414c6d5aed21fe76c0774e155,99.3946,94.7463,87.4872,37.5095,38.5261,37.4745,not_cat
f32c58f9d973f5611e009fcd6b599445,144.6491,143.5808,134.2572,66.7637,65.5882,69.5309,not_cat
ef15346ae32b95968aa2c45c4daa4c6a,107.2756,96.6113,74.1811,90.5699,74.2147,67.4744,not_cat
79bdffc1b87474700a7ed73246b1402a,143.1644,139.8776,135.1857,51.7225,55.7126,63.6904,not_cat
c137fcfa3a20f6c3203d6023a332086c,108.9799,97.4516,97.4936,58.3049,64.2537,64.6127,not_cat
998e2bdc5ec15dace54221ee08af9a92,96.8347,74.9672,64.0944,61.6004,60.626,56.746,not_cat
e7339d21e35ce4d23f464d8050ced3dc,118.0674,154.6051,99.1028,52.6183,51.8552,57.5919,not_cat
c7490bcce686e538db8e499465ebe795,84.5004,67.4539,49.178,81.2807,62.0711,45.092,not_cat
a64dc601073500f2f85744b085e148fb,91.4715,103.6019,54.6535,39.5687,42.9212,59.533,not_cat
30cb59e586909e75a1e29bff2214c971,89.5731,77.7398,56.3269,64.8664,62.1602,58.7803,not_cat
ee05283ae03f5fb967a1b32874c3a84b,156.9277,145.5002,134.2304,81.0695,75.7177,79.3323,not_cat
30695f45e461e29cdb18d50e7005d3c6,113.5265,112.368,104.8475,62.2541,60.5808,66.2076,not_cat
ed744585a9f0edf6413bc23bbf553808,129.1273,113.9167,98.8902,57.2748,58.0766,57.7206,not_cat
f1ac7f83ca8b6f7d235755f752429123,183.166,144.0504,105.0531,56.2917,51.5321,44.8254,not_cat
6287214bdad54638a4431f58b674dde2,160.1773,142.3984,121.829,74.0045,73.4822,69.6571,not_cat
27c1d71c0ff3851aa6a3fa0592006cb6,170.2855,163.1745,159.021,45.2829,44.7753,44.2797,not_cat
29f8318123883dc74b32fd389f73b393,78.488,63.7461,59.342,61.6729,61.6325,62.4996,not_cat
cdd2bd0743872caacc232a1d25ac2e03,103.8977,117.2075,101.1354,49.1053,48.8897,50.4187,not_cat
15c22c80c5d7b5151e1263d622873a11,167.0041,161.7814,161.4042,81.4609,84.6385,82.5141,not_cat
ff9e5b6b26f49a025fcbfe0175e33291,117.7626,115.6104,71.2565,56.6722,51.9314,41.5876,not_cat
c857d3567bb258c640148d945cdb0f75,196.7042,180.3077,162.5887,59.2202,70.0604,82.908,not_cat
efbfc41091a6021589ddab8d4b7ac718,147.6043,127.148,117.0677,70.0184,68.785,72.1251,not_cat
693f1dbc9b2d785fa0e6bca1af2b23e7,109.3177,115.3028,95.2893,50.0194,51.8694,44.9193,not_cat
4a68a9e19a6e0f8d6d1c17a6981d544e,141.145,140.6858,133.6426,48.1111,46.135,42.1913,not_cat
6f216fefddd624182a15ca8ceca45d7c,119.7024,97.2665,89.4605,61.2027,55.9481,58.8497,not_cat
93daf44c36dd77a5594a56cfa25994c3,100.0794,107.2608,69.0875,67.5999,64.3215,61.2463,not_cat
27a11ffdf408aada0f302aa8df96a0e7,192.2487,179.989,147.0264,38.0087,40.1755,46.4753,not_cat
29ef6ebe9424f121c56cf9601c71d563,109.0344,80.6846,59.5346,44.3816,36.1973,29.0876,not_cat
73921b60f65dedd88b5bb92c7d3dd49a,118.1397,82.6888,59.005,70.6535,67.3231,62.2744,not_cat
374115628025d0cf96be15fbbd3e19df,125.8745,115.9177,111.37,53.6411,53.414,53.2829,not_cat
0477a6ce1106ac98b34efefc23e69e69,134.0298,112.9986,113.9937,47.4633,49.4817,52.0733,not_cat
3ac22ef6ef9a93cb47cf631a3bf2c096,89.4107,108.8273,52.5836,51.0833,45.179,40.6106,not_cat
ad23cfed3ab599eb4a118769d1034377,115.3634,107.9628,106.811,44.3728,40.2756,39.4081,not_cat
f267c5e244fe0577942b65a9335f3099,130.8001,127.651,127.2624,71.736,69.8515,71.8062,not_cat
5d645d6f60e8224a34de8f3230114ab9,85.0093,80.6021,79.0275,81.2016,78.0311,77.2006,not_cat
833d9a28b99019c3b985c23804f66463,105.7159,112.3549,102.9708,61.6835,58.2607,69.9216,not_cat
1ba5d1b504ca97979d6d6a4023b3fb37,90.7938,85.3396,76.9568,54.2149,49.6956,47.284,not_cat
693f587d65893383a617a501862cf308,59.9372,65.5342,51.7934,52.6903,50.9872,55.8242,not_cat
08efdd5c9b568852a856c8de212fec6f,120.8321,130.5432,103.1809,52.3961,47.8007,51.3473,not_cat
7fcd537d2a6291716c53bc330de0090c,128.62,128.191,86.7672,67.7597,65.6464,56.501,not_cat
ff1b6d45db5ad6f56d4721b8fdf36a21,136.8365,99.8669,76.9844,47.9193,47.4091,45.3659,not_cat
653affec20f2c1f96c8c123bdf7dcd54,99.7569,142.3949,52.4806,64.2382,69.2145,62.8926,not_cat
0bbfc78dbed34098d152de9ad7bc29ff,114.7085,127.6418,88.2414,51.8264,46.8804,53.0518,not_cat
ec12fa37abf142b8b64bec07116efc33,121.4427,115.3805,106.7728,49.668,49.2401,49.7587,not_cat
066c3f6e38af1f8e92e6e6f79176eef7,134.9385,112.4074,94.6855,52.6613,45.3013,40.7684,not_cat
e051fa3a020a4de5f30daa2e68447cbb,142.2191,136.8251,127.8031,56.9488,49.8419,64.5635,not_cat
5f15519d838b8c3ce6575bed2343e8f5,131.005,120.8914,107.1081,73.7225,75.9039,78.2146,not_cat
a696a43b79ec40b43924a4753553df6c,133.9368,105.039,75.0224,68.5089,60.8531,52.8246,not_cat
e10c3eec6aebd107217675feb80ba022,75.8709,73.7153,67.1504,54.0821,48.71,50.0949,not_cat
227fc405871ae482481489017192aa51,137.9847,142.0976,121.8423,62.4763,63.0718,70.331,not_cat
13337e424b6f5c1d62c406d316601cdb,119.4532,124.3313,116.0143,76.9163,71.9486,66.7857,not_cat
7b308c00bac22d98318dcd44eb605532,148.4058,124.541,100.9844,46.607,47.8431,49.8729,not_cat
c340d5f79bae0a0db18ddbe754db4689,61.5971,52.8209,50.6374,67.3041,65.0161,61.7698,not_cat
eaa4e6aa7c84ccbad11eabe1e5d4abca,110.7026,101.7494,87.3751,88.6224,85.5588,81.3081,not_cat
484031639cc9ad8f27f95634508df11d,115.1484,132.0134,73.1096,62.6779,44.2039,54.0854,not_cat
7cded1ffae32e403e526cc2fe457bd95,99.8535,117.4829,84.4168,52.6906,60.0858,59.9118,not_cat
627a622e55d72beca86f7e774a5a7fe8,109.6289,100.6581,94.8322,55.1141,57.9741,62.4265,not_cat
a8eabb98e5e5554113a36873385db991,113.2458,90.2096,53.2237,77.7572,68.1866,53.8457,not_cat
231603b9f81d74c563be63c0cc50893c,91.1588,86.5793,46.6211,79.5892,71.3787,57.5176,not_cat
118e2e2404f557e6a0d865096a627d4f,113.6356,122.5512,81.7223,72.9343,68.819,75.6802,not_cat
5bb8f8c65a11fae9a94594cc72a7dc25,129.7231,135.9904,121.7099,56.5603,47.8597,60.4096,not_cat
c098c1d8b9a43681a6d6d0c13a6c34af,118.0494,94.5377,70.5671,60.4461,54.2696,49.1368,not_cat
920c5ef02c5f55e5e40fee3f807468a5,99.6033,97.1759,98.5517,69.277,70.2259,68.6429,not_cat
0fb154c094bef4361ebf5ba13e699898,144.6707,141.8479,89.4451,52.7835,52.2355,59.2569,not_cat
fe0f81b6f1f977363fe02fe5b6e295b6,153.3596,156.2811,129.4432,67.203,65.9445,56.3431,not_cat
6d76515c19e8ffaa35ea049776fd2ffc,145.524,141.5272,123.1806,69.0116,62.8103,67.7592,not_cat
814f65e82e277d57a1925e564e767678,121.2225,84.7127,26.5199,69.611,66.0932,56.2303,not_cat
d2ad482fffa5ddb2245444b969378a24,216.8035,213.2116,203.8519,47.7472,57.1533,67.3858,not_cat
372211119f2b71e744ad697ee549faaa,171.5742,165.9817,169.4188,54.4872,57.1679,62.8289,not_cat
8259022a4185f76135ab0f253712086e,159.0711,134.2141,124.0569,55.9393,69.0298,74.5528,not_cat
4577ea5338e9eff54fa69c3606c6c22b,147.0822,132.8305,132.6318,47.9929,46.3756,46.6531,not_cat
4ddc759d849a1505ee6af4657fa16ba2,91.3751,72.7625,56.2795,62.8587,59.9461,51.5311,not_cat
b7b53f98f7fad0ad6e080f658b16875b,90.977,90.3644,90.2881,52.1039,51.8409,51.8095,not_cat
af060e0a996d6972f97cee1359e9544c,99.5935,96.952,92.9008,56.9271,56.3043,58.7979,not_cat
8f21411d50f5413222fdea75ae154d5e,58.3444,63.2409,59.5666,52.4053,53.5303,56.7822,not_cat
601e94854a44d08754a68aae1c6a54ad,159.3788,117.6311,84.8176,84.6921,74.848,66.4894,not_cat
1bd19598c88a818902d8cb91f91259b7,83.505,72.9802,67.3159,56.4432,57.2251,56.2655,not_cat
e51b0f452667bd4bdb26fbd12a20ecb3,126.2748,107.4265,96.9285,65.3376,62.5923,61.5325,not_cat
6856886d79187849c43b1fc44a71693a,118.4089,124.7775,93.6976,52.7303,51.7372,48.5568,not_cat
1fe4e8abda1a54172d9fd1c3dcd6a513,189.146,178.7717,152.899,55.9231,53.39,56.2092,not_cat
b8f5b2bd6d14abcd8d35e792b5207d1d,128.131,142.3913,80.5337,79.7103,90.1166,59.008,not_cat
6224663ebc6cf9616aceebbbe220d903,136.5961,129.692,122.1564,83.6739,85.6707,86.1437,not_cat
496547c41f346100f0b9bed30a3eb28e,92.1068,95.9105,84.2428,67.812,63.1702,70.6821,not_cat
62639e4e88f2172da90e92907979087b,82.399,81.8738,79.7309,91.4687,90.8463,89.3486,not_cat
9db231f05927794e59f6c5b345dbc8ee,91.1039,108.1343,73.8201,48.3259,42.8587,53.6821,not_cat
f02f7c90706e226f6930be65f21c2e0d,129.1068,105.3029,95.1471,54.9473,48.9065,47.395,not_cat
bfcb3be4001013958bc6f492193a77fc,94.8181,85.2285,65.1588,57.371,51.7439,51.5062,not_cat
5764600971fa04cce92f45728e7fd39e,159.0917,125.3408,104.9609,47.7885,45.9163,47.2151,not_cat
35009789e97d63f3fc7a8fd532a606d0,91.5721,104.7107,98.9314,67.5159,64.2837,65.9867,not_cat
dd7e48607ceee45c6ae57b5c7ada03bc,111.1347,86.807,83.0831,79.145,63.7493,63.6191,not_cat
0a16efb7c2069e6932436fea506b83f7,162.8043,157.6393,146.0522,76.1061,77.8101,66.6514,not_cat
65bc5c07ca7c3659ce606c96a569a1cf,106.7254,106.7964,111.0031,64.6009,68.6774,74.0902,not_cat
14fd63d13f0c12380987d60c36abb02f,96.121,77.1482,83.2883,44.2396,47.0449,44.0786,not_cat
af1300f0a1bb0f5772251f176ed9eefc,150.471,128.8085,122.1016,73.7299,71.8469,75.6186,not_cat
b69f5fd21008134c623076a22702bf28,177.1503,178.4064,182.5802,79.0367,75.1665,71.0875,not_cat
0ceefb4055afeba4eab700b5f55b30b5,157.836,155.7253,151.1238,35.3094,32.5865,38.3232,not_cat
ec0a00b00558df1d656cc927a7554b68,100.3211,132.0118,107.7247,48.6578,61.476,50.5616,not_cat
a71959251ec07442e17eca17a1664a8c,106.619,106.6144,102.6146,61.0226,63.9773,70.9826,not_cat
80a5baa4c6c47ade518a4d58ec48c728,68.6097,60.6509,60.751,53.7959,57.1862,53.0774,not_cat
51527284b44ab827ab79c97a831267e9,122.42,125.7466,97.0379,63.763,63.7224,70.6852,not_cat
e8336ff1d6a1244c5e73ac7d9048e0a5,122.4287,109.8647,101.3623,62.8159,68.2079,74.2704,not_cat
ba0f329a9287e6143e074f9117af4882,63.4238,50.0662,41.45,43.6654,39.6707,37.2231,not_cat
8ecc13e4d92142815666a4850b2baa49,124.2304,132.7792,126.8238,73.8241,72.1248,75.8161,not_cat
bb6bd58a9e2b4cd08bf70e7b13787d37,127.7199,119.4815,116.2318,68.6527,72.1222,73.3257,not_cat
cec9c725028659e4d2bbb6b854f51bfb,161.8046,141.6068,115.0161,62.8941,55.794,69.7676,not_cat
cf28be949c8dabc9c8cef5cc20d3852d,64.1302,68.6287,47.4381,34.5426,35.6261,43.1896,not_cat
1b55e4e642cd1fd6a054c41e08723b3c,144.801,140.9075,134.6617,58.207,61.0061,63.5276,not_cat
a3a5ccc0fd50cbb8e1ddfb1954348291,149.7792,194.652,203.0319,68.5962,34.0275,38.0915,not_cat
16755bbcf42324c8672cfd91bac94f01,113.2669,101.187,95.4454,76.9784,75.2345,69.7997,not_cat
241f6d8771df6736c59d4604bc8fa657,153.9602,145.9059,134.6521,47.5814,44.1955,45.6927,not_cat
2af61d23eaf9ef69aca3341d2a98226d,168.1493,159.0035,155.7023,62.0065,66.3781,68.9608,not_cat
85cc8e6c9f4a6387ee8efdae5953df66,109.1064,121.7551,94.3195,63.6693,57.6513,74.8502,not_cat
91ad59eaf7ef1d338dac1aeabd605ab2,99.2183,111.6802,96.5542,63.3536,56.2266,59.7498,not_cat
d251567a805b368bb4a6508b0dca4216,125.5921,138.87,101.0496,77.4733,63.2104,78.7996,not_cat
1ea441c80da8e8580d566d711b329a90,115.5112,115.4495,113.6152,57.0677,54.9525,54.5381,not_cat
a26bf741af57dadd86d4a87efc0b5dd5,91.1653,84.7268,77.5996,39.2713,39.76,39.1331,not_cat
07f2cf7f049023eef19e49a3fb90a68b,161.0885,159.3771,157.8667,51.0848,49.8007,49.2383,not_cat
235730a64908c28ff5b88f89f58b632e,115.7356,112.31,116.3113,64.3608,65.5476,61.571,not_cat
7c5e542ad6ee3546968d1934264d02e3,131.2899,113.4536,86.2173,77.9739,76.6405,69.5518,not_cat
a3aa6e479933bd48acb189574f6eec5a,86.7948,108.1433,80.6458,39.8136,36.3355,43.8954,not_cat
67fa3826b48f28988e3e4e62b084c385,142.319,122.1749,104.3298,52.1178,55.1257,57.9658,not_cat
4ceb2eca0dcd69a555267f72bc97e955,116.0239,121.8062,92.7478,65.1372,64.8608,55.5066,not_cat
17e2352b21793dcf8739653322cdbdb3,83.3315,79.5696,76.4898,73.2327,71.8655,70.5182,not_cat
dba37484d7eb888bad10284116842f2b,134.9419,129.8525,119.8283,68.0645,66.1032,65.6245,not_cat
4890ff0213c0472f1579bd3b41324800,162.6566,146.6082,134.2239,69.5763,74.2511,78.306,not_cat
fabc598a4a01338dd88d41cc12c3bffd,152.2019,152.7016,149.9441,47.0425,40.6951,33.6896,not_cat
4095538d36fb74f8698ff6acf00a1335,85.304,106.2189,65.4005,45.7927,52.4596,45.325,not_cat
22807ff033b8f17781dca967e34836b9,110.6755,117.4644,98.4229,59.8293,61.2105,71.784,not_cat
af82e10d93724297d5ec24dd15246c0b,125.1203,92.5987,78.6504,47.707,55.6508,54.2754,not_cat
ee34d383656d89412849405de0cd77ae,102.0162,102.9823,104.1918,45.2629,45.7482,50.0327,not_cat
04d2975a11223cbdceb02db3e6c51009,108.314,99.9955,86.327,23.3636,28.1356,38.3346,not_cat
a7d43421a1095021099f6fd0687d1556,118.2602,107.751,100.8266,63.8349,58.3933,59.165,not_cat
1e6c26fa130955bdcea52bf48acddce4,114.0806,121.9848,127.2616,59.5324,64.0548,71.7797,not_cat
d5fb54dc3d2a4807b75e7699014c5b55,106.4191,89.8609,70.616,49.3529,45.9044,44.9035,not_cat
d44c2722a23a0a09f5efa5f9a99026fb,146.7871,128.2624,124.9369,52.7784,53.3961,55.8003,not_cat
d7c9584ac0b804c40cf9cb2df945ab6a,122.0535,97.5445,76.9351,81.6133,76.1538,69.8234,not_cat
8d68f26483d88daaf6f4e9df3dbaad6e,117.3838,108.7655,104.6071,90.063,78.3135,68.9013,not_cat
7780969198c8537beef15c1027e46249,115.6038,111.2508,61.5463,72.0079,63.1226,60.474,not_cat
48087845065ba9fb16bab909a362ba49,184.1072,173.572,165.2909,59.2435,66.1994,71.6054,not_cat
23e7e689bf3630c6a3db942c7dd1c64e,150.0592,151.4585,148.7264,39.6375,30.3801,28.7002,not_cat
aeeb37d59c773a087223289ac8537d99,82.7986,93.5696,67.909,57.478,55.5835,61.9215,not_cat
6e926e543e9287ac4c3b01f38c223572,132.4547,127.6518,126.0361,53.2774,55.2568,55.5882,not_cat
b3e35c0b8c19dcc18c79d89ab919af2e,94.9979,104.7699,56.1724,64.1595,61.2471,59.825,not_cat
129a251fc9d33bc62237984ed85af8b1,199.1171,190.2226,180.2654,50.9229,59.1536,66.054,not_cat
a482a9e5e80a76738707fa25eb2bf3bb,94.0973,123.5358,76.1039,50.707,58.1642,51.775,not_cat
2e72c54c6624c5a26654acc2f8eb5532,110.8231,111.8376,88.1694,65.081,58.8963,67.8808,not_cat
62ecc066c455195db5654727c67b823a,97.1259,110.5682,109.0593,60.1304,59.3986,64.161,not_cat
e7636468438bfd3520365ae7e56a10a0,163.2339,140.4215,101.6684,73.5479,69.4533,62.444,not_cat
11263b1fe72e77216489fe3199e4af05,135.7469,118.3122,108.3979,65.6459,59.6379,59.2682,not_cat
0609583bfcd93d11513c375185ddd7a8,185.1559,149.1815,139.8277,46.6823,52.4148,55.1737,not_cat
3cf3090f6d99dbc15dca1c86fbab9544,125.6061,125.4421,115.6027,57.6753,54.8837,54.7223,not_cat
7e310a77cdfe1b20fc6568806c6c7806,128.8284,107.4986,87.6805,63.8481,64.9604,62.9764,not_cat
fa48bf9ba0c9b7bc99df083fe5fbaa41,70.0454,70.0454,70.0454,48.1698,48.1698,48.1698,not_cat
2ad13a1ae71cae9394c1d71852de08c0,65.5251,67.5465,54.6289,64.967,61.7707,64.6222,not_cat
b36d66024db1935b47410dd938bb0545,143.6859,148.1955,134.6733,58.6809,58.7749,70.2911,not_cat
8bb315777a39327e2b9a31c6603db567,164.2236,132.8228,94.5909,69.2508,63.6001,55.2828,not_cat
58ae9577f9823f0db0b54ef9c3ad3135,48.1863,39.9843,32.6159,70.6165,61.5319,57.754,not_cat
50254b6c361f97ae75a4f2aed050f26e,153.1353,120.9091,63.0364,91.8418,79.8307,54.0559,not_cat
d07cf765673958d182a804e9f1a3b33e,136.3479,155.1538,179.9024,32.8083,50.6521,65.6854,not_cat
f67091e7d26a9230726164638d73d7e8,175.1077,159.5898,148.2525,41.3922,40.0608,38.9134,not_cat
972e65e63881dd43bab93a29860f1772,129.4101,133.5782,122.4896,56.4705,52.3164,61.7823,not_cat
6ea8502592790ecd0bce9a7ea84f454e,107.268,121.8245,82.3349,52.1723,46.6711,38.8386,not_cat
6b8aabb2a00dba9262f5762854a3e0cf,133.2068,132.8432,126.8439,57.6347,55.016,61.7857,not_cat
d1c850469498e124038af181fb86b4a7,129.1398,94.5367,38.3965,63.1895,50.4144,29.3788,not_cat
d5d4980f16b7bd3a1efbd44ece7f40bf,149.4304,132.6562,124.3759,76.3241,79.4822,86.1814,not_cat
b80d3408271e6048c7f82a1532eb8fdc,116.7875,102.7694,81.0814,67.9216,74.6658,53.0637,not_cat
fd77c2c3cbbf44d7244be17c93553fb4,110.6494,109.5241,110.7787,81.0649,88.4522,92.2846,not_cat
70b1b01364fd9f85b52ee13214d597e6,125.4297,141.7355,86.4414,54.1602,54.3282,56.4026,not_cat
043335e73e13aeeb6a200da9ed3966ea,113.6063,105.6865,103.8753,79.7523,81.7184,82.8642,not_cat
da1ed95d5e7443c981083ac019bdc56d,120.5627,106.2937,86.9771,64.9545,58.8365,58.6294,not_cat
216065ef5f2e74ac5c0f03f2ffafd8c8,98.1489,90.0449,75.1326,55.815,53.8535,52.0775,not_cat
0d5fd87a4373907e14a6220f97c8f3ae,142.4669,132.9869,130.899,59.2707,67.0229,71.3347,not_cat
6ab1b5f33ff6f164c3f0fb5d338a457d,124.142,152.8964,58.5316,45.8165,55.3864,28.6721,not_cat
a80b416f921a9ad4f906edaddced58c8,139.655,120.1946,100.8182,70.5008,72.7742,74.683,not_cat
d042f98e7bb00cee906a121c9cad9e7f,122.1127,132.484,108.8321,55.1998,56.9267,88.3977,not_cat
11686d9627f416750c3b0b51c4564160,95.1025,99.3578,58.017,55.8075,52.441,47.1878,not_cat
d8c31d63c7a870e02ec312f248976db3,140.0993,118.8961,100.4251,49.356,49.3984,54.1766,not_cat
db6512ef6ec0bc575b07577b0d474225,52.3976,51.7689,44.885,47.0335,45.9211,49.6504,not_cat
1372accc5901bf1e04da9936a4fb7053,207.5985,202.2818,199.9067,74.9814,81.7749,84.7341,not_cat
088f470d37fb6ab75d685d1258ff5367,108.3923,108.5802,115.793,45.2726,49.0462,55.1892,not_cat
b4e81600d7d6219df61109c51eb665fb,132.4158,129.0638,123.0629,49.5528,51.5728,56.2288,not_cat
7ebb2905b7a6dafa5b17a5b2936aeeac,100.419,105.3765,64.5397,82.19,71.0151,76.6088,not_cat
f0cc4feb3a721ee661c231197f5d5b54,68.332,66.9183,62.0585,64.8467,63.3043,61.4535,not_cat
352365e0679a81635f9218eb2901f87e,148.8226,141.8626,141.5253,56.9263,57.3375,58.2642,not_cat
b475d67fd418ca073a5c78c2206d83c9,56.2146,50.6698,51.0025,50.9533,43.4026,39.6989,not_cat
49bd30ec5e361b267929628e5dc5d579,126.0845,111.4956,96.3512,47.6883,38.988,36.7644,not_cat
80ff92db5c86711f651bcfadc203a7ab,100.2205,113.7176,77.7783,68.5797,61.6083,68.1061,not_cat
ba773b61345a1df5506bb11af82e1069,121.7366,89.9552,77.5121,68.8853,64.1791,49.4882,not_cat
c970e442368af479709b4092be2337ff,145.2704,126.1915,122.57,70.4341,81.8923,75.8089,not_cat
342844f3729f3cb8527dea6b785417fd,61.9818,66.8569,79.8189,49.632,45.5198,42.4071,not_cat
375b7acef5c62f8ce751e70ddc41f8a3,151.8998,146.1857,136.8394,70.1925,68.1503,66.6931,not_cat
73f6509668e2f6b261a079b9ba02b3e3,155.4238,147.1039,144.0767,61.6438,69.5321,70.4308,not_cat
43cac9352f943f67bb3da39f27d21a13,103.5419,101.7671,91.4909,65.7476,57.4667,50.7912,not_cat
6ae3374951e64535dbe1cd237f9b29d4,131.198,116.3832,80.4245,56.5815,52.8203,51.2808,not_cat
40c4f64945b598e3af40a4b02d21865d,192.4906,162.369,139.5574,56.506,57.7651,66.4203,not_cat
f5c09a86aa124da130fde110fc00a13b,111.2321,111.2321,111.2321,55.8535,55.8535,55.8535,not_cat
72a3406d0333e946bb8ae137daea5a42,108.2206,103.7111,103.7362,63.194,63.1115,63.2774,not_cat
adcf0a195de38b534f5492743a650e96,149.7815,138.7674,139.4366,51.8337,53.9896,55.3529,not_cat
3633f435c2437ca0defad32cf1930615,49.9079,56.709,41.5103,46.8293,47.4176,45.7206,not_cat
64c18b8e3225b33fe444c9863cfe0a15,179.0383,162.1444,156.1389,59.4368,62.652,58.5895,not_cat
4b8c13e394e5da7832ac86baeacf580a,134.168,115.2771,97.102,67.9246,65.1115,59.9951,not_cat
4b1097b51428465ac4be8b14f1b5eadd,95.3527,91.5466,89.6794,50.0608,45.0685,45.2947,not_cat
548312a084d12679e6089e75417a0e3c,99.9175,95.2279,52.3453,56.9383,59.0258,42.9538,not_cat
ed3192ee72e036d781e9ae277c7d34e4,171.9892,162.9225,140.4381,39.6833,42.7438,48.5414,not_cat
5b11e02d611dd2e2bdfa861fadf71fbc,109.0547,121.5503,98.0577,79.2616,74.3521,84.4922,not_cat
0ec237a11a497a6accc28c7583a1595e,76.0318,80.803,70.6457,41.3548,40.9871,34.7804,not_cat
5877d78512c3b2a37858d4540076bad5,161.6809,147.533,149.9906,60.731,64.8337,67.8914,not_cat
ab8661bef3cfaf9992aef5e265bccd4e,144.6996,100.0336,72.7083,56.7547,46.1452,42.4668,not_cat
71d0dbb8f4fb3df86ab7bd7f29cfc786,91.974,95.3524,87.6841,53.0416,53.1147,57.4105,not_cat
dfdf3abea9cbe3f86165ae0f768a50e3,121.4053,92.0039,96.5747,67.8741,59.6278,60.5816,not_cat
e8368144f551686b20f0d05a94beb533,82.2214,66.952,48.2833,61.4516,58.5751,56.8814,not_cat
bc523a0a839323bb0dfa5b08f626dcff,138.9254,125.0613,111.7844,62.2719,63.2596,64.2062,not_cat
714cfee5dad3b9939cec1b2ef22ebecf,133.0539,144.706,133.6796,81.1727,69.8522,66.9351,not_cat
272d1a52d5ece984f8db0bf465edd7ef,157.7421,158.7431,151.1868,56.4732,53.6033,59.0866,not_cat
45238e6f4ba0ef5afd1282f57677952b,128.1732,131.0619,129.5017,60.1149,58.2105,62.0444,not_cat
a31197c360af9770434471557b309dd5,123.9563,121.7343,115.6199,55.4655,53.7589,56.5058,not_cat
2a7ed5ee1ae99252f61e43456745ee84,139.5186,108.7734,77.8057,75.1232,61.2341,65.161,not_cat
4bf971d7e645112377e19fc468cd720d,104.1688,113.9877,138.209,54.7952,56.7208,75.8901,not_cat
e85eeb5c2cf572b443990bd8c538d7e2,129.6064,137.5048,122.233,79.3757,79.7736,73.8433,not_cat
4ee78dc7c26b8f1925dd4f6463ea8474,72.7658,81.3521,72.5057,44.5937,43.7856,46.4956,not_cat
896e1e29904860791d7a9bdbf91a277c,92.547,80.1472,73.3346,42.4967,38.1084,36.8416,not_cat
3611653238bc20135b49e6860e6f92a8,134.9698,129.8952,119.3793,82.4741,81.6228,80.3734,not_cat
4d2b03cbab9d16de239f756f80609122,85.9489,88.3372,97.3206,75.0712,72.2996,71.0241,not_cat
f5f63e5c2385e4209a0edde28ae18a64,88.2686,84.2356,61.3546,71.231,65.8468,59.2266,not_cat
128cfb9180cf78f11e46b1457d3fbd38,89.6846,102.5101,91.4625,58.0283,57.821,62.0432,not_cat
96a55eef10bb0ee2f934d2d301d559fd,174.3589,155.2582,136.6394,58.9267,62.0544,64.2546,not_cat
1c035bcca5805744896453d2ddb63374,108.206,130.7132,88.7648,44.1154,35.1776,45.2796,not_cat
6fc77d02cda5831685fe22be1d8af82e,143.393,140.5759,136.7352,58.3754,60.0712,61.6581,not_cat
1b290eb8330e7f8517146631b3dc3972,93.4788,97.9533,70.4124,57.8064,58.3838,60.82,not_cat
52333c9be65783e5e663488fa649acc3,132.5933,122.1629,111.8535,19.0195,29.3219,42.8162,not_cat
d37b2805c193d095fbf68d1ddd7afd8d,126.6212,122.3676,117.9529,34.791,31.2703,28.661,not_cat
6402fc41981a527f6a099e68729295e6,79.187,91.972,83.2827,71.9711,71.6255,67.7977,not_cat
8f8fc8cd659b075993e536261ee76d41,238.8568,231.7379,227.1716,39.0351,50.4931,59.2496,not_cat
2d16caf3528089e289ebe4a64e617794,165.7337,142.9961,116.3757,55.0621,55.4524,56.0532,not_cat
903f3c62e36f661d51c78dd91fe85543,69.7468,68.9259,60.9137,38.5552,40.7497,43.1282,not_cat
3ebec87c790985049886f351cc25f4d9,166.0918,166.2716,136.6672,72.4632,69.4131,82.4893,not_cat
d1862b32d1f5ffa98829c3c37f174547,132.7189,124.6468,119.0287,70.5279,76.2186,80.4669,not_cat
f72e84a2b52705fb706589c0c00b3f30,130.9486,118.2039,76.6693,61.3936,56.1943,56.5048,not_cat
d76cc26dd151ede5eb483e9f36261904,91.2593,118.5767,63.248,40.6262,35.5706,48.6391,not_cat
685f79100455b4911214b167324ed4d1,197.44,183.0696,157.2459,57.9519,65.8726,77.3618,not_cat
83bd827425c7a1dc93952742e309e78a,154.1824,131.5007,110.9407,66.2484,63.1577,62.0023,not_cat
3ed144966d6c94ba106e134706aef0b3,129.8547,123.6899,115.5905,33.2612,30.7497,27.4573,not_cat
476df1cc311738b8e46e9f1881bff015,95.016,79.8349,61.526,64.9843,61.9794,60.2238,not_cat
70fdb40a83b0279e8ba97e20ad8d687f,174.1946,127.5879,107.0304,68.986,59.5524,55.6623,not_cat
16506b8a3a35bdfa2b811a3047406e1d,123.7449,123.1411,99.4617,59.4113,60.2331,53.7861,not_cat
a0ca9052447d1494911955b587dc6d1f,108.1558,103.5395,100.0219,30.9271,31.2519,34.0604,not_cat
3ba603885e31dd9eb6f525490e096139,132.535,99.1051,84.8743,34.5226,40.9739,47.6824,not_cat
8dffa0f61a7396fc12fddb00d06b95cd,64.1399,65.6236,73.1556,53.5954,58.5464,64.8716,not_cat
101564328ff05a50beab022d53da488e,115.9549,129.1251,108.4629,52.2242,41.6346,63.4322,not_cat
82d9294be21ffb7b9fe86cfd1f21ee42,104.0815,88.1411,69.277,78.2064,65.6136,53.0615,not_cat
72e4c77f4d856a3efc620533cdc61fe9,147.994,144.0339,142.5092,63.549,64.1644,64.7522,not_cat
7493881b6a641269782cc3f8a84e2d20,88.5554,73.2118,69.039,80.3976,67.0419,66.6815,not_cat
c9c4577e7b71fdda801ce0d2c37421c7,88.1077,75.724,83.6493,43.4493,35.0156,35.1371,not_cat
9ac50bf2ce2c2b149c88710fd84282e8,156.9124,148.9242,140.6932,83.6351,90.7642,95.0176,not_cat
dda3560a427950401e9a132e2960818f,75.6301,84.3436,49.3357,59.0572,59.3699,50.9162,not_cat
8ddf5397955bf5ea6eafc4f40d9f645a,118.216,128.4589,93.1275,67.2584,73.9714,60.0141,not_cat
09e4b1ff1c571a3ce9a542fb6cf45dbf,171.1377,162.5133,138.1847,50.3803,48.6867,39.8064,not_cat
21bf38dccd404c8236ef1a55cee0f356,105.1441,94.4851,86.2057,88.895,84.5027,79.0564,not_cat
e37dbe97132a2d6f50491b100da83967,100.3589,101.2718,79.5377,84.4809,81.9903,76.8762,not_cat
0890acee58c6b022ded6d242f143fee0,40.1704,66.1922,108.6835,38.2342,44.3041,77.3071,not_cat
6e8c3356b59fd8a1124715ba7637ddd1,97.1237,85.5468,73.8561,53.9028,49.8711,47.3218,not_cat
8846c4e763bc2af340680ef807d3cae1,129.405,113.3855,63.2427,51.2958,47.9082,44.1739,not_cat
d4275420d4caa23373a319d623e6a16a,128.5285,116.3122,99.289,61.7182,61.1184,63.5053,not_cat
9ec54da3ab434fcbda9b800a4819db58,119.2699,117.2825,104.4664,60.4762,65.3648,70.6367,not_cat
ad329dcbc0770303291801aca003bd1d,159.7889,154.0112,148.8752,54.784,56.5447,59.2643,not_cat
b0f3397ec029befa79eaf1457a506bc1,147.5242,149.426,147.8279,79.6637,83.3561,86.141,not_cat
87cad65874dcbd04636a3de08d5c7615,124.1868,127.7537,113.943,58.6654,55.7197,56.9707,not_cat
3fee128feb6c89dc3bea0cf08afd76ad,116.3754,127.0037,108.7976,60.7365,55.4852,60.1798,not_cat
9639bc47f179f27d9a6e41cafae6775e,131.2701,114.5947,95.2934,41.3614,45.1934,48.0154,not_cat
0303948aa1ef2a407e1a9fa02c13d890,124.969,86.1168,53.6489,72.3465,59.7402,57.0703,not_cat
a0a2ae5d3f2c792798e07ee3480314ba,112.9903,107.9134,85.6297,89.6804,96.4394,67.9357,not_cat
cd2902ac3efb85d510d7308a27911c47,122.8247,131.3252,88.0819,67.6175,60.3923,66.1082,not_cat
6a49b8169f789a632f720d36d0974ee2,144.6021,124.0277,61.4849,55.6811,38.8531,43.0439,not_cat
acbfa7003d31c4f2f076395c7115ada3,110.0489,118.0842,123.3956,51.6049,48.9769,51.2176,not_cat
bb9079a9d8005d1eeca45c64eb659bf5,110.1582,84.6593,68.739,48.2613,54.9776,48.8378,not_cat
1e3ea6e5f838663c17bbc17592c1a8cf,124.1615,115.0545,109.1385,70.6894,58.3362,48.4453,not_cat
0d9e0329b9ccc15491e2bdf2886259f3,112.7764,89.1265,56.0956,43.309,48.0137,55.2761,not_cat
045fb7718a5988c9369269e81209cd21,131.5041,117.1896,116.6948,65.6541,64.1763,62.1239,not_cat
90cef82397208305bfa20f5dade63ba1,137.5454,96.2249,67.4665,65.5989,61.1961,53.2985,not_cat
e0c0a740bc6413433b62677ca2df952d,134.8475,155.1258,174.8343,66.0154,43.5693,40.8719,not_cat
b489b17a4d04aa2f43c46635ffb5f676,93.4546,92.829,54.2915,52.6796,48.6929,46.1123,not_cat
aa72194917680ab0faffd8a2563fb037,117.0288,85.5379,71.0517,54.1249,51.1802,53.518,not_cat
cb4e28b7e62de039ea13c5c38edd7727,151.5353,99.8926,68.5808,55.1832,64.4531,59.2869,not_cat
4e6195c9f6df4bf397e5e9a8bf4332dc,77.1803,67.671,57.6255,55.4211,54.0149,51.8601,not_cat
1a7ed1bc640d7612ef79a04cc47902b9,114.5426,102.9911,77.0144,58.9193,52.1901,52.1742,not_cat
1202ed56dc0af9585273aabe5c6007b0,75.4355,56.4188,54.8238,39.6669,40.3803,41.7349,not_cat
268a9d842974b5096069f6dc3723abc4,89.7394,103.2612,58.2179,41.7116,47.3298,35.1133,not_cat
cb7f3c341ed627844514071bb55e7022,116.3368,114.5884,112.3561,46.6474,50.3968,53.1658,not_cat
7ccecb67f6893a089222a41efb4b745d,72.1208,92.0707,74.8718,51.0715,56.1069,60.1167,not_cat
906a4f1e2e8bc50cab11e736348ce3b1,121.477,90.8241,74.8728,64.563,53.7453,54.1733,not_cat
ad8922e23a1bf7bd0bfc67fbdd64aca0,109.1398,121.0391,135.6791,59.565,66.9272,75.5539,not_cat
62dc2d2bdebe88b549afd15020fa2ef2,135.5339,130.6552,80.6791,50.9337,41.3484,38.3372,not_cat
30e3a485415e2ecbd619c304a57de830,115.809,100.3367,95.6908,58.5227,56.9911,58.7772,not_cat
6d80715683a7c2c658ec59addc1b8274,111.3486,110.6518,89.86,51.3082,46.8166,47.2714,not_cat
a1c9d3c60873dcdd5e9b4b65e7fa4243,70.2099,70.2099,70.2099,59.6593,59.6593,59.6593,not_cat
df6c984ff3bd3e5aa0ccdb907689d723,141.7299,105.7495,67.3139,78.0672,68.8328,57.5341,not_cat
6c41450263fd02efb9ab3d760d0ca939,126.9296,108.4271,98.1456,76.1229,70.0709,66.6547,not_cat
3fe8b96d754d99ce891b979d5fea5aba,77.8158,75.7741,63.9788,51.2469,49.5896,45.836,not_cat
ea0c263903adb7ee88ef26dba6e50efd,119.3668,103.1422,80.8452,41.7013,40.8067,38.6704,not_cat
4a7b845b4c85244a464d06f72e7947ad,88.9269,100.1244,73.1244,56.0053,54.012,58.3482,not_cat
5a5901136534545b46288384562b47b7,139.7418,135.9232,126.5635,50.6404,61.7307,73.821,not_cat
47196b32e3602dd0ca75663d0cf0926d,145.5659,161.0722,138.5734,84.7235,87.2488,78.8386,not_cat
d1474df16e43db2ad74ccf7754c8a51c,129.2084,130.0418,122.5283,62.5902,66.6529,67.6136,not_cat
d6297adaf9ee1e265d6367f3a94d88de,84.0473,79.9977,69.5153,45.7331,33.985,37.225,not_cat
0a09e93faa50ea1722f92e85bc2b27dc,117.7646,110.352,99.737,57.131,56.2302,56.1687,not_cat
ceaa8d201ec5bb05c9457876b9b33d62,168.9836,166.7276,120.4733,63.4951,64.9937,71.9491,not_cat
af0c38233b6a8e4d5b988faa1f05de10,163.7526,165.2217,169.8048,76.9053,78.9445,80.94,not_cat
4a31e07267b36b0c416764d7e66b960e,115.6321,122.9387,125.671,54.8457,52.0393,48.6151,not_cat
823eab50637b920e59bbb513acc19535,95.2939,99.6777,102.5592,72.4441,69.9562,67.3076,not_cat
517cf70e589fc5b30b54c5f4e8fce373,173.6601,135.9448,108.0865,24.5777,28.3102,33.4639,not_cat
594088915057b63dafb971c8d9771266,114.1001,117.5529,107.1073,77.9696,74.5421,82.3278,not_cat
458d5d9290f969fc8056c8179f2b90a7,97.7479,110.5147,116.3104,61.3313,61.8758,60.5287,not_cat
70d797d2771da368c59c962784d230ca,133.504,107.8312,88.1379,71.3942,75.2419,75.7052,not_cat
d700b7239438c3dc68cf41f2ea3f580f,153.3411,121.6927,95.3778,75.7994,79.9763,84.7454,not_cat
bfc8bc3d95a7a018ed492a0aa881428f,104.1674,114.0011,112.1385,71.9748,83.6151,96.3232,not_cat
5c5bf67cf039681e923b1a4895f5846a,124.1146,115.4469,99.8256,74.9767,75.4867,77.8072,not_cat
c7f2f5b7b1f6f09c3a2fcde161de6e96,133.7787,114.8136,103.0451,70.4715,72.1768,77.9033,not_cat
a28d994fe5206c3a2d3e6475628513c3,133.4794,108.0241,92.7266,70.5946,63.3409,58.8915,not_cat
5b3c98301e7a9f50d99dc32ec8f08975,101.409,89.5676,93.0627,50.1156,51.2605,59.9536,not_cat
c128b03e5d9aa809f7caeba4a1e8cbf1,110.0473,109.2233,77.5692,60.0515,56.246,61.0031,not_cat
3114c0b629b063fcf726eeb2cf08f91f,113.9576,64.5592,52.3605,71.7491,65.5906,60.8822,not_cat
7acebd460028913c2056a6ba7636602e,127.7526,65.3316,52.699,74.3159,50.9561,41.5215,not_cat
5da997693a25ca01fd6b097eba449586,141.3579,143.7977,76.3839,56.3597,48.4151,60.9853,not_cat
96393bbfad89be0fd4bb2c95766ed981,99.5332,91.1535,83.232,72.1118,69.6321,67.3561,not_cat
a37fdbc564f241cffa4232f7bdd74637,104.2457,115.1087,71.9383,42.0571,42.0582,40.3564,not_cat
c10c391ecaa0ee6a700120d7ad49c5da,137.7607,130.959,125.2792,71.4778,73.2921,74.1002,not_cat
bed165cfa6ddeb9274b8a88fa192b193,113.4832,122.1954,109.0158,68.2933,65.8301,71.7086,not_cat
9bce5b353a5c2991880cda06550faae0,125.8473,125.121,71.0126,50.191,46.0587,37.4853,not_cat
d99b299bd1885dcb8bf54e572f7ae2a5,92.1543,78.209,60.5881,66.67,54.1253,47.5047,not_cat
889fbba9736c86d31542d4d7dd2a3536,120.9555,132.3321,111.3967,38.3979,36.3872,37.8044,not_cat
3280125345f7483a2d904d7e0cda1f12,78.7384,66.43,57.8626,52.094,54.0646,53.4767,not_cat
05f5b34ccfb4e965b6327d9b0e84ab39,144.3682,127.7495,118.3063,35.7421,45.7823,45.3872,not_cat
b82e635a33f5e80b440a074831d7c3b7,129.5705,113.0777,94.9466,54.8867,58.7693,61.3299,not_cat
315c84d981ee8f32a5a2c72aa7caec9d,117.8401,103.5728,104.4533,56.0418,53.7074,49.9587,not_cat
d7f466684f5c7113d7a28de37d432e64,108.0152,93.2563,74.3494,78.7779,70.4003,68.4309,not_cat
6198a9dfa154206fe9097a682f4d35e1,147.2387,142.2203,129.9198,58.4627,60.3063,55.398,not_cat
16de5d50682c345c884c660e04795f13,48.1999,42.9582,36.5757,55.1003,52.2654,48.6625,not_cat
2fb6be64d53f861e1c0cbc25683c789d,64.9802,47.3667,35.6877,57.3668,53.2854,49.4671,not_cat
fe2bb4882bd5b67bc4436f77a890dd52,139.0334,112.6794,79.1035,70.9791,69.3201,64.7269,not_cat
7911271259710c8ece0b9522880398ca,100.9072,99.3102,99.9974,61.8685,65.2662,65.7463,not_cat
92cd9262ee844db5121b3870dad3a330,161.5983,171.6179,156.1488,75.8521,72.566,80.6313,not_cat
44f771296bf9ced6a2871c2867fc617a,101.4323,94.4083,74.9544,73.3009,62.0233,59.7802,not_cat
99781cd017e7012d03ba4f389741b321,101.4069,137.6536,131.2319,47.4106,53.8329,51.3011,not_cat
591f5f94f394f4efa195e335a5a0df2a,193.7291,188.3875,179.5081,80.3233,83.3223,86.9564,not_cat
b7b676167d9b5d7f3937de1d4203fc1d,67.4121,74.3434,81.8925,47.9386,47.7615,54.8204,not_cat
c62e3a702c2cd6a2e33cfa91dcc0df73,134.0191,129.0204,116.8901,56.7635,55.8996,54.2949,not_cat
6076adcf3dc328f472dd0ccaa4708ece,77.2068,78.9128,75.0807,59.104,61.0264,66.4548,not_cat
16f4f6ec9b97241d0f4e79f38a6f108a,148.1639,151.1586,156.6584,71.2885,62.8365,46.8857,not_cat
b66467a2e1035a8c8d13ebee74d74daa,166.8121,145.7314,122.9865,53.1462,61.6692,68.2223,not_cat
724258f768aab925fa88413e36257fcb,115.0625,104.0067,100.9571,55.694,55.6676,55.8648,not_cat
625c725955101a3a13af0dfce3b12cbd,95.1936,72.5441,46.6317,91.8222,67.5597,44.9689,not_cat
9fab22a7596a7714593d17174aa5fa1f,80.9654,71.2516,69.2417,58.8697,64.3727,69.9398,not_cat
a301a49afeff7d07fe0cc2d596159363,123.5001,129.3913,110.1144,55.8791,45.6515,59.5143,not_cat
6e0d5c942013511e5f92b48fe54b58f1,141.8526,140.763,139.721,58.7216,57.9187,58.9213,not_cat
b0105b821055028e7d47b3773bcd9bda,133.521,133.9578,139.7814,65.0168,55.8553,57.5456,not_cat
4a5f1b9099a3b3a1e83c51a76b413023,101.6458,114.3431,83.9527,52.7532,61.1326,57.217,not_cat
af91aa1943ebf4b05d6bb57700ee60ec,204.1532,189.5302,180.6408,77.272,89.2226,96.5375,not_cat
d86c0e3299555985042687a24b08e539,132.7506,125.4657,126.3922,52.6478,53.2208,57.218,not_cat
2732693513c698d88a80c80ddd61906c,125.9998,133.3861,120.9613,75.0114,72.668,76.8714,not_cat
d38e156c24a2acb20eae546898de6a68,80.1858,72.2543,66.9402,44.5818,45.927,48.6874,not_cat
fe0122697d00131c3c41c3f214bf5192,120.2681,118.6831,114.8635,82.8198,83.1328,84.5422,not_cat
8707de678970722e67e1603b629d07ca,92.4828,89.3772,85.7699,41.7972,42.3985,44.6512,not_cat
217fd1ef7ee41f021361f4201db2f9f4,132.3165,120.8343,114.2622,67.2137,66.0471,65.6518,not_cat
844534332219b74971095dae353283b7,105.2814,114.7959,116.5072,65.8997,59.3169,55.5669,not_cat
c92b92ebfc08892b9cd92bd56acf365f,116.0078,110.1308,106.068,79.2903,81.5596,83.8359,not_cat
04071898d5d1dbc96544b947e90c6a33,86.8497,78.0283,65.3048,44.624,36.9268,38.7429,not_cat
9ee3639fd07a6fb1802c0d0969050ac9,127.9746,94.4178,70.5589,50.8827,47.4331,42.247,not_cat
42c1bb7623c3832604e1bb08157271b7,82.3236,69.9038,65.8273,45.4894,44.0846,46.1539,not_cat
7b6eb603a46722424f7f3ec2bb861011,67.2308,73.6526,44.3508,54.6949,51.8029,49.6384,not_cat
0ec5baec36e3a8434a7ece989426e62b,137.8609,135.8552,116.87,67.8804,67.9379,65.7063,not_cat
b91c6ffb90fd503df04da8c1fe6660c5,119.9558,118.6493,118.4683,66.0751,66.3914,67.4356,not_cat
94764c883a5b5b941c9baca0b449f252,110.5471,128.1518,76.1021,78.3715,67.4348,79.3491,not_cat
f2d3418a4025b148cf93cd8834662d31,144.6777,134.2197,121.8007,47.0905,50.8489,57.0609,not_cat
bb6c9b6c56c31ddbaeb69c1a0994bf3b,90.261,93.0034,82.3705,64.0874,60.7154,68.691,not_cat
824d55fa3fa1ec07e9118e6dcc51755d,81.0148,58.6647,33.4867,56.8372,49.9875,35.3051,not_cat
6eb355314edc07535ecfa4e98de8afb1,113.8255,112.8865,110.9603,76.1773,78.4289,78.0845,not_cat
7081aeff802365ee50c9fa1e1ba611fd,108.0675,100.7863,92.0078,51.4827,50.6106,52.8958,not_cat
67f2535bc6810528f712e8416529845f,138.9378,135.3355,122.2895,67.6924,70.6829,68.2237,not_cat
503996b6dac0e1232e7e48dda647310e,56.7285,47.0637,41.3699,57.007,58.4937,62.2008,not_cat
de09098e170d2e08fdd5eaf66f5602c5,164.2854,134.6236,118.1101,52.3596,51.1117,52.4838,not_cat
deecec7495bd1f17e6a0ec178d507940,108.533,98.6919,56.8886,62.4953,50.8122,54.5265,not_cat
53c50f11af6051972c73aec09f9339e9,73.9876,72.1086,57.8083,34.7437,35.652,37.2361,not_cat
a3774c47cb3ce7991c7bc9609ab9bdb6,132.6157,140.7773,58.9626,59.3354,56.7078,44.4669,not_cat
0a010e1ce6771a7a6819ec68433ec4e2,142.425,129.802,120.5741,66.3504,59.3285,55.7862,not_cat
4cd82d7172cab3c67afd0e8e3f795cc7,89.4819,89.9802,68.501,51.0786,47.8798,65.3276,not_cat
9041b9bd54a403060fee60b310d31326,148.3147,132.6409,117.5822,56.5776,50.9066,46.9512,not_cat
591edb72e7e30c864a19998950963a80,62.0527,44.649,32.8447,54.4474,33.366,24.305,not_cat
bd5ae394916762e8c8a65caa139d5fdf,102.4806,106.0907,115.9411,35.9306,45.6402,59.6703,not_cat
e72d96cf9c0ea4ade6e5c55a4957b0c0,138.8275,133.2255,132.077,54.5316,60.441,64.3662,not_cat
267b5f695917a54740577112fe5ae00c,84.6475,84.6345,77.3878,45.6442,45.3468,48.8965,not_cat
d9b36eb0df6618827d91a019272e4196,142.4895,138.4407,133.2838,57.3705,54.7627,54.9223,not_cat
e7362ca0793e6579d400445b0dbbfa05,158.8377,162.1432,160.2576,78.6505,76.0141,73.8802,not_cat
9769ca2c514649233078c60a147ae67f,103.8745,103.6834,113.0038,33.0455,39.2664,55.3712,not_cat
077e5a0e660bafd1e342475003608e9c,178.6082,160.5315,136.3817,71.5538,76.0061,81.6354,not_cat
52d3e410c20a053c6bd9eefff3b6c640,110.5859,110.9148,96.566,62.4038,61.2917,62.7954,not_cat
00913891c35c1875dc16eefa0d385012,188.3878,154.5788,120.3831,39.9299,41.5755,41.4428,not_cat
cbc4a98f875dfab8a7ddbb69b1b676df,152.2063,145.9017,139.3078,52.1871,52.2001,56.3647,not_cat
400fc65b76e516ee3ee28146da185d82,89.9749,88.5898,68.0866,60.2626,56.5118,58.2324,not_cat
fd52aa2f81098471c68a0fabc4d01506,113.5859,74.1388,36.9329,33.0829,39.2054,42.0104,not_cat
5d8abe557fc051a6215e7240e70376f6,150.3356,154.0002,95.5682,59.4944,59.2986,61.5991,not_cat
11c9153f74bee515fefd4ec079eb5656,83.5114,78.3347,79.4517,86.1358,85.9402,87.7503,not_cat
f2b748998d296b82567023c93b841c3f,146.5698,137.4798,103.3825,55.1538,62.966,69.6924,not_cat
e2868d4a856a60a2c7a4c9be7eca8431,136.7602,127.3592,126.6944,59.9008,65.0033,56.1931,not_cat
eaa7cbca4f839860837d886d47adb226,102.8047,111.906,121.1361,66.0876,81.9211,86.5136,not_cat
c477ce3f81e8b4a5937afeda41f53c51,89.5145,104.2442,54.9745,59.7653,65.5694,46.4038,not_cat
f536c28ce0bceebb30ec55d2426dd14c,130.127,127.1937,122.0615,83.4635,75.622,75.6329,not_cat
1bf0c738d5ded27bd2bafcdd66ef4d2d,103.5258,98.4048,80.0337,58.4126,51.1927,50.1815,not_cat
fdc06c842082e9d7fdcfc8c91b53fb96,122.689,101.7766,81.8522,63.9626,60.8118,54.5348,not_cat
55bb5a217269094374ba5b500fcc66dd,94.2837,100.1867,91.375,56.0231,58.7612,54.5448,not_cat
f93dc7b0f150a1f290d34d2fee2b3ae9,121.5406,108.0064,102.6783,84.2638,79.2108,79.2506,not_cat
965ccb8b7ce64da7299b63344717fa76,152.3326,133.0244,114.4657,54.0155,56.767,57.637,not_cat
173963bfc47711bbce67555d85e372ca,127.7419,122.8349,116.4105,55.449,58.0588,60.3871,not_cat
50eac43ddb1a0f001e6a5f9d6660f9c7,119.5761,114.0122,110.8247,82.2159,75.9942,74.3396,not_cat
d9c896da5e83dc3a5b77a6ff375715b3,107.8637,67.8982,35.5294,56.009,49.6953,44.0301,not_cat
00dc0c4d813bb5122f5db55e6eb82a15,113.3509,100.1068,99.6806,49.9606,46.9022,48.6926,not_cat
393b9b05633731bd1ccc9948f61eebd0,145.1094,171.4046,129.1115,55.865,64.3887,50.5714,not_cat
40e4b124be5a9c65691e9af4159b9087,92.7753,97.0402,100.2036,35.6035,33.7868,34.9463,not_cat
da2bf84059ee520b647c4e1fe0304d4f,91.8614,91.3145,88.4931,76.7269,75.6448,76.7383,not_cat
43e9b933eef80d9de01037c947bb809c,117.3428,115.5906,102.5979,63.8403,54.17,60.8272,not_cat
4793b0e2898a669bad1d232cd8e89e71,147.6358,152.1284,96.4145,71.0058,70.3014,54.8939,not_cat
5bf2dc3fa0139d26b30649146fdf0521,161.9736,148.9012,133.8051,73.2474,71.4211,70.2775,not_cat
7644fa599e3b7465f8054d974d185d6a,144.3667,129.3398,131.0058,66.3133,58.1289,52.1939,not_cat
1c591a89a34f13c606bb02f126662f86,115.2478,112.9742,107.7192,50.1792,49.362,51.8271,not_cat
c9a8d2c2176e21dd3a5a6b383d724b40,114.8808,107.6782,86.0573,51.6112,48.0614,50.8439,not_cat
ffe60bf49be27d18a99add097934e27f,143.7627,120.3748,100.0141,74.6996,70.2929,66.7651,not_cat
1da7b4fa27aa5911ef557b0c0ddfd0db,101.894,103.85,82.2361,56.3828,53.5502,68.5652,not_cat
44e939a06f75e43bf30b78c9f9471427,100.2516,97.8799,80.2992,51.7819,50.8401,55.8317,not_cat
b1bb2f8841cafe2e788c8036483d8db5,117.1119,120.7716,93.8446,51.7719,48.4125,57.4587,not_cat
ddca6fd84bb906c84739aaf34f1f62a2,124.0098,142.1027,106.4892,36.4705,38.1457,35.3418,not_cat
3e2d6dd43ff14f895434b21671da0591,115.1077,110.1028,107.0167,49.2854,53.5777,58.4475,not_cat
4d7a4ed105dde2f0eeb8d76fb846211b,141.9554,124.9337,110.0609,70.9259,71.4592,71.7382,not_cat
220c08baaa5e6c890d14e82890ab5a47,112.7824,93.5259,84.3383,90.3004,86.6013,88.0812,not_cat
36a7427736a47d25bd53cc2d28655469,108.4974,109.4497,106.4897,57.6386,64.656,65.5944,not_cat
df61416c1132546e90147c136a4af5ad,134.435,124.9762,86.6556,74.9899,75.6884,74.4087,not_cat
db377c5833732fe5615bf0a7415eafe9,154.0947,147.3306,147.158,88.7202,89.1232,89.9068,not_cat
b50daf451d3f316f7bde7ecef9e4fc72,167.4863,168.0395,172.2436,65.8874,70.0042,70.0431,not_cat
a544d4f4f50407bc0445678a1d7408db,163.8465,162.7387,160.8634,72.5901,66.9035,65.7259,not_cat
1d74bccc8a1022524aa9fef8e6e3918a,171.7363,158.7029,135.5434,88.6908,87.3023,72.9145,not_cat
f6db6959f376cd7ee359096a894ee330,116.67,111.5883,100.9618,50.9463,51.9662,58.3572,not_cat
c5ddda7a924a1e6617dc9d44124c18f5,162.7259,167.1024,163.8575,78.6041,71.8192,75.6576,not_cat
58944945ff28c777d25ccef1b762dcd3,92.1394,85.9918,73.1104,61.1098,60.2999,63.9376,not_cat
fccf25e0106d49a61fa3554caed433df,94.9723,100.0414,84.5745,60.3847,57.1597,67.6162,not_cat
8171d8f644907877f7e8e04e06a3d21f,132.3644,123.2102,126.4331,46.5619,48.3983,47.3958,not_cat
2ac0b5a77e8fad396d858bf1a6078c14,76.0398,64.6632,55.6845,61.715,60.1729,59.5686,not_cat
b98cf5be9747e9783aa55bf2112691cc,86.195,97.9296,73.594,59.8046,54.0684,66.1784,not_cat
92a0c656f167f2adf8a231c72c3a93fd,138.3842,130.143,127.9301,56.7033,52.6027,51.7527,not_cat
f60844ab6c1743969926eeb2617264ef,129.0309,137.5615,109.523,62.3372,47.6974,68.372,not_cat
6cac37c4ce6258126cb65f34252c1997,98.239,91.7422,89.6843,48.1192,52.0679,55.8044,not_cat
155849a7a6cde2b531c8a2ad020f0cea,97.8922,97.5616,71.6991,40.3021,38.0901,38.7679,not_cat
f912c7fd478c36b7a867e897dff522cc,122.3866,122.88,126.0618,82.531,81.2878,77.0135,not_cat
ea21edfdb298899ab7a4bbde24b55098,149.9366,138.7145,126.6812,54.324,45.8394,42.3132,not_cat
71da043efba08e8da4a50d89293e2b1e,128.5271,119.4548,113.3279,59.1869,64.588,66.4703,not_cat
4c11e7e9e7f15c9013b0e47880477063,128.6693,105.2797,75.4564,65.971,56.1232,47.8968,not_cat
6110e1796c87471f2bad6eb140584e9c,175.9169,153.2461,131.2631,71.1067,80.2286,98.0132,not_cat
55453a04c45dafd023738f3d439797cc,66.0865,64.5026,61.1603,44.2211,32.222,32.7522,not_cat
d6e874335567c8a8f55274ec9e3c8cc7,63.8703,82.7883,48.7762,52.9213,47.9153,57.7665,not_cat
9579067c20264911ebc4dbb12a7df0c1,94.6103,90.044,85.9603,58.7278,58.9134,60.4996,not_cat
16d1fa20d6306f8d921deb5888fb5c39,111.0017,109.5052,108.0061,50.5152,51.2483,57.6601,not_cat
151a26b8747fc07364cf9f59d670d407,155.3907,145.7345,135.2848,75.8958,77.3318,78.7392,not_cat
a373b32c96d6cacef17c6a07c90d5d53,98.6718,95.834,61.655,54.0706,53.2907,52.3035,not_cat
a4a1f377829f07bfcc507d7b5b0422b2,112.327,113.6319,99.2689,39.6551,39.5297,43.8136,not_cat
33c4aae0e107b26c35000977941fc0a2,123.3083,122.9923,115.7932,77.2721,74.5503,74.4686,not_cat
e32c7790c4dab8c47a5e438978d30809,97.4878,99.7456,100.6992,50.052,50.7145,49.8924,not_cat
88ebda44779d8d6a910df63f5a648c1c,143.5687,114.7129,86.3976,42.8619,41.0348,40.0064,not_cat
1620dd812b0e7b8558b353224376f59c,164.3395,162.7479,161.283,77.8638,80.0316,80.9556,not_cat
f0b364be391e6a00fd95a114b9466c35,95.277,88.5331,92.2886,53.1693,47.8019,45.3136,not_cat
83ca310a5d900e642b70eec006a58f27,119.4599,124.1272,133.2754,65.4993,61.1157,58.8137,not_cat
de8e35b3f137bebb9788201c2d8a8c88,112.0769,109.3014,100.1613,85.0837,90.1985,91.565,not_cat
454947f26fa24e2f2141ae7cfaf73adb,106.6405,100.7391,97.8899,65.6002,60.4312,61.7749,not_cat
cd23083c7bce039abd16263d5695e9d4,125.0827,123.1415,114.5907,62.1138,62.7273,68.6785,not_cat
1c00215cddea354741d34515f031aa96,74.0973,68.9251,71.6001,60.7772,62.8441,65.2786,not_cat
3312447568f5829fdb946dfeb6924707,163.0774,124.7488,89.1681,78.7627,67.8577,53.2249,not_cat
5e485c8ccbc12a5046cfa9e38fa4276d,160.5605,131.617,106.8068,67.0708,71.5234,77.9968,not_cat
2f4f749f642436cc6e1291809cfc6abf,156.4825,152.6296,104.762,65.4293,60.9152,87.9366,not_cat
f9f907280217e1fe1d95d158212f7f46,120.7661,125.1684,79.6663,69.3347,65.6213,69.1608,not_cat
223c295a696dbdcecdd650255ef873fd,103.6255,101.2495,99.5413,50.7331,51.7522,53.2179,not_cat
1079b8b74b709ca05d6bfcd50d93810a,84.8716,82.9745,84.3548,59.6683,58.8991,55.3838,not_cat
5a394b774596eb00ce4c3a227d698692,117.5771,117.1345,83.8492,58.4864,56.2198,60.6533,not_cat
e70b56a2bcb07db2049440178a119c72,101.1922,89.9404,63.5343,41.8985,37.6578,26.3957,not_cat
63a040f300d1dd514aa1603394160093,143.3545,136.1446,133.0352,65.3524,66.7701,68.0354,not_cat
048a5c245581f4c4d1681a8bdd4066b2,98.4783,104.2521,116.9661,55.2052,56.3048,73.6356,not_cat
c77c0bd8fe78cf3171cbeec318f0f600,131.6268,126.0237,116.3417,56.0129,51.6097,49.7126,not_cat
e51dd3aaf4b1d5e6b5320367c7e302f8,158.755,146.2502,131.8768,50.4681,48.3185,46.5391,not_cat
f6f6af3b6d53591e8980a7d3b9bf8d17,67.9418,66.3734,67.2673,50.3203,52.1158,54.6341,not_cat
683aa927181bebc85df037ee8ec26ce5,109.4712,81.591,82.0708,70.1549,59.9427,64.1332,not_cat
d1c2cb9722f2f0f1c737770ba9ac7e5c,151.1263,137.0939,121.2813,79.5452,78.4035,78.4394,not_cat
1a858d992569a3b1cb2033cbc183cb9c,152.0669,131.5334,134.6116,58.6392,56.5925,54.8073,not_cat
d9d2f3bad7f1d8bfa93e3b3aaa1b820b,125.8018,123.4097,121.8892,59.5352,59.0065,59.6685,not_cat
fa9becf5d6db84a512483ef628ec6ec1,124.8602,104.185,90.3169,87.5303,92.0601,90.7763,not_cat
0f4ebc1d94d1c178a60dd9ce7142925b,148.001,142.901,131.6579,49.483,52.1684,56.9725,not_cat
4b65fbfb295c382d84a749f6f85774fe,105.901,104.5002,102.7106,70.5761,70.4168,69.9341,not_cat
7600d9abd18d6282c6c2bb8119db8f1d,95.6466,85.7906,68.4479,48.8673,53.1195,57.832,not_cat
d76403fc476372ee479a765054d20952,115.0896,62.32,24.7219,55.6445,50.1942,40.2204,not_cat
fd1ec8df5ad8b5868694c60bd3def6f4,107.1265,127.7205,54.2387,36.5242,41.1992,28.0473,not_cat
2a4c669556cacd7c5c7ff2be4be5c417,176.0507,177.0217,176.3161,50.918,54.0717,58.9195,not_cat
40eeed09c5c54ad561e5dd36107fee46,98.1418,89.3674,87.0489,63.2086,62.6563,63.6894,not_cat
d93794e1f2c756fe17318f20753de08c,120.8499,134.7211,98.0812,54.7796,58.435,50.9539,not_cat
4baa474f59fa5dcde40c20177cd409cd,91.5634,85.7934,78.5533,45.9367,38.4958,34.6182,not_cat
aa78b261ed950a54b14c79299c6907f4,120.2659,117.913,123.4575,57.2766,55.7449,62.7214,not_cat
8b66ddafb242e0959801f17cfe811dbf,134.1964,123.2995,75.0709,60.5679,52.6262,51.5051,not_cat
7d03d406b9d79ed7786f6e70f7a87ad9,108.1652,110.4642,109.2373,58.8098,54.7692,57.6718,not_cat
94505a4f4351adfc627ddfd43a3f5bed,100.9464,90.1324,66.2502,40.6188,36.8959,35.7047,not_cat
9c6b66ce1c3df38ac95093c839e75a2e,119.4621,123.7913,110.5889,62.5882,62.4707,71.3375,not_cat
88b5c478ef3911cfdd3989b025af9e9d,99.363,66.0228,67.1311,58.6343,62.3131,62.2089,not_cat
855493fce63dfe0d4c7747d5c9ba0c7c,176.8988,169.6115,150.9652,71.851,75.0105,87.507,not_cat
48ee1c8f14327e6549c8e5c4c98741e9,137.9738,117.9546,100.3578,48.7247,47.7882,50.7575,not_cat
72abfad6818ace73bafac10c4797116b,166.7663,139.2914,101.2486,54.424,53.6427,49.666,not_cat
93cc0174d05baef2a508f5372f41b801,105.4246,106.5139,90.1301,68.9547,64.5741,67.0586,not_cat
97a9acd7ab2878ec8ac35cb52a98c35b,108.1152,99.4057,96.2021,59.5141,58.0259,58.7421,not_cat
bd343799dd589d2fd2c0468c771820f8,110.785,87.8267,72.0472,65.8187,66.3712,67.1315,not_cat
50d524ed2bbbedab1dd2885ef1c80441,150.8674,130.0673,99.0398,55.1462,57.584,55.4227,not_cat
d033f6528b938370921b19397b2f9b63,113.5984,145.7597,71.7565,53.8274,55.7026,55.292,not_cat
8c7161f3d3df4a38fc76e7bceadaa91d,145.9613,144.018,125.788,65.0135,65.9206,56.5771,not_cat
3244f5144ddf7bf80dc1f00489c9b402,148.1306,132.7208,108.6161,88.6499,83.7956,81.9569,not_cat
83abe7d786bab7df0e1bfa8a822f57b4,104.9913,117.3414,111.389,44.4748,43.5179,54.3252,not_cat
264b104e2ace91c9ff748e6279cd52a5,127.3185,116.151,98.0453,58.5678,55.1827,55.8631,not_cat
1e1348a21a4527c0b4bad5a075991cd0,128.5626,129.3092,118.2535,75.2802,72.4154,77.4793,not_cat
3db89cdb611ae423cfe63f87decd2b35,166.9728,157.5297,149.6917,75.1394,78.9401,88.1128,not_cat
a2d59390e9207112eb09a4c9b568fb0a,209.6587,191.0738,172.8162,71.3452,79.1016,85.2284,not_cat
79bbd26df50f12be42ae2249278e98ad,158.7171,162.3537,154.9721,50.3216,50.2863,44.5774,not_cat
9fccfc7ae8154111d027fb90a5a0a4b8,101.699,79.7035,58.0055,55.3211,50.199,42.5891,not_cat
28547198eb6e9406f6a0ebb63f338f8e,119.5889,112.922,67.7523,45.1171,40.933,49.8706,not_cat
7d01394e716914ffbbfc7401dc643f3d,115.2128,95.8435,79.5809,58.0635,56.5438,59.0046,not_cat
361fd7c4b01ff61a8d6348497ab3cda4,116.0905,110.9417,104.2309,73.3195,69.9885,74.1372,not_cat
7958e443cb89dd5fdd0119fc879157ca,141.0887,145.1234,138.5899,52.9684,51.4227,56.6641,not_cat
225eff5198f7c83e8ec0ebaacb92683f,85.5877,100.2099,111.7872,53.2089,46.5789,57.9914,not_cat
a64cd9e402218eee36c3368835cabd10,149.1265,139.505,122.8721,59.1906,60.7185,69.0386,not_cat
807dcbacb66288137dfcfcbfc07b700d,114.511,112.839,105.5486,56.6721,57.3868,61.0827,not_cat
85c9432607fa0969ebb6dde991e7b3a6,97.0568,89.7139,37.8974,66.7371,37.5112,40.2851,not_cat
58f6fca88fbaae0f49ada324146c8360,93.3575,106.7946,100.8298,58.558,65.2226,72.8016,not_cat
b58f145158df1709d4af268631bd7d55,127.0755,107.4827,105.8355,80.4917,74.2503,71.878,not_cat
4dedc214be2cf3201f45b0720782777e,162.4608,147.7823,114.9956,64.0895,61.1883,48.6469,not_cat
715051fd8c88ec1b16812f168bc064f3,172.4374,136.9378,121.0789,40.1163,54.5408,56.8674,not_cat
edc5ff4ca8424b404ad31bc323d6f4d5,117.9705,102.0436,95.7815,83.4984,73.8779,71.6151,not_cat
a68aa39dbccaed3fb122b604d864b90e,111.983,122.1396,100.7844,46.4723,40.0627,57.6846,not_cat
16002161e37121eb8d066bedf5e83692,120.9892,110.4501,101.8568,69.3029,68.1409,68.4187,not_cat
19d54715cf2ee5d2144a001cf6875660,135.5784,138.485,99.1551,71.6144,64.2834,73.901,not_cat
3d83cb063b3aff561c929a51af5da12f,138.4806,133.2042,120.1099,47.4042,45.3295,45.7623,not_cat
1d7f319fb019407749ffe085dfbfc9ad,80.6143,77.195,75.9534,47.8685,47.5957,47.9126,not_cat
cdd8472e8afbe0ae080e495da442b36b,128.148,123.9821,93.3689,59.7282,55.5279,49.9316,not_cat
03cc1aebd3c16d4756324659a487e7d2,132.268,106.6748,79.1425,77.1263,61.7143,43.161,not_cat
9d90b849dcc7029618e8feaa12b75fa4,73.2431,64.069,53.6326,53.5988,47.401,46.729,not_cat
6d59ba8c12dfc64e3549a872f55e2948,125.1309,131.2725,98.4602,81.9502,77.7744,70.9087,not_cat
a11dfd6e0515226b972ea9f70c9e2e07,106.3341,102.1521,78.3219,80.5547,65.5409,65.2475,not_cat
20ea046800bbda0b60a305c088a45363,98.2025,130.2736,74.5625,21.1849,25.6668,18.8481,not_cat
de3a24d0f24fc765c4fe9644f04a0951,103.3558,94.3142,97.7803,40.1573,45.7688,49.9085,not_cat
0901db3924b2719e7c8ff508605d0442,136.7652,122.6568,107.5056,56.2961,57.5883,58.8679,not_cat
b85daa13ef93ab31cada3e07893e99fa,102.3285,97.1755,83.3606,61.3539,63.0342,65.6219,not_cat
d0d6f99d878516de780a4c44b2d40e5e,242.9155,235.5328,229.5787,30.5661,44.0129,57.2682,not_cat
2031d17f37b6e25408302d0a8912a04d,130.4141,124.2892,94.7412,60.2618,48.8348,50.2244,not_cat
a67e5ea48acb15e8985eac7761b1b043,117.9151,87.3933,63.693,75.1313,74.606,69.4055,not_cat
0488f1be45a3be394a9f2ea9e45075ca,100.3127,85.7456,66.6964,49.9597,49.5112,46.8473,not_cat
44d265cad675669dd03bcc46f1dbce08,110.5535,115.4793,80.572,40.7552,41.2,41.1525,not_cat
c4fbad147d0684ba27a5f4711f2dbc32,147.5284,132.557,121.847,70.3204,65.6174,60.5585,not_cat
9f481dd7e164cda6a20fb2d9c8bfa06a,116.0009,115.232,109.7676,40.0697,36.4112,36.8475,not_cat
05ec2e84a94c6683d178c527f327ac1a,114.8743,82.0491,59.8069,85.7715,64.8632,51.0686,not_cat
a962d65c8da384511f975e109d5971bb,54.5255,41.2248,33.2272,38.9442,28.2076,26.4087,not_cat
caa9193ce42435d7e96d826d55dda4d5,131.7731,143.3944,123.1732,52.2429,57.7256,56.8469,not_cat
ab313a0101ab5775735f977b57759c71,126.2519,131.6215,128.0987,64.2928,62.0601,63.7665,not_cat
d61c5d5378be0ddfafa3891f59e3fa21,126.9311,129.5687,99.2399,66.8046,60.8575,68.496,not_cat
2bd578f4f2a6d719697b7a45884b8312,144.4505,137.1077,134.9092,45.6007,51.5476,66.9833,not_cat
ca0ccf4baf4d35d21001ac44e43daa8d,122.3842,113.0222,103.2062,33.3011,34.602,36.7762,not_cat
02d04d9fd4562a61be71fcd1c87960b5,126.0785,134.0771,121.9888,69.4545,69.3174,69.447,not_cat
1a3aec8e3c66b26450f353839ad570ac,116.774,123.1833,102.4931,45.185,44.9004,35.2328,not_cat
cd765dc05ac414ca826806b5a86c8201,146.5609,97.835,54.0624,41.2092,56.0355,62.3927,not_cat
2a5dcfcccbafc1cf2a4b43463a90771b,99.7249,54.9114,44.5538,71.4935,48.6343,43.6015,not_cat
be1f5c56e3356b5272224f9e141c4437,191.8057,175.1728,158.1101,40.8277,55.8569,80.0606,not_cat
d9545c9a83058ecf27c035a5411931fe,116.9852,132.1782,103.1083,72.671,72.0246,82.402,not_cat
9f96c4622a5f3113f8286c491f2d160e,184.9165,181.4496,177.3087,52.6892,55.6354,60.0658,not_cat
8091960ff9d263c24df06a016649f50d,170.713,150.0506,123.877,78.749,79.1901,75.271,not_cat
34d1f95714ac4443f6d8c8bc15cb6151,73.4608,66.4939,50.0893,58.1072,54.1901,42.0457,not_cat
d3e0e25a812aa1bc7dc0b7ce451edf3b,117.6633,134.3286,139.7799,62.0897,65.5426,75.625,not_cat
c69b7243edeb0b0f2ec8f5101f7b1dc2,121.8271,95.8481,39.3321,42.5967,41.6855,36.5043,not_cat
0fff673030a521109a31f7b09ca167aa,77.4314,68.113,65.5885,40.9372,39.9374,43.3788,not_cat
4ac6b676e9d902fe57618b7d57322a04,172.5561,155.1573,142.9258,79.3529,75.0948,66.512,not_cat
2ca896df09009739962578d5c3ab688a,100.8009,98.1109,81.4862,59.2161,57.4505,62.095,not_cat
549b853703d428789898b624801b5f1d,111.5059,104.5619,102.5605,36.2561,31.6307,29.9382,not_cat
bfd6095bf13c9c14b859531da8af71dd,148.3479,144.0572,142.206,64.6171,68.1177,71.3052,not_cat
c8d157d892b0c5f31babe498e8b3516d,111.9582,76.4431,45.9796,56.1319,46.1445,35.9209,not_cat
772f8f8bf65865c3aae3ce21574c3401,129.1441,108.573,88.2799,26.9793,27.0395,30.7038,not_cat
937ad9fee29e7930907b5360ac3431e9,88.7068,91.9526,56.2038,50.2502,49.3082,50.9665,not_cat
2c9060ad7a4e4494917b80d80f821a29,142.7929,122.6567,98.6597,73.222,68.9475,63.2911,not_cat
83808cdbdd85655513413639ec674b69,118.2699,117.9324,110.3543,38.8633,37.3183,38.6684,not_cat
f9e6296aad77c37f3dc6b64987df4139,141.9507,129.6184,114.1118,55.6802,53.9794,65.1193,not_cat
afa77fab07cbfeb71a6e51ebd4c5da0f,91.4515,80.2813,69.0354,42.9369,38.1029,38.499,not_cat
8dd466a8fc663921bda8ffbceb1c365d,107.6868,81.0338,65.5304,32.6495,30.6782,26.4138,not_cat
b28e326101f95227f5e9edddf89abd4f,106.7975,105.5682,112.1711,66.7615,55.9247,33.8994,not_cat
9081be55cc2546d7ad4ca0655ff4300b,121.1795,134.7405,124.4087,68.4588,68.2442,79.7314,not_cat
1df782d757e581437aaa5181dc6d1463,111.4567,105.0974,93.7083,55.6143,62.7504,54.5921,not_cat
622c6088350fa2837b5c1bcdb9ee2154,104.1339,86.4185,68.0589,74.8212,74.6253,69.837,not_cat
b135703b6af43d98897c4c75257e0844,128.4795,117.9873,108.087,68.6524,66.2891,58.9444,not_cat
59e634567f37ecefead7d1cb04cce2c1,125.0353,115.6349,104.1574,44.1981,50.0087,54.423,not_cat
fce099742407f11bc9058a4fb47ece3c,129.4888,122.0081,115.1876,58.2794,63.0358,64.3491,not_cat
138bfbc9e38d52227a42373e76a72eda,57.2236,44.4088,33.532,72.8165,56.7799,45.1189,not_cat
085e69c9009f3adf52065804f792c3fd,122.1444,111.5278,102.1839,66.3893,67.8582,64.2262,not_cat
25b5d8ac5f9925c353c6d795c6994b5d,129.893,92.6316,54.7224,38.8787,45.9503,47.8822,not_cat
a4c6d3a26821a7492328a6059036c8cb,143.9701,140.5654,146.2064,65.0144,75.4048,82.9494,not_cat
6df826f4ccef3060110f01739e3a8a5e,105.5847,105.0297,90.2346,64.7887,62.0798,66.2758,not_cat
edd9d45b4c98b3df4ed96a1d7c6bf35d,133.7747,125.1244,122.1273,46.6632,45.0522,50.1406,not_cat
c7de520d4d7cf714a0d6591731bd909d,72.8018,77.5327,69.8477,53.8684,49.0782,57.6446,not_cat
71a12c1be3153aa1b193c7ffce8b5b1b,112.6016,108.5812,86.1687,56.6263,53.6874,50.9103,not_cat
8f873cecb540985d47af5f4475f292f5,122.1601,123.0435,109.1062,47.2924,45.3862,47.8154,not_cat
54f76f0bed66859a7c9804c76c8bc18c,114.8568,123.2552,82.0662,63.0469,56.7467,52.5908,not_cat
a204e1b637802a9a480881d2daa604d5,106.4209,105.0583,103.7662,60.4855,59.8459,59.7302,not_cat
7518ad26022e6c067e8614153445748c,152.6405,153.6405,151.8755,40.9375,39.2085,38.0837,not_cat
a01c5c35c40c6fa9ddf419b4b1995200,134.4695,105.6534,86.682,58.9968,64.2674,70.5487,not_cat
a0b396008062ae61a04d0bc608184236,85.8546,104.9725,46.0993,62.6978,74.1606,39.0019,not_cat
7ab3af3a68c31d5bce8869f55972f590,170.3974,168.0128,160.926,51.1876,56.0548,60.5902,not_cat
b91c7d139f765c2c5fa84e8545aefd78,135.6742,129.3757,124.693,69.69,69.244,70.203,not_cat
1f7422e4c76d85ba9af17f4adf2d9339,130.918,126.7162,118.4255,61.7801,66.7364,80.7528,not_cat
f574c22d6e4d2028d9b100481b07da11,123.3058,138.3679,117.5664,88.601,76.8811,88.1048,not_cat
28dda0858db8239c1207f4ba6693aae9,126.7681,125.4224,116.4764,80.7858,81.8771,84.1279,not_cat
87ef60db47e2417ec8dfad6e7171b5ce,67.9941,75.6246,82.6151,79.1996,68.5424,63.9838,not_cat
c07a018e103d2e9bda81a8eab2b68878,119.3409,88.7376,69.1854,82.9065,82.2176,81.9357,not_cat
3b5e358d911c7eaf8665de93c2ef113b,113.3612,127.5504,133.4813,99.187,90.8759,86.5196,not_cat
245810a334e17e7187079bc042f46e75,137.1227,128.7068,126.9589,58.2361,62.8765,64.7605,not_cat
0bf32c5470bc851aded6e9ff1ba28ffa,107.429,116.2553,105.5242,82.1223,84.0209,81.014,not_cat
1742bb23388d2c36e369b9f0308bc9b8,122.6034,73.7962,41.9503,83.2854,71.2555,62.0294,not_cat
c870d058a4782ba39be9d2da7d2191ec,110.7195,88.2729,77.762,58.7837,58.7538,57.8328,not_cat
fa0a18de8b8810bfc2b669277859be40,120.0947,101.0544,93.7626,60.4694,61.4106,60.0381,not_cat
69426f3ceb5d15beeb8fef66fe1c0199,147.5462,143.6218,137.0175,34.2458,36.634,44.1005,not_cat
6f87a11e8f733dbbe2bf2a4a86d86c25,110.8276,113.0149,75.4725,64.3975,56.3256,46.5962,not_cat
610f3fb5dd4e21f182225c35461175c0,169.3292,152.2894,132.714,55.1038,58.1776,67.2482,not_cat
67aacfea6e3c1a5d1059929fc3e96545,116.5722,108.1792,109.2397,76.3523,79.5162,81.6911,not_cat
3fbde448bae03efac3031e6b8b2a9c1f,138.804,139.1084,133.9768,65.184,64.3899,63.8559,not_cat
992a373cfe64ad3d900bb29b7eebd6a9,160.2563,159.0355,154.2674,60.6743,60.5082,59.3602,not_cat
64728b4fa2099bdd12705b4257fd3a87,142.7018,143.6804,79.3496,61.8661,54.3663,68.7764,not_cat
f77d4702ad44bf26c73ab4c60211f067,109.2729,102.3466,91.2035,60.4268,66.4214,70.9459,not_cat
e45b2f45531f9fdde3b5cec92e98e891,135.557,145.1216,153.9579,42.5547,43.6169,47.1619,not_cat
e8193201f4cb9b7897fabae035bdafa1,216.0044,197.5586,170.392,60.0492,71.0151,92.972,not_cat
223bd9a872d952eef8fbf8a95aaccc05,114.1875,113.8508,102.7419,58.8872,62.6453,67.6338,not_cat
ea2f79693a3a7b8e1587dd5516baffb1,89.92,107.9805,61.3368,66.3653,70.8254,58.4833,not_cat
0b6adb651dcdb8f7b07eca18261c354e,90.1689,93.938,89.5345,55.3345,51.1343,51.9965,not_cat
efad1ec85d83893e4ed3048566e83c14,118.0815,101.4935,89.1289,61.4899,64.177,64.5854,not_cat
5dbbaff0d86ee279d81b7b9d61a5ce55,117.491,117.6719,115.8521,58.1902,59.3267,60.4155,not_cat
24d499b41057dc2250e821558e6b9536,135.9303,128.0726,107.9482,63.4758,66.384,70.0491,not_cat
689bc039123491fe022c799f8061494e,136.0392,153.6942,173.1855,49.9361,44.9707,47.5759,not_cat
6474ec169fed717dcd8f42b29a820d22,137.0229,119.6473,107.331,39.5463,33.1522,31.1087,not_cat
096cafee5497ae7a50bf3a119a3c20a0,124.1133,118.6461,87.1089,54.0728,51.7384,55.4179,not_cat
adc6569273dba285d4fe53d739e43571,78.9939,74.3817,72.0737,84.1957,82.2305,82.5022,not_cat
04b9c1875bb87a122a2b057c9e3a2c30,99.974,95.2789,90.5745,69.8648,75.8855,87.6716,not_cat
71e5fd2f85d8fd61c8900e5e4ac55e1a,91.3224,88.357,81.0299,44.5154,44.9617,42.048,not_cat
47a284c2cdf585a0899290362e4022da,56.4382,59.699,63.6687,49.106,47.8486,46.6094,not_cat
83035e54461b02b31eb2bf45bf078a33,41.5327,27.5277,32.3508,66.1014,60.2116,53.721,not_cat
910480a5dcdd56b5db4dc863e2e83f76,142.8551,127.3223,122.9566,59.0991,58.2741,59.3951,not_cat
5e1a57f62fd3f63e0a8b9ff01a6bcbb2,140.9628,123.0054,101.0451,75.5041,67.3321,60.3516,not_cat
c988b5ed1f5b275e5c5a6e6fdc09f20a,164.7309,157.2605,139.0834,60.9484,62.2067,60.6736,not_cat
b90cda6f3874ddbbf34d89166488f04f,96.3242,125.0286,86.8955,48.6661,50.9634,51.3846,not_cat
c51580a47dc9b5448b61074e73b0461e,164.3701,151.6723,134.5321,92.1664,89.8671,82.9538,not_cat
ace388c4af641d02f95e5442fb64b423,134.2997,115.3228,103.0281,57.7888,56.7676,61.0377,not_cat
4792a11b208a34177b54769b4694e9a5,144.0394,130.8886,89.4728,54.9825,59.0746,42.4963,not_cat
db0db7be1d6ed45ddf843cddcef7251f,150.8255,177.8706,131.2668,69.8408,61.6453,53.8287,not_cat
bcae4c8ec635660f3b603aff1cc749a1,109.3085,104.6874,98.4871,35.0281,40.5327,48.2864,not_cat
5f6366493db38cb5b693a5d77c01d5b7,135.5133,123.3027,112.8432,52.66,62.6098,72.2145,not_cat
26b37483f2d677ee28f3d3c0e9dd031a,128.9808,133.2368,115.7329,36.2587,35.526,47.4742,not_cat
fe7a9f335897a509680881f7d0dfc482,76.2866,70.2483,60.563,51.0071,44.7375,43.1264,not_cat
0fba31dc8b6484b90b0f423966250e3d,138.4696,131.0402,123.1681,45.4434,52.4245,59.5453,not_cat
fbd71f850f3abfe8af8f41dea46dbbaa,89.4571,94.6929,58.2495,57.9391,57.8399,49.6523,not_cat
e7fd0aa7eae58350fb758913019fd61a,136.1572,100.7423,61.1051,63.2593,59.117,48.3875,not_cat
69f51a25f1734624f4978979f282f0a6,134.5455,136.0983,135.1337,68.1677,63.3455,56.9396,not_cat
52f3253cca2c2ac6e87712685a47c078,139.6457,126.1035,122.294,88.1506,92.4922,93.3343,not_cat
65c83722dbbc4dca029b798ca61fee25,82.8715,66.4572,51.1576,61.5546,54.9274,49.2562,not_cat
844469fd5b95e6b35e528425bd9c8857,122.4893,120.4109,118.083,80.355,77.3834,75.0075,not_cat
73ebd64b38febf79dbbf8947e409f443,112.5785,119.8123,143.2847,63.5897,64.0421,69.3581,not_cat
88748df2a93797b26e8dc33b63e66238,180.0179,159.4305,128.7566,93.7912,87.1725,68.635,not_cat
3b4925a6bc8287d74a0c7cff63836079,99.1177,92.066,88.6986,72.0865,68.9594,69.6881,not_cat
fed39cbe1652a310540f7ad3301e5b2d,102.9594,113.0816,116.6102,44.9452,49.4041,71.0521,not_cat
d54baa0b82ad544c97bd378f41af92f5,174.0557,169.1235,168.4366,79.9757,84.3582,88.1354,not_cat
34d2cd4a7f8d55a7b20488d85b4b9569,153.6743,105.516,58.6669,47.2199,59.6596,75.8631,not_cat
927e38156bb8f82ee645b91655cd5548,121.644,91.1438,70.6476,51.0755,47.9871,42.5691,not_cat
6ba2a57f1edae7cebc5a23b692805c92,109.2868,110.9499,55.7328,65.4913,64.26,48.2623,not_cat
e0242581f8113be9bde8ff9a9605867b,75.4196,70.5184,72.8499,60.6714,63.086,65.4183,not_cat
258aebfd0035c7225cf4b70ee965d3a3,102.6222,82.9506,78.3776,58.078,65.0672,66.6072,not_cat
ebf7b36a2349a3e1a4c81f3575c9b79d,128.4309,102.3968,67.6115,58.6347,46.7039,31.6519,not_cat
f807417ba3be49d1ec9feb1132153328,100.9896,85.2089,57.8717,56.7005,54.8034,45.4614,not_cat
32bce4d562ec1694722f3b1ee0768aa0,135.4149,124.1646,117.5219,70.7992,64.7448,61.7259,not_cat
b42b5ad5e5abd24c55c9d6e71e8e1e6a,108.9587,130.1674,151.7322,49.9381,57.1088,76.364,not_cat
d3bd942f8ff7feeffc76de21e42e9f8d,95.9993,105.1094,103.34,69.6344,66.6167,66.1782,not_cat
c53e5ca7b8efdd84e31a95fa74290f9e,128.3029,105.8794,99.1341,58.4096,62.7197,63.2719,not_cat
ed0be5394f0e3f0c0cc23b450fe5c2e7,120.6391,118.3066,72.1813,61.63,61.9132,55.3862,not_cat
f6e78eacb714f2d1ff594f14fb201547,88.4893,54.8704,42.9974,59.9007,48.4381,43.7209,not_cat
1e39b103a3d6bf88bb2adf8898ac872b,113.7331,111.5607,110.6697,70.8126,66.3743,64.3195,not_cat
8fde7ef3e4010df84146df0211665381,119.6075,144.8044,101.5608,66.5964,61.3127,72.3765,not_cat
3d16f2e2e396e031cea2255ce95a4895,114.0636,113.4339,108.7374,65.0647,62.8654,62.1158,not_cat
5d02a4bba6bc779dafd114e1f1d7e5b0,73.759,69.3578,64.6282,46.1497,46.7318,48.1874,not_cat
7372d2cfa69b31154540f6aa4969da69,94.8608,109.0813,95.6047,82.3681,83.9093,73.278,not_cat
3b226c65a38e898c78b68c4793ab3fcb,139.8947,105.2338,101.5046,60.1338,74.9521,75.3523,not_cat
9b94e58aed818103522db6301e8be7cc,62.8441,94.0435,50.4889,61.7104,51.7248,66.7189,not_cat
fe3a9fba0e8fe4327ac9a88ec6c9067b,111.2544,116.1191,96.3468,69.9736,67.8153,70.0374,not_cat
33162767f1f403c8048df42962de7288,141.2556,119.3311,132.0194,22.6942,24.2728,31.4182,not_cat
e0bf09d6920b68dbdc5a3c5446a4c1e1,130.158,91.4163,74.7031,69.9922,63.0847,64.7405,not_cat
21426073533fb591c996f86054c86fc0,155.0355,154.9103,156.7708,34.3317,34.7099,35.12,not_cat
172cfac29f1796635f112f4515ae7faa,137.0086,127.5146,117.6439,58.1462,56.05,57.831,not_cat
2f62d164658b87aa23457a5f72174e2d,150.215,146.8314,153.7875,68.6554,67.819,68.6936,not_cat
8a96fea2b0f0bac9dd5905615431cd3b,97.8678,79.6587,90.2916,62.7458,56.2834,47.0367,not_cat
790a62be2384dd31754925aab833eac9,102.7104,92.9237,103.6823,75.1911,80.5103,72.0961,not_cat
a08d1728b831b8957689080f49aed2f2,128.0288,113.4569,94.871,53.2442,52.7788,51.828,not_cat
d1ac7c3f0ea6b7cd4accd81d8b0230c6,107.0197,118.7984,55.6534,57.5888,44.7434,55.0006,not_cat
ee544fe8d6a1fbce5ad7b2052c5caf16,125.7835,100.7216,72.6811,58.988,55.1698,59.393,not_cat
7980221bccf8432130cb7e72f6c35a3b,100.1307,107.9225,164.8223,60.7815,54.3142,42.0897,not_cat
22fb982a1d17af5993beede16b90c48a,118.661,114.0018,110.3788,58.7922,59.3681,58.2401,not_cat
31804dcd3137c48ec8b9a082d3f21813,121.7765,121.56,122.3698,50.6394,55.201,57.8359,not_cat
90ba774180976eb28a6ced52ff7ae03f,148.6034,131.6342,114.4137,50.0665,51.6718,52.8419,not_cat
7ec3b38479a3bfed3c1160e05e71ded5,137.0559,123.841,107.0975,75.5041,80.3603,81.8374,not_cat
40dc3d630b56d9a09b696f672add3854,102.1574,113.2025,77.7935,63.6175,61.1019,63.887,not_cat
fe8b9642b9c5a82dc9f1b7428c645999,107.6204,126.0295,70.24,58.8158,50.5941,65.814,not_cat
cc02e85873e1e1a1e4abae0532bf3ce8,125.8248,131.7106,125.1429,65.3814,71.5499,93.1397,not_cat
96ac0696da3f31008a8f575e6c923eb6,167.1844,114.5788,66.0302,79.9342,76.0841,56.5665,not_cat
397129c8dd7ba52c105edd5a383ed117,66.465,72.3951,96.4969,42.4905,57.961,60.1117,not_cat
91d215b2559d58861f54e169112344e9,98.7874,91.0543,77.8832,58.8481,40.2408,37.497,not_cat
4226bab4fdb524e4c42ef21f245271da,91.9236,88.1449,90.0703,58.6693,61.92,66.2016,not_cat
2ab9ad8f239647d76d261c33ca9ba27e,83.7888,71.8672,60.8331,73.1968,62.7452,51.8887,not_cat
2f0f460bfea3de4f13c62ab78e7ef103,153.4269,148.7075,141.6137,81.0033,80.9669,81.8692,not_cat
88ec5a35dd23139ce880813081abfdcd,140.5054,92.4956,46.4178,92.4672,70.0929,42.0119,not_cat
dad95a566725ecd6d54b14ba87ca530f,134.4454,126.5171,116.243,52.2855,55.3942,54.3602,not_cat
eb7f1a058af65b4a5d37745aa715604e,85.8199,92.7845,74.7824,78.0412,76.6706,76.0742,not_cat
04823f221d76a4ad477394a54b1c5ac6,140.5938,146.5393,153.672,42.0511,49.281,60.4554,not_cat
00b48e30789025db2c4cfe931e0cc8e4,78.5236,65.9256,59.0962,53.5662,45.425,44.7183,not_cat
0655ad1f7787a11dad8c3bfde2519da4,133.3898,105.0997,89.3586,40.3032,46.6416,51.2649,not_cat
1ee68f6d6cc38e003bdb411d5bc1d352,85.0997,88.1327,103.8207,68.5797,60.5684,66.762,not_cat
f288677cefdac61bf9dc856d829cad87,172.4101,167.3178,166.9933,81.8138,85.3034,80.8694,not_cat
97c2b80c0c54e21e5530997492151e88,137.8078,113.2544,88.0293,60.7477,51.7869,43.822,not_cat
a69ba088a22eb7f441e08473fcc791a8,76.2096,68.9089,67.562,48.8649,50.4334,52.4591,not_cat
7d4206b96a5d1096d04a1238bf5c90a1,124.8708,96.1574,76.0245,67.175,66.57,65.4395,not_cat
ac819c20dea023d3d50f3e39b6b54a0e,143.2939,89.9339,60.4806,43.2092,43.3502,40.7063,not_cat
498e5fddad2fe921eaea46dd8654fd12,128.5593,139.4305,113.8723,58.6935,48.2391,57.9862,not_cat
77843d4b6d5b8cabb53a540d35ee1b0e,139.8642,111.4047,100.6415,73.9699,56.693,62.2672,not_cat
2b1e105d651933f96303217c302a9d96,101.392,99.4316,105.0272,45.5393,44.3256,47.1098,not_cat
e5a53a7d0c3413514b208322b69089fb,129.3362,132.4677,135.0408,65.0756,63.9584,63.3798,not_cat
1585ee73ef1d2656d5fb2fd917b38906,147.3728,145.6564,104.5454,46.4972,35.3442,43.8786,not_cat
071f1619761f122db2788d838e88f48b,87.231,61.9418,46.9704,55.2514,50.8749,47.1471,not_cat
d338da938d7a1600f97b684a26f6fd49,149.5335,107.4128,62.0642,78.0962,69.552,59.3854,not_cat
dd9cd0e4cf1ca96e9c9bf1debff3c0c9,131.8006,115.5515,102.1574,65.4232,73.2469,87.8984,not_cat
a6bdd08ba466d63d65b72bbea0df9425,83.3411,83.8488,75.5393,63.2774,61.8313,62.7662,not_cat
5f7427758b130e987a4695981a506603,158.537,158.8939,155.8954,61.4487,68.1429,84.0143,not_cat
a5662e59b86eed11258e626a8da2e234,116.1467,104.3367,99.095,43.3704,42.9731,40.8477,not_cat
50f9a380c5a896e6421cb17460f3f6e7,96.0185,96.5105,116.197,41.4789,51.15,55.5738,not_cat
c12cce554ed031f6c44ec7aa12d8946e,149.762,139.1485,93.2151,81.4426,80.0706,64.4572,not_cat
3d4d8b05f16bea7647eb9c3a1391d8c6,111.3991,104.9994,97.467,62.2603,64.6424,72.6121,not_cat
591bc3ca00fa2bb7211514163408d092,110.2191,129.6872,101.5229,69.4447,71.5041,64.8364,not_cat
b81d689cc6a984c27b7a97726d811df1,116.1258,99.1274,94.2106,74.931,73.2714,69.4005,not_cat
af3a2c8f39c00a33818456a024a7c03c,172.9247,150.2993,170.2194,57.7708,51.4732,59.5624,not_cat
b345cb04fb4d759e666196523ef97540,120.1865,92.1579,73.0844,41.1938,37.8568,40.3939,not_cat
e07dcfca781f4ff26fa333ee363a600c,103.3923,104.4958,101.0822,53.8683,52.5667,60.4297,not_cat
937fb170073a18c9b03638d46abc654f,78.3074,78.369,75.9297,86.4836,85.8182,85.8328,not_cat
1bbcca94c1c2e9121cff691106e4019c,114.12,110.0703,86.9947,73.4707,71.6683,68.0549,not_cat
167d3deeba963035e870a08a7b54d647,105.0727,121.5379,77.1353,57.8222,57.008,55.9043,not_cat
1d8082feefd8853c9c826fc916e8b456,140.3567,95.9198,65.0226,68.679,63.0253,55.6077,not_cat
c7a2b443e8b62c94052aea4a1cfed31b,120.8449,101.5678,82.6408,55.4426,58.8851,59.5474,not_cat
0adad8f0fbc310894fd9fdea516e5457,104.6326,93.6053,82.5077,41.0737,35.9028,34.1072,not_cat
6a447929c72064082fe1860a1a7bae71,102.4924,104.2207,77.1138,70.9913,64.981,73.0074,not_cat
a28734bcc0cfcc25ea1f43b9b74f4a0a,133.5348,127.6261,111.7939,50.0297,47.5531,47.5719,not_cat
91cfe7f9e2939093546751c03ca12fd1,134.7122,141.5035,132.7324,84.6334,83.252,71.4785,not_cat
b2c79dc3f46deba56c86f0a275500696,138.2498,136.6026,136.5662,71.436,72.6132,70.568,not_cat
09e84eeacbef09bfb4de41678fc711cc,148.5324,114.0859,66.69,51.8613,45.7262,38.502,not_cat
73e5f04d611239681d1accc71e061c1e,132.0579,138.9605,128.2274,88.9748,91.5618,93.7762,not_cat
e93bdd8edb99552a812692e00f46b72c,109.9377,117.4992,80.2809,46.8166,50.6504,36.8553,not_cat
cdd5a4af505244a82b556760bfb04c64,94.6299,79.5314,86.6386,61.6738,52.6257,64.5524,not_cat
100c661e2a761ac94cfff80086447ba7,96.3193,116.0635,65.7685,55.482,53.3962,56.8858,not_cat
b0596ca21ade1340499dbd02ec71a127,96.9217,101.7681,102.4666,72.3579,65.3983,65.1736,not_cat
4a73c6a1dae01b993559285d60637984,68.7167,67.6565,64.3295,49.6028,50.1872,49.7433,not_cat
285664cd352079f87eb198d81bc14f81,105.8032,126.4175,65.8275,75.78,68.3979,74.5834,not_cat
6bbcf0400a52d5dd443bd2615fcd99ef,104.5872,105.691,88.068,44.557,44.2209,47.5737,not_cat
573c833d81f291b92823a141448d66a5,97.2183,89.1672,85.2772,44.5307,44.2629,44.5729,not_cat
dacc67783e27aa0ec4298ccb8f13b823,64.5353,72.1358,51.3127,39.8604,38.5212,40.0833,not_cat
1725f773fbbc48f975ca0de6998be668,159.653,156.1062,160.9483,73.9907,69.411,66.6553,not_cat
cfa99e374ea19b5f440abcc231090ef8,79.711,104.2395,69.7712,72.9475,71.6351,63.9243,not_cat
4d2c805ba25e7ecf79962c21887b44a7,139.4626,113.5173,81.4486,60.7694,53.8583,42.2676,not_cat
638f7ee4c32f04b89f6217e601c0729a,126.4079,119.9071,115.0354,57.4017,61.0449,63.353,not_cat
4d2ccb80b0cf347c3853d5adb16a459b,145.2587,149.6621,103.593,74.9522,73.306,83.4798,not_cat
757d09cd54ede8999473a6d19e562eb2,116.14,135.1038,85.3135,56.5571,39.5211,55.3833,not_cat
67d2dda1ee7941793611da79ff1e587f,106.1452,103.7537,102.6414,56.378,56.37,57.8429,not_cat
b7fddcd93820a2ff10acdf5507fe3409,119.4008,95.0285,69.0591,77.3639,63.0175,51.8074,not_cat
8086fe3a3eb928eeca6eae421d8f4e88,137.7433,115.4263,65.5968,56.5649,51.5318,54.4639,not_cat
5c001decf7a4002e67a46f556455947f,184.4894,171.7938,163.7033,58.1839,64.5615,78.2753,not_cat
d262aacddfdcb29a7d60aa17269bae3f,149.2536,142.6311,139.2288,51.3173,48.8773,49.0743,not_cat
20b475dedff78595ee9990764b68e5a3,90.9719,90.6719,91.1672,59.1541,58.4289,53.7605,not_cat
a58be915c7bbaf6448b4ba67a25e6b7c,76.9943,59.8108,42.3041,48.1782,33.4055,23.2314,not_cat
eead18bd6cd9498eb75710fe4f695ef1,118.9441,117.3065,113.1133,69.0179,77.2991,81.0571,not_cat
09928ef25198698bf5cf6443df26db3a,87.7316,102.4334,90.3528,33.6781,37.4707,38.5213,not_cat
f12610209e37d360481515809cc52a74,108.0125,103.2428,101.6957,73.4876,68.7273,63.7181,not_cat
ce0b9ca99b0eafe854dc42fc2627331e,107.2383,97.4965,98.1267,30.4527,28.6703,26.1845,not_cat
e359858c3484a47ad610e76a1fe6fc83,113.1684,97.1352,72.1633,37.7225,32.2896,29.1295,not_cat
c4aada88e7dcbb4bb38a58d8df12797e,122.5169,111.564,95.0464,52.9251,47.8695,48.1637,not_cat
53249de5bbb6461e9c17cfe895084649,112.7995,65.2981,77.9813,47.4695,37.7829,42.8588,not_cat
eab56162c4efe25c5cb3fd21796ee067,121.2366,96.1571,77.8839,65.7771,68.1639,66.8483,not_cat
3cc324784b83e6d296f1796f86d8525d,134.3363,132.6296,127.4047,42.4482,39.7762,47.8771,not_cat
9a103f741c9c0865f3721e8ad3144310,123.8618,132.9954,113.6416,55.469,52.8071,59.7163,not_cat
ee9c72ec7a5a37496411ce586742082f,112.6249,100.1007,99.3858,69.6179,70.0056,72.4627,not_cat
77d3fa3a53b137f615f6f58cb1516d13,134.2688,123.7437,129.2319,70.8369,69.6968,64.1573,not_cat
7e4818df5223b196c2978673620a48a8,120.8414,109.3029,73.8832,55.1426,55.0307,46.508,not_cat
df866d821b1b207dd56c333b02eccd2b,118.9833,117.3755,106.2106,43.8693,46.8858,50.5688,not_cat
0578d7c47927652507db0cfe640e69f1,79.1609,51.9285,35.4217,56.5876,52.0951,51.7849,not_cat
9ffb2ba9440cc93d997bcf528ffc013b,91.8212,88.685,74.706,72.9402,69.7864,60.1808,not_cat
363fb3efa1903a72495a0fcf2bb56813,151.7711,141.3048,120.5947,56.6348,59.8952,58.09,not_cat
a97b55e979aa2b24be3436b0ddadfad8,127.468,117.8665,106.4432,72.7439,77.3253,80.3254,not_cat
f03df251c8d80e253a2b459bbe6d5460,113.1259,109.0359,104.6812,84.424,82.0837,77.4516,not_cat
3f859d0610d348bc78f770bcf1e3bf7b,139.1459,137.8365,112.023,49.6817,49.9036,41.5307,not_cat
e25cb364c9fc27fc77ce00aa61806bbd,89.4861,91.4714,78.7604,72.7643,55.6325,49.2097,not_cat
cec62c571405f61a0e036f863b05567b,77.1694,83.1551,45.0437,64.7006,68.755,52.7318,not_cat
5437ba07a52ab7c2a16f761768870bb9,100.7015,83.8977,55.3466,32.7797,29.0096,23.8789,not_cat
7d98e93079d47425a49074edaf986e67,104.9981,114.8266,114.8477,67.3809,67.5752,67.0666,not_cat
f3c339999243c14e3a374b65c2b4cafc,123.7463,120.5933,118.2668,68.1615,67.729,71.2162,not_cat
a18e9ca77f0ed1269e741381357d49ac,129.4722,134.2838,105.8477,69.0769,69.9444,68.7245,not_cat
154cfaad92d0eb764da0791cc4a249ce,81.0274,79.5902,75.7325,49.5936,50.4735,50.2007,not_cat
f53ec9b1dd3d917f5c6dd6f7c15417f1,157.6381,105.6069,87.2489,55.6468,55.321,58.9434,not_cat
f808cbdede01e160e0065c9b40169d4b,82.7557,106.0384,59.4097,50.1764,57.2789,47.8356,not_cat
bd9b9d577ec68acb6dab31208173281a,62.9956,51.9895,49.2094,59.177,56.5885,56.762,not_cat
7c1633e23ffe30e29825971574bc9772,122.9885,119.1942,111.8977,67.7886,69.3271,70.2819,not_cat
0b931cc7056dbaee9c62235a5755dc00,129.2273,119.8275,110.0537,44.0915,45.8881,46.8654,not_cat
180f5d053e92c5cbe55e943c38c6dd6b,140.7405,102.3633,69.511,73.4999,65.3583,72.8458,not_cat
b891ebf53a5d1a037f30a69000ed8db8,144.6892,114.1914,96.9189,44.1208,42.7647,46.2746,not_cat
e6ed2bf2ce2105ff4d23c929f9066973,131.6548,124.5337,96.3804,62.4387,62.0447,55.4831,not_cat
9e4be31eb65bab792e159dfee86bdb9c,64.0555,79.4861,54.0589,69.2247,63.2783,64.1865,not_cat
2858449a5d2e658cc2ec15a99124002a,193.2357,185.2188,174.063,60.8205,64.9274,71.129,not_cat
992f6c2d1515771b99f32f7fca4500cb,116.7323,134.8524,87.3023,39.6641,37.9471,39.4685,not_cat
810ddd7477b15110e13649f72ea29349,121.8718,107.4327,101.1462,67.5651,71.4685,76.5967,not_cat
86b1fc63324090f52e6d6fb5fa68bfa8,126.8158,104.0401,101.4191,65.6601,68.1852,61.8655,not_cat
31bf6655b77ed3f91f101170e9626611,86.3741,97.6039,91.9724,53.3882,53.4509,67.0206,not_cat
242bc314efa8a87c5bb3c7ee15c6db48,59.4388,55.8344,56.5673,56.9448,59.1399,61.7654,not_cat
ff8a65d11b2bffc8d69bae1b483d85bb,146.64,147.4431,147.0631,71.8554,67.4362,63.9176,not_cat
f4f5f6ffee7699894f5758d60d5c0052,66.6845,80.908,43.2676,39.9405,43.5674,41.2458,not_cat
a1bece3c66c3912f3860f2a1f7b6dbb5,148.7905,130.036,106.861,70.6507,63.8682,55.5548,not_cat
d7ab8af775c2169d653a868ac06fb9a3,96.1088,77.739,58.0636,63.2365,51.9505,40.4355,not_cat
6782c2c07c2450856c0642288767aa87,90.585,113.8276,88.6458,55.4233,51.1677,50.8033,not_cat
99927fc17a9d76cc232c78ea00eca369,131.0379,150.5942,110.0766,57.4189,70.5465,51.9553,not_cat
bee8a0851674cd8202c050b090752384,83.448,91.4076,94.8983,79.6202,79.4418,81.11,not_cat
15e1a740a32aaf15c6da10276f50cf0a,99.3853,101.4007,104.163,68.874,70.5179,73.2222,not_cat
363622fcb07bdf7c7fb2a9a41c779b0c,37.3285,42.0985,27.4697,29.6842,27.7046,31.6347,not_cat
c9a24d8d83306a4aee62f06a0e6e534d,161.5858,158.4839,160.4038,91.2786,95.0991,94.1486,not_cat
c4eda7e0fe6326ab3082912ce600b1d3,104.6651,123.1682,91.1147,49.9071,52.387,44.8827,not_cat
086ece657a117789b2dd288dacc88a7b,143.9332,139.1155,124.176,69.0196,68.7222,76.293,not_cat
0e312cd338a7fabc5ee2a708c077eed6,141.7815,108.5526,80.6848,59.4804,64.9007,71.2431,not_cat
5eebde8adc6d82a8eec0047f778318c4,145.3983,145.2587,132.5462,65.1255,63.6364,67.0415,not_cat
c00685de5e2bc1bb78b46d06563b12c8,110.4154,113.532,106.5658,83.4735,83.9381,81.9908,not_cat
58526148e27853d33757414aec9c7688,124.2009,107.748,88.2986,65.344,68.9095,72.2661,not_cat
c7987ea2b43bc3771998723bca6d201c,88.6547,65.6243,54.4854,56.3081,54.7017,50.7319,not_cat
b92005ff4e488408eb616a1aca24ce75,152.778,121.3329,101.8077,54.4198,59.3264,44.2431,not_cat
65f4c2e05b7303f2edd6f6b3fee48495,135.1285,125.355,94.9456,54.5652,48.6226,45.2287,not_cat
5db98d5bde36924d541921ea04aa4513,170.5495,124.712,87.0871,40.206,42.2522,42.4577,not_cat
4a0b1b38963bf1aa695096f7af02bc46,113.8664,88.3509,79.8998,99.6529,84.0658,72.0097,not_cat
867f7ff1ced1d69c604c6ff69a72d992,64.0334,67.5158,42.1089,34.5216,29.7582,29.0476,not_cat
844ce5f0869e8391b8d5993d42971310,107.5565,121.6062,107.1645,52.4154,46.2744,60.4901,not_cat
f6dbb9d4288fdea2ed2c94f24c3c55e9,157.2198,127.8774,88.4154,58.0384,57.0369,54.5761,not_cat
8e534818429265740a15568f97ca44dd,102.0033,122.3469,91.4634,45.5394,53.9051,45.3389,not_cat
141be1c1dea5587b9341ff7172ee9c74,146.3766,146.377,133.2663,97.2648,89.8751,95.8004,not_cat
fe1ee0cce91e15e557bb5d974f722afa,94.9154,93.0882,79.6413,76.3119,72.9237,77.3676,not_cat
01b8586c7d0715b89d11047c1ab5c114,104.2576,92.6282,76.0483,53.5084,51.44,49.5711,not_cat
631d4219b9115362c055e23e98907f86,124.8443,101.6242,80.0285,48.0569,55.3271,50.9134,not_cat
6fc09d4b41de95cb209f4e366b297f12,164.0856,144.1004,71.9925,64.3511,62.7853,52.8841,not_cat
41b446a3304037bcd9cbbd65f301dd61,176.4673,173.4556,169.3809,57.1807,55.1117,53.4525,not_cat
552b3acefb67e1f066b9eece9ff00d37,126.1473,145.5482,127.9629,59.4695,70.8874,62.0034,not_cat
ec49b3315ea1bb08bd0c00f7b1662c97,101.6693,98.2701,94.9513,62.5688,60.6294,64.3474,not_cat
3fbbb7cd234df5ce86b19aca8cc02f08,151.4935,126.6992,96.7872,59.6822,61.3999,66.7823,not_cat
33d6b0bca4d790f27bf54b2d1f7356e9,117.9287,122.5186,131.0427,61.8107,66.3927,72.573,not_cat
77f2656a1b6e4430ea4f8be6e54e71f0,75.0949,53.3755,43.9338,43.4443,38.2152,34.4635,not_cat
db784f2e65fd0387b670a67cc67b3229,103.753,80.4672,62.377,61.0093,58.0891,59.4459,not_cat
cf1b51d03bfb8481457fa94661cd5833,129.7236,95.2033,62.7509,60.1568,48.9659,45.6176,not_cat
f9357530376fe3951f384d831c4936a0,131.9839,113.5446,94.3859,27.0098,25.9078,28.8793,not_cat
7ab31e75b0ec6ed675693d7e5ec150e1,127.2294,106.4603,61.8919,39.9167,35.9962,28.8306,not_cat
e12aaf93d35b144826ad05ef41dc4a68,86.8791,88.4891,87.2673,48.2802,41.6375,39.6614,not_cat
7672fe2463e68835f6b4e38233accfa0,129.284,111.198,100.3141,83.7102,84.944,74.284,not_cat
6fac252088daa4097855a8aa8c121909,126.7291,129.4424,135.8777,50.4644,71.0806,101.663,not_cat
833a30ab821223f6e08898e5caa9e052,193.9979,206.7185,211.5377,45.397,45.3362,49.3463,not_cat
e3c5363692d7a025643993362a75350a,104.7494,103.0097,94.1132,65.3245,65.1411,60.6488,not_cat
e52c2693d4299ff139de3f48efbf0088,129.0376,117.3037,103.8809,57.3469,51.7902,49.2327,not_cat
df2eb67f36a7cae00061262dd69fbb69,149.9677,129.4779,104.8232,55.2307,55.2249,55.5688,not_cat
a0c9365d599894ff43a8d46147886532,157.8707,151.6439,147.1401,68.5166,67.0542,65.9134,not_cat
3fe1deef6fe3ecd6dc5c309ccd1e4e84,172.021,161.3838,144.1548,60.5808,61.856,61.2174,not_cat
1d548821d928dea352e71ca789b6c0fe,146.4268,159.0127,143.6438,82.1616,81.193,90.1465,not_cat
1e98e14e5b66887e648e38b29ff11984,97.7803,96.4682,95.2342,66.381,68.4037,67.2394,not_cat
3e435534d350c6f2d22f732c38a8dffd,109.5355,131.3799,95.8409,63.9405,73.3024,59.842,not_cat
bb15862808f2907ba56f2cbab3550860,113.6018,92.6203,53.6601,67.6243,63.6983,48.2005,not_cat
6db221cb35cd9c26df040bfe98db9972,130.7686,120.3672,116.29,86.1693,89.2326,91.5095,not_cat
b56a0909c4fdb44c79e609f6e3fe7589,67.8765,57.2022,48.9521,58.0957,49.486,41.9855,not_cat
603e9d3965924f2d5ad814afd3c88d0b,141.8199,117.0081,83.9209,44.2232,40.4464,38.6157,not_cat
6386632de2ebc00192a2230a939c1194,147.6041,111.2809,64.2858,50.2476,45.3406,35.664,not_cat
28a16b3decefa8b4a09012c82a2dfe80,85.7058,82.8681,71.6404,73.7428,72.5806,67.3465,not_cat
998bcb2a0c41c879a602182dcc71a9ea,141.9913,137.0431,147.583,68.6394,70.3216,62.9213,not_cat
4016992f2611faf3b58a7eec2ce373cb,190.1994,191.0896,192.4786,54.5802,63.1231,71.3696,not_cat
5154de7f1052a78f9832ab883912f11b,83.3701,87.3677,81.0418,64.6178,61.5817,54.9522,not_cat
8b9c42cb1b1b628b2ecae6d4d01b92d1,123.0462,108.8037,99.146,68.6329,73.179,76.8531,not_cat
b3e3276255ce4593d206b1f0a52f9e54,62.4822,51.8393,50.0761,68.7791,63.2993,57.0372,not_cat
263efc9723df31da1c9312056d5be667,68.5338,50.1472,33.7013,61.4648,56.0237,48.627,not_cat
45a35f579b4549e9117d2ed7e056d11e,126.213,109.5899,92.9754,64.3777,65.2919,66.8737,not_cat
facefcf59ecd3249420a14864c0127d2,109.793,122.2167,127.8472,61.7546,57.0675,71.1374,not_cat
a964034900c568bab65d8f9f5fb32096,177.6316,135.8717,109.4635,50.3156,47.7136,44.702,not_cat
7ce176626f1e41ca2c4db2a4487cbf80,120.8164,114.6207,97.8201,46.2178,47.1396,46.2735,not_cat
eeb3f47b59a31767a47b730a504e9292,154.5506,49.608,44.3281,44.6448,66.5147,51.3046,not_cat
f627ec9bd067cd96d62345a4553c1796,191.7801,199.9162,187.5648,47.391,31.3431,43.5811,not_cat
1389f4470580873b5ea2adf7180a0fb1,141.902,111.4415,84.1188,46.9827,57.293,47.0235,not_cat
3868a3a6e175892c3c96df07e0cef51b,176.0329,160.2812,144.8685,83.5452,85.1105,81.5178,not_cat
1cb0c12ddbfb483dfe1f18494ea677a4,74.0415,67.9296,43.8183,66.2294,67.258,49.8197,not_cat
ec9b6b19b5ddd3df7f3113de0a192f1a,120.4316,116.9055,108.0923,64.4718,65.2697,68.0188,not_cat
9103021ae2102d90b9672b91e284f835,149.9928,141.4346,133.7153,52.3902,55.058,65.2158,not_cat
1364e873f18c5804e14db3dfcf779471,108.8861,71.6104,49.6177,53.4423,46.7513,45.931,not_cat
2f7ca09dde2614b63d6e4147703fc0ad,109.7242,83.9578,81.5356,58.5674,42.3654,40.6253,not_cat
15133a5b5047b7d9dd5761b838127d34,132.14,91.4427,41.3873,29.1132,22.2564,15.6946,not_cat
7efce924f4f230762469cc67fb14400a,133.1903,134.3906,107.6238,69.2742,65.5626,75.9687,not_cat
faf4f5999e591ca836482700695903a7,117.4638,101.6425,93.3733,65.2086,67.3265,73.6862,not_cat
41fc0940603e3208d6b490d57056f57e,121.1007,118.3431,103.9483,70.0234,64.2615,67.1464,not_cat
dfb5bfa44a39144a6c65543501ce6f31,164.7342,149.6889,129.0652,62.5296,62.839,66.4857,not_cat
7ab044c4e661adbdf7771cd8880b3b1f,82.5976,66.0438,41.5847,72.3309,57.0856,28.8717,not_cat
5ca10d59d213c486a3515f5f2e8cd793,141.4412,117.2409,113.5675,38.485,37.6522,39.7967,not_cat
617c369dd2d9d37e5ecbf8cf4648999a,126.2552,104.6594,84.498,62.4765,62.5354,65.1894,not_cat
f284b4ddb6d90f5b68fd60b74055a06c,97.5219,95.5817,92.2483,70.3399,67.8245,65.4015,not_cat
0025b45232c3e99e914e9188e57df7bd,162.5826,140.2313,138.1964,44.5361,52.2533,50.8743,not_cat
59cab78b00321af636a8f7075b357214,105.6331,93.5809,84.5461,74.8465,69.0844,66.451,not_cat
e213013718136dc3f5fbcb7333d492b9,102.0402,129.4509,82.2268,43.2255,40.8906,47.2771,not_cat
ce49c55f7cc6bd207f0071a9b728085a,181.5336,171.2591,166.6148,37.4572,44.6491,51.0443,not_cat
66c9fbab0a84a0ba522582bced2d813e,172.7148,166.0829,161.0591,51.1703,48.9575,48.414,not_cat
daafacb892b50becf3fee2e9434a1e20,139.4346,139.1695,133.3649,58.8888,55.9285,63.0659,not_cat
9d07577bb5fa1d5d25a33fa560e038a1,152.2258,152.2258,152.2258,70.9443,70.9443,70.9443,not_cat
d476b7050ddd38cc2cb6cbad96513b5a,165.7211,158.6092,145.0659,83.5116,78.636,70.9203,not_cat
94a7609cb41825dd5f28daf57536f859,115.069,107.3392,112.1328,45.1811,45.2094,46.9762,not_cat
ba69cc96bad41e1a3cf3ef5bac2c3d27,108.8608,97.8092,95.3334,56.0767,65.8208,69.0446,not_cat
947bc9cbc08a4357308a7b0291ebeb88,90.3509,86.9601,91.1153,65.4182,63.489,62.1472,not_cat
0be5210e4520ffbe6ae2d85f74e67a6b,115.238,115.6845,120.6143,38.3528,40.9562,43.3434,not_cat
6db878ef5af10edd18929d79b4b63cb1,169.1885,163.7808,153.7328,48.5029,53.1855,52.4018,not_cat
06ce7e2e96b29c0a6932548e3ec8310e,182.657,180.0402,180.0339,44.6222,53.694,61.3942,not_cat
1edc43956bf08529756df8a0fe62ae38,132.9576,122.0601,99.2694,60.2908,58.2901,52.1243,not_cat
4e498f68e622c9d8627e32b74a5f26fb,114.5702,97.8284,79.2887,45.242,45.8125,49.5972,not_cat
73f9e7ba412e0c0b5248f5c8edcc1ba6,175.207,158.3448,134.304,58.6954,61.312,68.2504,not_cat
304af29456e9b7d94a009f2cc2236adc,114.9237,104.2824,90.474,55.9947,59.8206,61.6439,not_cat
cabd935e4191055cd8b9b97e9dcc1f5b,91.2093,83.0837,83.7227,52.9033,49.3715,50.7792,not_cat
0652e2040332b18fa58b214eda8b40a1,83.613,156.6079,132.9094,48.6618,58.3211,56.9999,not_cat
da75b840cadef4b11c7ab53d3767ddcc,125.7787,102.7452,86.3857,50.7883,48.4764,48.2293,not_cat
b1bdd4de4c188d2c1411de7ca0db1a41,127.0049,116.2022,91.7393,67.0319,65.5272,55.695,not_cat
de5f852d0d183f9b123c84ed47dae6b6,211.5124,211.6982,211.8199,68.3875,68.4626,68.7043,not_cat
5e40d127ae5dbbbebbfbbba2c068bfa7,107.4444,115.8717,97.1052,72.276,67.0581,78.8458,not_cat
bd6d5fe151dc1d25110ee9427cd621f1,126.6188,120.6307,112.6543,52.3663,51.4457,59.592,not_cat
769d279ac8baa6f48cc18fb47e4bccee,55.3661,60.016,62.3214,60.3351,57.8396,54.4023,not_cat
a425a8f277c018807ac03c439239f9f2,97.0013,98.038,81.325,62.9079,59.5918,68.7848,not_cat
f8361fefc7fbb1b1c18cf99b6ecec0ac,57.0748,55.2769,50.7496,50.8898,50.5493,51.0472,not_cat
dc55c6761094f36d39e02f5df2aa4ea2,140.3725,108.2633,81.8671,65.2812,61.86,59.6191,not_cat
1d9c6fd83cca7c93590ec794968f68af,146.0704,126.2784,93.3376,56.9443,57.5541,54.6171,not_cat
2b5b483dad1bce701b4ff8e7aa76b6ea,85.8952,84.1094,85.1294,43.4365,44.5994,49.0747,not_cat
409fa29082f1fb762d99051f47d421a0,112.6879,101.6771,88.3717,52.5083,53.4304,52.2056,not_cat
30f88a9f33657d5d25cd13f6627a40ad,102.775,97.8955,104.4201,44.6675,50.5601,59.3466,not_cat
b4c50505e205ee774b3d03fe2ab59b8d,92.0107,95.8773,93.8652,35.9994,37.0615,37.9035,not_cat
1d0248411e882db3cec746d0371ceb2f,130.7115,125.6792,89.571,68.0478,64.1702,59.6908,not_cat
4634173634f97dcaedf507000b3845bf,72.3755,76.1513,60.2827,40.5537,34.2371,36.1796,not_cat
ca32be55bb1232b83972cf2ed43dbf02,111.4001,108.6857,106.1375,36.7164,35.7146,35.4942,not_cat
2df8b67aeede8aaa6ad66bc0835ccadf,130.1351,119.8109,95.7336,50.3532,47.4407,35.3733,not_cat
d33d04b7a7acabc974c8ed7b338fcc0b,132.1487,135.8034,126.6289,55.139,49.0751,61.692,not_cat
2bf3e55673783fa3cf8e9e5c90818d8f,95.4836,95.5882,84.4795,53.0975,51.9804,56.4486,not_cat
77b5863f3bc593a1aa3795ad88fc5c27,115.0178,148.0483,98.0202,48.3569,62.0364,46.3515,not_cat
3a3e261e14ba37aaf508597dcd1b8408,140.2701,143.8295,151.0294,38.6013,54.6706,83.8679,not_cat
0dab1216bc46e89ac6e80a493e8d3331,106.2492,105.2052,103.4947,58.5369,56.8546,62.1429,not_cat
e293d881996e2b3c79180633e3537bf2,77.837,79.8781,78.1955,76.0185,75.9779,76.2893,not_cat
a847f4b92db7a6128dfeece63e769c38,132.1378,119.9442,108.5476,67.008,59.1872,56.8911,not_cat
fbd14e437ca72d663285cf6aa8cdbb72,98.1052,87.9374,73.0978,71.1906,65.7137,66.7588,not_cat
23cfe743c9a8f267fa824390ce2b3ddb,76.5219,77.4539,65.4157,88.6964,71.5936,70.4774,not_cat
e62751c8f243a340665d8767de04fe4e,70.6782,66.4409,63.2816,51.0203,50.8816,50.7194,not_cat
cd57de0fb4c5e061aa47e9ce7f282307,99.9645,77.3302,58.0935,61.263,59.3587,52.7365,not_cat
72e7d3e8211091640b1366f2d7ae5e1b,138.9467,147.4427,176.7434,68.2067,57.7617,72.0333,not_cat
5b8c109ebbc09efaf0ad686bf467cbc5,114.0107,118.0638,110.3197,80.445,79.5425,85.5333,not_cat
1d8caea53a8149cab157cac2d9d780c6,153.1075,111.6834,83.682,70.9472,56.4028,48.7691,not_cat
9940a1bdd59f629afa5ee0a94f788e7f,142.599,143.6176,143.1514,19.702,23.95,31.9101,not_cat
ed9ab65436f9748905151fb641d19310,80.9801,73.4702,65.0145,61.8049,67.1945,68.6499,not_cat
fe2627584011ae8ee05761db3084ebde,109.8404,110.6843,101.3584,66.1106,63.2405,74.1823,not_cat
200ddf91d61c36125cde89377a3f0373,94.1052,84.7647,56.7461,38.5286,35.7796,32.1521,not_cat
729ca6cfe9ae606f72e7d995a90a0bb3,78.2677,74.8829,69.7482,55.281,54.3196,53.2816,not_cat
2fa6d7d793b3ee5875032d85eae9aef6,147.8146,127.7371,107.2949,59.7448,65.0937,73.9404,not_cat
8d7344aa92f31c873a3c0c4b6136aa28,111.7746,122.9504,104.4765,64.8211,56.7481,68.5087,not_cat
60892a72e773a5bc7280b0fae09e22dc,134.9507,125.7991,112.4445,44.1519,42.5553,40.9047,not_cat
9701d5cccf80cd3e496e6902fd9a6a36,68.8805,77.6092,76.7306,60.5941,47.8373,49.4493,not_cat
2ad876117dc0c8487e4d236d8980842a,103.2047,124.6846,87.1355,53.7306,48.5141,59.5102,not_cat
b023ee02fdd7b20c77b822c104198312,92.7531,74.7648,66.4383,46.4583,45.8994,45.9512,not_cat
6905e3b9295edbf3611a08906f069314,120.8939,125.7526,133.2561,59.4943,67.4554,79.7093,not_cat
f5f05ff4132013927828679fd90a7a25,86.834,85.1712,70.8286,51.6653,52.6354,57.9509,not_cat
c75a990cc3f4c54facb0c0a35083324c,155.5304,139.8053,148.5145,54.0974,44.1069,34.6913,not_cat
a622118b10f0bf3de7beff6e5d4275d5,154.4693,154.8876,153.5651,38.7783,39.4369,40.848,not_cat
6778bdd4d34e5418fe79fe7ad53b478a,130.5781,130.2955,125.203,60.0986,61.9941,66.653,not_cat
29b430f097519c181c80349079d3fc0b,88.9942,72.8425,64.4893,43.4499,51.2962,52.7927,not_cat
6217a41472eebd979fe52f3fa69474a5,100.3313,92.5178,85.9625,51.782,53.4316,56.6006,not_cat
9165295526d6cbf433d0e486bd4514f9,139.2595,135.1392,139.1736,69.6316,71.8809,76.1674,not_cat
f89fd8adb2c44d2772514762c351fd78,124.1976,119.6939,95.4875,41.2646,40.4574,49.9491,not_cat
88913772c8229ee9995455bb788206af,208.7022,205.9126,202.2443,62.8761,70.5914,67.806,not_cat
19c5a8d796dd099588c99ad2eec09667,164.8177,155.9641,126.6802,48.5126,46.7054,42.9432,not_cat
88efa96818454efb048af094f061da2a,128.7691,98.7303,76.0193,76.5891,76.8434,73.0607,not_cat
c248ca8328f52f995435d1592b924e7d,167.0964,162.1313,121.8958,50.5241,50.0564,54.276,not_cat
59c01713ee236138604ec7bba925bd5a,103.1632,134.6522,88.5696,27.2411,36.161,25.4987,not_cat
cebc9c9cbd775ed5b078fa30f2e06ab6,46.6534,36.2782,27.4656,66.4874,57.9529,51.824,not_cat
1ccd83ab4124fa19fe5724535d5b700d,87.6177,46.8448,39.6281,64.5086,55.6465,48.0311,not_cat
1c5cb7a29bad517d4ee480aeea47d74d,120.3753,119.4605,114.2097,72.1123,69.0452,68.2491,not_cat
8819aa8a0aab685120bb0a7f45cd9161,83.1873,81.1466,57.7571,81.8154,71.6419,63.3261,not_cat
831639ecf77bf6333e11a8799e642001,159.2299,158.3871,107.9772,48.2172,48.9086,49.8466,not_cat
2a7299d02396c3e62354da613c6179d7,124.4828,140.9219,116.7137,71.222,68.2299,71.9529,not_cat
72f5c4463ae31b5449215fbf822a3419,134.5885,104.6892,72.6175,73.1878,70.0,60.3435,not_cat
9de32000687622a3389132db623470b9,118.1184,116.8525,100.5205,72.1247,70.217,71.6238,not_cat
f520fb2f4a5dced856bf9d3a59d785bc,133.0412,155.1476,92.3067,54.7179,64.2753,47.1661,not_cat
579a1097bbc3b5cb4c8a40690225bd78,107.337,92.5536,80.1371,73.1167,73.1008,75.1407,not_cat
d2784d014b1bc31a55f3ab8b2bc6d08d,155.5011,128.7223,143.5261,54.323,60.939,69.8478,not_cat
74599d56094c2633b3c1bdaad3801d8f,140.1369,112.0758,112.1149,52.7866,58.9967,61.6684,not_cat
5f93a8366ffc15137410404348a5e3bb,122.9966,108.6256,95.5799,84.9462,78.6866,69.2647,not_cat
b4a84c7b58e9beb94ef271857b4d20fb,133.7118,128.887,120.8073,74.3348,64.7741,61.1203,not_cat
04ec8922ed0a9eeb6b42f1668a2b9dca,168.6505,167.6351,169.4291,56.5479,66.8846,73.7452,not_cat
51e3c2025186e09bab4f317fb4dbf642,100.513,95.6222,91.0646,81.7527,81.0516,78.3357,not_cat
dc59d57caecdf654f310a0d0a6c6c603,113.3107,102.8068,94.5149,52.9934,53.4168,53.7952,not_cat
24cdc5803e01134f9bfc19f349377fc4,129.0691,120.5463,133.7521,48.3905,47.1056,46.9506,not_cat
0591c473ec146ed0d92419710761fbe5,101.6657,105.8781,94.8611,74.0406,73.9315,69.5987,not_cat
2e6629c02d50dc09dd930ced465a6a92,162.7471,162.7471,162.7471,70.853,70.853,70.853,not_cat
ac3c803c59996babf0841f04b1050d24,111.0845,103.4581,103.9239,60.7507,63.5315,66.2624,not_cat
37cbe8d1822737e0a051149d33dd86a0,129.3798,88.0029,84.8573,64.1379,65.8411,64.3199,not_cat
8882a039b03d380cffbd232bcd352919,103.7336,110.9225,70.2041,60.5086,57.1534,63.6832,not_cat
ea2d161b1b518dda3b85c2886007f8c7,89.3075,84.2656,86.3426,87.8574,85.6821,86.5461,not_cat
5ca8e70a7638343458b0fde8e2b73537,140.2356,122.6284,87.4726,55.2797,49.8474,49.3122,not_cat
7dd3e411edd9076cbc28cb6202d43e41,138.3519,100.1396,80.8888,55.5373,59.5388,52.6739,not_cat
fa0eaba2a5ab0fa23444fef28cc6a074,93.6529,86.9507,91.7586,70.8054,70.9505,68.7642,not_cat
d054fdd007f5ee9abee8f9c1880c545b,143.6009,122.2725,96.4202,78.8755,77.3027,79.6502,not_cat
9ea528567a4e597794d5878101923a50,132.4514,116.3244,88.1292,76.3385,71.4829,61.624,not_cat
fb219550ea8ef75e94f5f170a25caaf6,118.7707,84.6088,61.0031,41.921,37.5359,34.7752,not_cat
f55ed1aae5554ba0619524312b916e6f,118.5908,160.5488,199.5131,20.1967,35.5488,49.6362,not_cat
f1574db8dd6080c7147df1e96e9f22e4,96.9059,81.9515,62.0485,74.4502,65.9162,60.6827,not_cat
becaba469cedf76a33ac575bd0c6b085,112.4519,104.8429,98.3384,74.0697,70.0526,70.573,not_cat
4cf6e239293fcfd5a2ab3bb00221ef67,126.663,114.8056,96.9908,59.0928,53.7204,46.237,not_cat
9353906e87741bcd01ec9a84c576de8c,143.655,133.4156,115.815,41.7489,43.823,47.7125,not_cat
91e99128caa98564fc4eceb38b9058f6,76.8178,70.8289,59.7875,68.4962,65.6649,63.7699,not_cat
12ee3918e6ffb20db4da595451c5770d,95.3253,83.8426,68.9071,78.9432,70.8595,63.0735,not_cat
26e5b6791c15d3cba8dbb59bb40c7653,128.019,136.5015,106.9105,59.7424,54.2116,67.8136,not_cat
2746b2b0f1b368379a15d7948f6697f5,111.6396,112.5804,112.67,72.3426,72.2236,72.0709,not_cat
80d3efd418cbccc0d546e5d7dfc262f2,113.038,116.8718,66.0157,62.6063,57.8046,81.0422,not_cat
8ce438d80929d794548117d0717c4858,157.4854,130.1251,126.2588,53.1935,53.1507,54.3254,not_cat
f8d222968b3d09e3c42aef6fc5e280b2,167.7405,150.2293,133.2858,83.9089,82.2879,79.8117,not_cat
f473618e4eaeb4791a22ba7be2d6d7f6,138.173,149.633,104.8582,83.8233,77.7253,93.5597,not_cat
a1169927e26763dc259f2b83c1535778,123.8454,108.2214,87.02,72.379,64.1902,53.8066,not_cat
6352a921bf547e560955e1634e36afb3,136.0645,121.4037,117.2432,59.6132,60.2103,57.9348,not_cat
5d3f79282cdb724f0470b397a22eaa46,91.5223,73.574,64.6353,83.1234,75.8034,72.9706,not_cat
81eb805039cdbe8981c4a3a5aa7320b9,151.1658,135.8797,119.8841,40.6233,43.4846,46.1981,not_cat
cf528674c1093250e554bb9d65e30de5,83.35,80.8115,75.4391,55.9059,54.9773,56.4065,not_cat
44d9377e805062ed53c38b95eba2f84e,105.6703,111.0651,118.0515,87.548,86.8576,82.3384,not_cat
ec62928122e852213bdef24982e03d0a,141.0065,144.5404,97.3201,51.751,49.8828,60.6508,not_cat
6b7788dda2dd5cb981d96e421ea01e6f,76.1768,81.1332,58.894,60.9897,65.9143,48.698,not_cat
36240bf68ced7cffc218d0ec9abf2065,96.5331,106.1925,44.1859,40.5242,39.3083,32.0561,not_cat
6864ceefe6f057d49245f619beec6d0e,78.7294,66.4367,57.8456,52.097,54.0613,53.4872,not_cat
7bcde6df0859e2b1cebfcca74608d38b,151.4278,147.8102,145.6515,60.3347,59.369,61.9425,not_cat
2286f5118bbedd55c01b8088913d7083,170.5721,166.2589,167.537,77.2072,87.894,89.0895,not_cat
64bf7d8ad3fb2647cfa8c3df8e93f447,162.1812,157.002,156.8458,39.8281,42.1989,41.1795,not_cat
921bfb261e4db9c09454e8d441a89b77,125.5839,110.2641,104.8751,57.6817,58.9307,60.5293,not_cat
3d8745b8276fe9ac4c669185c097f03d,146.3713,133.9958,119.3931,71.0325,66.2512,58.2484,not_cat
1aeac40941a926b99c521a88c293b972,122.729,124.8595,92.6326,53.5209,48.7519,50.7907,not_cat
4ea145594be9315769e9656752f164ee,71.9711,68.7569,61.3393,73.0353,69.1229,65.7929,not_cat
6a27c4d2a46af50805fc58cf20288ef3,119.6892,129.064,112.8168,68.8934,70.9544,57.5121,not_cat
44cb685c4a1f36b27418aba8dbcf3424,94.4291,99.1005,66.1607,75.4529,71.4024,65.7965,not_cat
cd28e7aa7adb0a227f6c68bb56754fa1,137.709,134.7488,131.0347,31.2235,32.7017,37.9891,not_cat
262c42bccba6c2a193b67d0801f3e0e0,123.2074,123.6013,133.121,50.4078,45.8892,40.813,not_cat
d5d0ff1ae04bfd4c1fc9ae73ff9ff2ab,119.1302,105.9664,78.6367,38.4488,44.8974,49.0304,not_cat
11bff88776ee543cb6fa9b2651f61764,120.7164,131.8119,86.0303,88.4496,89.8734,80.2325,not_cat
2cff2e807addf5a1afd67c4c6184e5b9,146.3089,117.0012,83.0783,56.1684,59.8472,52.7802,not_cat
086024bcfbac5a4d859a2f6ca59525a4,129.6786,134.5892,127.1967,65.3431,75.4632,84.5465,not_cat
58c3b5b95612c25c93c8f1cebb4beea8,114.9364,107.4136,99.8177,65.7652,65.3855,64.6991,not_cat
aed22393bfd58864af279acc38361852,70.9034,67.3727,55.3741,72.9663,70.1108,65.1136,not_cat
a39dbc4c6d64d0a2a01cc4e3510e5e05,147.3879,157.678,136.6993,58.7674,60.5474,60.7725,not_cat
bd4498b541990aad27e98d573204f8d4,121.1472,139.1327,161.8955,65.6525,53.4462,54.1073,not_cat
2fe0eb8e99f736f95258a0ef0a374ac3,144.3792,137.1232,123.9431,65.0359,60.0986,54.6709,not_cat
026918ce3e62bbc2315712d0af3bcdd6,188.0994,179.7499,177.5537,44.6912,50.1496,63.7866,not_cat
5a800b7a70e69ddd8727c99285585e74,114.6133,136.4822,120.4201,61.753,57.4832,57.4144,not_cat
ae72b6fc9d318be9390f6b22379daf93,122.4322,112.9342,108.3728,56.2579,56.944,57.8361,not_cat
db125f1159e913a2e793f6395edf44d2,146.0496,132.6295,94.7389,31.5818,28.8245,35.8441,not_cat
b5544d5d1d754a5848cfb69a27fd5e76,130.8104,117.9945,89.3432,66.5203,61.9356,57.2113,not_cat
08e2850d3478fdf8f3cde395f4034deb,113.0537,100.2666,92.181,78.1896,81.1054,80.3975,not_cat
e3ab2f6ae539d744b7f588e0d23687d2,96.4458,84.612,87.4,47.3579,48.1707,45.1967,not_cat
249cb924d1ef4486032b06ef6dd75708,140.5925,145.625,110.4292,70.736,64.3532,64.2129,not_cat
5d202ba17ea7d6bb1209bffdfd1f0f56,112.36,107.907,105.3173,60.8755,60.5129,61.1024,not_cat
3ef994797e15c021908b735e5d04a4fe,108.9369,92.2132,80.5027,72.6732,72.3715,67.2929,not_cat
a1151275d285371659084d75f8ce16fa,114.8141,102.3711,98.0623,52.1336,56.4836,64.9282,not_cat
fa7edd8c2f028d7ad45454ead4464368,90.8479,92.1822,52.2569,60.3876,46.1433,54.0562,not_cat
47da9cda0aed29ff4c6069b5cdeef09a,124.4326,119.5866,114.5411,82.4585,78.5305,70.6289,not_cat
927e6351247de6add17815ad1b068821,114.0542,146.9527,78.876,37.6326,47.7919,25.4182,not_cat
4a5912a90b458357d9ed87b90868cb86,120.9774,101.145,101.9469,58.04,69.8948,72.7621,not_cat
da51883435ff7e49fc0834eedb458cf3,115.8174,105.8945,93.235,83.59,82.776,77.5613,not_cat
4dfcc78568a54a52d0f393d3f9fc733d,123.0356,127.989,62.6729,58.7068,49.3465,71.6851,not_cat
80a08bf7b86f9d4a088b6798eb0f80d5,117.0062,123.5481,129.0209,63.8119,69.1754,78.4762,not_cat
00b28da8b29444914f30bb927f0a9081,150.4008,130.3343,118.5322,72.8118,60.9252,51.1589,not_cat
9ab74d1a2decd1b0c8d971c6e491f87b,149.7654,144.9521,145.4295,55.2063,56.0733,54.7858,not_cat
02d387164a74764ff16b520319544330,157.6406,152.6477,149.8153,73.4058,80.6842,87.2945,not_cat
f9e4024a228f87def93186e3d72958f3,136.4187,123.6415,111.6673,39.5689,42.1448,46.5208,not_cat
855d9ed50790befa46e624558d24df40,145.7193,141.3268,133.5135,48.2856,46.8366,49.5267,not_cat
5df7c717f3e9982914eb2aa513f2a2f1,72.4833,88.7973,50.975,46.6743,45.6061,43.0761,not_cat
ae9fc2def3bbc19057a2a65e4291ad5a,139.7422,111.5882,110.6308,84.9685,81.9143,82.5285,not_cat
2572d83c35fc9f8a625e137dad1a6150,230.8611,220.0629,192.4641,44.6926,48.3836,47.3962,not_cat
1fc3e200cbeba92b8629987d04346fc8,127.2926,126.6989,117.0022,58.6377,55.4621,59.0828,not_cat
b94819032eb2544d4bb2600c6075af5e,179.424,124.0727,120.1496,40.0654,57.1248,49.2543,not_cat
1c19612a0da54cc8207603138548ad4e,134.9454,132.3914,133.7205,64.4701,68.0826,73.8648,not_cat
e0fadbb9509b85ddf3fe8c0505dc8fb4,65.0126,52.3872,35.4474,51.59,45.0035,39.8581,not_cat
9426bb5f9846c8c9c162d7a163b5dfd2,171.41,149.8658,100.0547,54.5726,55.3958,53.8846,not_cat
03be23d29ef0e765e4d64a95c8d78b79,92.9211,115.1649,81.0705,59.1347,48.6163,69.0757,not_cat
da2c41c3e2205817266461393761cf2e,136.0396,133.2515,107.7429,65.4369,63.3439,74.7029,not_cat
b48cc6c71c71dee95c5259c9a9606c0f,134.0299,180.1414,129.9417,38.3559,37.9357,37.0087,not_cat
ec9ef07bfc9fc1316220b234fd23fa4e,112.2361,123.5951,56.6791,39.0139,35.7563,31.8847,not_cat
cabd409c0068d3f4b33af706ecfea4cc,44.2011,39.7406,39.3596,55.2698,52.8112,54.9633,not_cat
48244a90e0b4a4ad50b4b89ea186aab8,103.951,103.2168,70.969,49.5865,46.4022,58.8628,not_cat
3a0cc8d22f08375ee9fc65a4e477c0e9,139.1614,139.2664,142.6342,52.9943,49.3467,46.2314,not_cat
7e87ee82bd32d82f2eec5d8432466906,95.2003,110.4599,59.806,53.8469,55.9007,51.1048,not_cat
e25b00ea4218ec8c937de29a87441b5c,110.3253,97.1021,87.0721,45.698,41.224,39.2601,not_cat
ec675fc74caeee097fd9a0f78a98ce54,86.2353,87.5801,82.2506,52.3433,53.961,51.2902,not_cat
cea951d2dac02db417468c5369dfd6ef,105.9187,89.6909,54.0267,79.4071,63.767,49.5813,not_cat
6ec4778d3896cb8f4f12de9af6c4c469,135.4261,141.6262,111.7803,48.026,47.1541,45.8459,not_cat
f7ecf7d15139c37243aff876ed040252,123.093,100.3431,93.9457,81.2685,74.8308,79.6248,not_cat
fc7f0ff0a123da3410d24915b7577325,55.1741,60.4955,30.7537,47.0772,49.3717,33.8154,not_cat
5cd46b8ad98d5b4242ae0c566cfbb084,130.3059,80.4806,45.8509,54.8788,54.0752,58.9847,not_cat
791446104843a6075035e8c103692d1d,102.0003,84.5726,78.7922,55.3567,61.7635,64.5971,not_cat
75e6aaf35f8e1f69ffe635e4f6d16878,131.9926,115.8675,104.3592,62.0326,63.2989,61.8186,not_cat
a7dbf62a8562f58df08560c7fa142578,88.7663,73.8515,57.4185,66.2995,72.0716,73.5445,not_cat
b5c927f04df2db85ec946384f5693cb4,84.9218,80.3884,66.3977,76.2756,69.992,70.1041,not_cat
e8260c924046179fa2a3203136d2e69c,108.0253,81.582,68.0658,70.3804,65.3256,62.493,not_cat
5d67db81ba6d5b04b3c5bd64d28a3717,113.357,99.6645,60.1296,67.2461,69.9739,78.5813,not_cat
e7e47e4f50ce00c31939bcfdaadb7525,80.7951,74.4736,64.5311,65.9741,61.1355,57.1715,not_cat
312faed253ba780aead84423fb5edd0c,126.8885,101.4105,83.0072,38.0439,37.0296,37.3342,not_cat
d214c5cf0d39be003e30826893011532,121.1789,128.6161,86.5051,74.4528,72.6643,65.8923,not_cat
69bc561466a506b037179eaaaa7464ad,162.4934,158.3525,146.3623,48.4709,47.0037,51.1127,not_cat
aab1811b0d689a9f0c7144823ec7bd3f,95.2561,61.6826,27.9782,59.4296,45.2223,39.0004,not_cat
f2af7315ccf26cbac75b37500858fc6e,138.8487,141.623,140.2723,39.6099,47.6035,69.1489,not_cat
482bd783493d9eae5471ae941fb2a455,167.0768,156.3226,142.1893,54.2562,53.1954,51.4179,not_cat
68a130bf66efa865af382fabfeb04001,120.6052,93.9771,63.9218,76.603,70.7374,64.3229,not_cat
411568d6bf0427816732f7ab1e815209,145.2711,126.1936,122.5768,70.4293,81.8953,75.8066,not_cat
76e0ebf27cd5afb329cec1965fb6c6c6,124.6127,117.8817,110.7771,70.4141,66.972,64.9355,not_cat
c0e02da0f509674f932c681d8ae2042a,108.74,91.0344,74.9077,72.1221,63.0279,49.2893,not_cat
571a1075507fe92bb3a8ea0760580a10,60.842,42.4038,28.9559,30.4472,26.7408,25.8967,not_cat
80195dc9f225edb05abb5bd31f952250,121.7858,93.9158,73.408,78.1661,73.1922,67.5576,not_cat
d2577c35bac19c02603682a081b62dd1,132.6805,141.9381,141.9794,43.2313,42.4547,41.5208,not_cat
cdf040f6b8699e86dedab461f195a5fc,108.5034,119.1631,82.5599,76.6691,64.1514,82.2287,not_cat
5382ba8f3878ed480840d1811c5cd6fb,143.3672,118.9648,86.4073,76.7558,74.4494,79.534,not_cat
9b1f1bbe7c31f4b0a7ce93b88ca59812,165.7694,146.1635,124.5733,24.3591,33.6613,43.8764,not_cat
89df4b37b6c08a1cf7ba40f983c14d6f,125.3233,88.2506,50.5904,55.2108,43.0793,40.37,not_cat
84943356ba4608ad9c2c620bb5dbab5b,168.2694,148.1298,137.9869,73.9334,85.6482,95.6104,not_cat
9fe37f6c0ffa46338a3b4cb688c1288e,115.3442,133.6959,78.7713,40.2061,43.0821,34.3404,not_cat
e8006d6ec1697cfc22a8a0b684e764a9,143.8541,116.088,44.9494,62.2391,57.0865,47.342,not_cat
d949d305cf6840aa956009eb2024522e,115.8342,124.3894,142.1308,64.1222,58.2062,53.6519,not_cat
469b00dc919effae2097bbde8e8b3967,178.5176,169.4927,165.3318,81.7957,85.8586,89.4774,not_cat
c822fe949883d279e4781c6510be6582,88.8313,87.4821,85.6916,37.4866,37.9928,38.9973,not_cat
517b9fa66f766f0edfc43f403fc42c5c,153.2758,129.2052,108.1311,63.0898,63.3754,67.1788,not_cat
9cb25fe95505d3b28b5f23f45025977c,155.4932,152.789,156.48,34.9767,37.0825,30.9025,not_cat
490cb88dbaa869b876320c4a598f5a17,126.8002,117.3254,96.119,76.1358,72.5978,73.4997,not_cat
20b858ff21b4844615ba0e7d731b5712,92.1916,86.5697,91.92,51.1809,55.1078,62.2643,not_cat
d7c3010cc7e0d6e246f9efd31557e35b,131.2692,129.8537,128.0937,67.517,63.2582,65.3243,not_cat
56167cfd89ce549916d5a5903d3eb118,109.33,132.7587,102.7859,71.5176,85.7585,66.8963,not_cat
7b52ac200c99cbcaf3d862c0028a0b48,99.1221,88.3085,83.88,56.9365,59.2548,60.9252,not_cat
a9cfd128933df93249694a252e27872c,89.2302,103.1,73.7545,67.6057,56.8588,64.2658,not_cat
55c59cd8dfe2d05b29ca35080e6c818a,122.2243,115.698,109.8766,72.6732,71.6023,67.0503,not_cat
3d093a19a5965d16a857d01756da32a7,87.6663,79.2242,70.9516,52.29,53.7137,58.9224,not_cat
b1578fb6d79c01e09ed0063ac5116139,60.3627,68.0877,38.7065,57.3161,65.7099,32.6861,not_cat
03abb8dffd0398e7674e0b39c6bd3466,106.3681,94.7471,59.7924,61.071,52.5027,55.9498,not_cat
46eddf1443477fcd2fd909ba92f498d9,83.084,83.7923,73.1907,73.841,66.4556,64.8064,not_cat
145dbbc125ff8acb42381a66215a2048,69.6731,86.3852,78.0094,54.9832,52.1148,61.5107,not_cat
2a97fc72b8411459a0c910fd262f2c63,152.1263,141.6039,139.2882,78.5689,81.3648,83.1857,not_cat
b5da9eb8bb906d96500c94c615631fce,133.101,126.6995,116.0085,30.8594,33.7811,34.4146,not_cat
d2769ef0b64f28fb591e0df65fe5bb8f,128.2518,104.8278,89.711,73.1714,50.6893,48.9302,not_cat
0811debcc50d622ca5ee1b48701d9001,142.6523,133.6296,131.3214,74.4881,73.022,70.1574,not_cat
d5138d90cf856c6b2fcca533209b1b59,95.6662,117.4149,67.4636,57.8203,49.1142,69.1169,not_cat
d15c8f7f3c2791afe276ba2334d1acae,125.6023,99.7808,71.5024,53.7167,49.803,51.9374,not_cat
e08453a117e148b609a3457597614b95,108.3437,106.6176,106.592,58.3588,59.4974,61.0492,not_cat
d135c6eaa0eede50b562110c0143a3e2,150.825,142.0072,134.4819,69.5967,67.2502,62.7243,not_cat
168e40a4c194688875b9c05a642767a4,124.4846,117.9839,125.9004,50.6106,56.6378,70.4586,not_cat
d8c7d2bf9f6c59a8a460bf9cccb48828,118.287,96.0639,61.9253,65.3483,58.707,49.8441,not_cat
c875b640c7f68d0a176291f17ea7eecd,118.7813,127.7991,136.0023,63.3261,67.8636,77.6848,not_cat
92ee55947e807cabccc7ef99d52701a5,120.6824,111.0858,99.2899,53.0532,58.9775,65.1242,not_cat
57d2ef7d73a6219d6ee871b42d1ea2d7,130.4123,114.3516,97.062,79.7777,77.9961,79.8886,not_cat
11a3368ce303ea9ec4c1f8a47ac78f1e,160.7919,119.8255,72.9081,69.6266,61.2151,47.4467,not_cat
30cf8498ca4281b613a2c5dca1e7039c,138.7764,96.8611,73.7062,54.9341,65.2342,47.2881,not_cat
507b39c045c254ba6ffdb0171a46051d,190.3289,188.6483,174.4783,41.72,42.5566,54.2626,not_cat
dddd8aa06665137965af917fd7e06b18,107.0302,97.3405,83.635,79.8315,77.3945,78.303,not_cat
a2314d8affb4b08656cc5083f3dc8e87,140.4086,115.3133,97.5264,42.0875,48.7627,55.7681,not_cat
a059544ca285b60687c5fa127cfa105c,136.3682,142.5251,109.1873,62.2118,63.272,55.5404,not_cat
9bac7fed97e7b5a1526e592fbf6b4d00,88.8066,82.9264,69.1616,59.2524,55.0072,56.2209,not_cat
031ff6bd5e97010c93dc3c1634cc6a2e,187.1831,173.9855,172.5506,36.662,46.6876,50.2491,not_cat
ffc878391677edc6ed33ed613fe79612,168.9528,137.3585,103.3854,56.4419,65.3892,79.5188,not_cat
622aeb961df2e9215b0cd78cf4a1a346,119.5959,124.7744,107.0541,67.5492,67.1472,76.5236,not_cat
de3837834630d807f86e55c9be56ac97,113.5536,97.5801,88.2893,66.3523,68.263,73.8114,not_cat
bdb143817c7ddb563384dbc36e35cab6,109.7568,102.9363,76.1923,63.1954,63.4328,76.7294,not_cat
a0cb56a8a79ffafa03182d2273fb11ac,135.9931,82.2899,69.5312,49.606,40.2069,31.321,not_cat
630ef56c012a1c0628e7da862585aaac,77.5227,65.1506,56.9157,84.8558,67.382,60.878,not_cat
33e92d42daa95d79dfe145dba427dc84,86.6734,60.7609,37.583,55.0529,42.1784,28.0866,not_cat
2463c928ea90bddade392aa294494a39,103.3175,89.5585,76.6927,50.9117,41.5834,36.2185,not_cat
d0ed5d69af46004a0a5da7a2bf5bf045,101.9503,113.5482,44.3002,74.1912,49.0678,55.8894,not_cat
2806d5764607c82291fba7b0e3a051cf,85.6667,81.1411,59.8877,53.5755,46.4489,48.2144,not_cat
cc8c11a06d315117e66d646d332f0a6e,92.5226,89.2875,92.0337,61.4237,54.2636,53.0892,not_cat
8214fe9d11c21f01bee738bc04d6b606,125.4383,120.5557,118.3011,67.4969,69.8896,73.9032,not_cat
da63c9813d1b6dd866254ffb98f7c48a,114.9356,104.8897,93.8281,59.3812,54.9853,52.1756,not_cat
5137fe8adb2ec96c4abefb4d38d3f06f,169.2342,156.9617,138.9498,53.2444,53.4214,62.346,not_cat
aba9942ebb90953773c15c678e7387a4,99.3372,80.1939,60.2384,38.2434,38.7767,37.4074,not_cat
38a5e7d0c6def55a70f0ef833bbff46f,166.524,137.1311,116.4169,45.6076,44.1702,46.4299,not_cat
925945e50aa7fdf72aa9f1cbb9e766de,179.6345,157.2726,138.8286,75.8386,71.7203,69.9857,not_cat
e64d5b43fba26dd46d83863274fb3aee,104.7112,97.8741,89.293,81.7965,77.359,75.5948,not_cat
62491624b257e744116df821c7d4fd32,68.0087,73.5685,55.3286,46.8307,44.1198,44.6707,not_cat
42afaa54b878fec86f3517d0f0ba5c67,134.6348,104.3856,62.2451,71.4268,68.759,58.8081,not_cat
7a33410d8bbb34cd7eb4d83bc0109bf3,86.0788,97.3385,68.8951,55.9348,49.7191,56.5557,not_cat
730b78bd11ddb4ccc6b3f3243385cfc1,133.0952,109.6136,96.6731,40.0256,37.5279,41.8478,not_cat
505990b92270ed4544e70066ae5b7478,105.5545,108.3532,108.3772,62.8006,56.3311,55.9335,not_cat
2c6eb753838bec220a159a35e1e6c013,96.096,91.0507,91.9015,70.2111,71.8101,76.2495,not_cat
bb08f0a5d109c1bcc83cbf619c8ef4f2,94.2065,104.9787,70.2809,76.9837,68.6783,78.7172,not_cat
395134da804b4d5c03d245c158c7396f,137.8031,131.2249,124.533,68.6518,65.5907,68.4025,not_cat
e861ec9fb8b50c62316379417c6d9e1f,101.803,89.3585,81.1004,69.283,74.8091,79.1113,not_cat
3c5321fe1d8c4590e9d73bfc7755d665,113.9104,84.0275,65.708,43.5813,39.2379,38.3142,not_cat
bd20a95ef707a2391ca8c5661c863bf2,103.8795,98.8923,70.5487,66.9104,53.8369,43.2904,not_cat
c7060de6d5987e49f81b51a204930c3e,121.0602,117.1751,103.4308,55.6788,54.7115,57.5101,not_cat
ae84243bd0c7369b91238b42763b35b1,129.9521,103.7239,79.5629,53.4974,53.9191,47.1791,not_cat
79968a203c5f4273177731f7d5dd87c6,91.632,77.6359,66.1362,62.9076,66.4234,68.43,not_cat
f049d1e0c7b5cdf795626c3d006079a4,125.8439,113.1169,100.6835,56.0317,57.316,53.1211,not_cat
3d72598f99c317049e888803b8ecba04,132.8356,134.9433,130.1887,71.8628,69.7981,71.425,not_cat
0f1beb8b34fecef00c9dfa78fad48ee5,123.1681,131.436,78.6446,64.4755,62.3752,64.5915,not_cat
c491d8f754f28e59a121c7dca4c39a30,115.9862,121.053,109.4688,78.0908,77.6164,70.8653,not_cat
0b599a1f21b8cb78210c48d8550ab883,41.955,63.8229,80.9557,42.6885,57.849,75.7013,not_cat
068221ed7c55a7d1fbdd02241cb3c57c,145.8479,148.0528,155.9239,54.5819,56.763,55.9905,not_cat
09ecd03e1eeff05282bd1a51b594a87a,111.2496,109.8981,90.088,53.4495,52.2495,54.5144,not_cat
e05bb7d71faa04228211e270425433db,117.4628,118.1469,101.033,50.9624,49.7485,63.6115,not_cat
3e9618115a73f83d477f37633a3880d2,100.1039,84.635,80.1165,74.0055,68.4567,68.9776,not_cat
743c8a61c54eda393b7c907226bca6eb,103.433,111.0377,93.6758,68.9347,68.9373,79.703,not_cat
ae98fba383267276a88e406b9efcd9f1,82.2839,87.3677,89.2744,44.7633,40.3916,36.4967,not_cat
7e7016da63562ef4ecb5ac8e40d228da,112.4,97.9557,89.1184,75.6277,81.724,87.4036,not_cat
539a865fa528c117123ff2af3eafb6c3,109.97,105.5122,99.4253,92.1877,92.8247,95.5286,not_cat
9b5fee4084750efffc2a9f82ce533fa0,99.8086,120.756,54.4509,68.4522,73.5255,75.0955,not_cat
bda02ba2b4990ab23a2866f91fdc341e,181.161,189.3762,197.5021,43.5895,55.9196,64.3378,not_cat
da852b2dc47f8cc55b9ed241b984c37f,103.0569,96.8502,95.2265,46.6785,49.0629,54.361,not_cat
8ad27a1d32299299b18411c1efd0c54e,129.4319,123.8213,121.0642,95.6671,98.6397,100.9161,not_cat
c6b93766b42915f582ed233458329279,55.0698,101.1986,124.0313,69.4518,58.2586,77.1088,not_cat
378eb16f1103526493f9f66c20ca4891,78.0575,73.6166,65.1599,63.6673,64.583,69.3888,not_cat
1705c80f6e7ee5b0c5fa3d1545841035,126.9787,120.6823,119.0099,43.5375,53.3858,64.8081,not_cat
1c1b88a1a1ede19c7c0dc985ad84ec8d,157.8763,122.0784,74.0292,60.7832,49.7999,49.7213,not_cat
b124e586eb6fb3f1cd9085e26384d348,135.0599,96.6282,72.6138,37.177,41.8773,28.8075,not_cat
8d5ea7f2bfd271352f2e7e6586f3f29a,120.1274,121.1018,121.3341,83.2618,80.58,80.3861,not_cat
81a537aa2602078d373c7349dd11ba81,137.3745,111.0983,90.0575,58.8708,62.6595,65.578,not_cat
834c767abea81b488681dbc347cf4328,129.0688,135.82,112.5856,71.1079,71.5396,75.4756,not_cat
f3d273bb8ad0c443f704dd8ae328a434,146.2236,140.8043,139.666,78.1757,83.0235,85.6519,not_cat
2656c7355e6fd265a0f5c5c2a758fc73,129.1335,102.7638,80.7216,72.8852,59.8818,55.382,not_cat
eea40db0a179353ce73200f4fb93679f,120.0038,125.7696,123.8027,72.4846,87.7027,90.2651,not_cat
d87eec410e4426928644b7be967a1afd,117.5862,114.7791,105.0969,70.0641,68.5732,70.4984,not_cat
04df3520b3ed7c094e252886c111fda1,85.037,73.274,69.9299,55.3446,51.6866,50.7454,not_cat
50a60babd3b649ba38eb9c8498e58f4e,137.5232,141.0406,118.4532,54.6417,54.0133,44.5551,not_cat
162db18ea25734cf2bce89bacfd0d75c,144.0988,139.9734,75.9297,58.3462,55.4081,47.2253,not_cat
f69ee4a7801b73f74a2b1bd35800e924,95.801,76.7132,52.7692,81.5935,63.1574,40.0543,not_cat
5f54e647b8b015609a631c863efb4463,99.7475,91.0895,77.888,76.8053,70.4204,67.567,not_cat
d12c27037a78fc535d39c951a76231ec,132.2921,117.8966,94.016,60.6346,57.7967,59.8347,not_cat
49eeb721c77f8b484d276b012cf7705b,161.638,157.1264,160.5957,64.3746,71.6462,73.3326,not_cat
d7aa5d66694b422ea3c4be3ce5cbf025,129.1296,119.6507,101.7664,80.8216,69.9035,70.7217,not_cat
ad1595b81238a44813cc4480b0b19011,148.0395,142.165,142.8916,30.256,32.234,36.4854,not_cat
cc2999406f05f15c271febdecbe925a8,113.1801,115.3523,112.2935,64.9367,61.2264,66.1555,not_cat
a5622cae0837b148dcdecd123f5c06cd,105.5697,101.0656,69.3278,52.2574,50.8737,44.7488,not_cat
abbc2b4d79a2b4fd6a4715eae075d996,158.8898,157.4399,147.1248,33.073,34.1297,35.2016,not_cat
1432132d594a027e52616796d74b88b5,156.5324,139.5956,126.357,59.2736,67.8848,73.7596,not_cat
d9b5835256c40fde5dd974cd85c665a1,54.0755,76.9441,39.2971,43.3966,43.2104,45.5381,not_cat
b6dfd00aa0346d38ff27584e64e81b6b,56.8777,58.729,54.119,49.1785,38.4106,41.168,not_cat
0b1cd5400dc2cd37cfecd93820b228ac,77.6844,73.614,66.4139,45.065,46.9994,47.4758,not_cat
fd5980a29e79eaddc194941264e8cd01,135.046,130.8109,114.6753,66.1145,64.191,67.7947,not_cat
62de9e67f9d289213648057ca35e82f7,118.8153,123.3921,124.6862,47.7214,47.6965,48.1647,not_cat
53ed5de23f0b371091e86e2e8e5631c3,92.9108,100.6771,101.168,53.3631,58.6594,73.7864,not_cat
68cf1cb5fcbaf960b8eb76cdd173ef12,158.1329,144.7724,134.9677,48.8814,56.2194,64.3249,not_cat
0a18e37dbc5a5fe6da923a65f8268e34,118.1088,108.7507,100.0279,60.5757,60.4919,61.7302,not_cat
faa9209a979edc4effce2c41680e162e,127.3851,98.0882,86.6758,55.5407,57.5748,59.8125,not_cat
72b9dc4a40c11ce8b72babdb64b1b8b8,171.69,162.8567,144.843,80.8839,70.8875,69.6055,not_cat
0f3d3c8ed3b7bd9ee69e1df4575561e7,68.3688,79.2512,81.8483,50.9956,51.7272,62.0822,not_cat
f0c2fc7cd14983fa3528ca73d753c067,151.108,131.7427,110.7517,42.6558,45.8613,49.5215,not_cat
456ebe918626605ef69071e92f88654f,164.8177,156.1134,113.1945,66.9265,64.1619,53.0962,not_cat
a4aa67da78118aa021791eb7f9075c71,200.8256,173.013,149.0767,74.0558,84.8341,93.1516,not_cat
df4cb5400c6641e629abd6eecc9f43e6,92.7868,99.9185,84.5283,60.5172,55.1935,62.7781,not_cat
cc1b15bc10d6c4e8b52e679da35da9d2,125.7216,113.8619,110.7591,80.7729,85.1848,83.1475,not_cat
bbd09baa2b56986028b0daa88444770f,138.1063,130.4629,109.8692,44.5224,41.2169,46.5916,not_cat
acc9f590e5bba1a85f651556f94f6c15,118.97,78.2183,71.1261,70.3054,88.1773,90.7668,not_cat
eda5661d054568efda777ec4189e3017,163.9226,124.6273,119.0404,50.3721,69.6772,73.8107,not_cat
a2b050a5add53e216104353741dbcfaa,119.5498,111.5307,110.6381,86.5682,81.4113,80.3411,not_cat
50474e43407e8cac49d86538f4dc9108,106.5396,123.11,77.2105,45.4745,44.7483,39.2047,not_cat
68ed3e7103b9f0e00549007c0d644d7b,94.0478,79.9149,61.0183,79.782,82.1157,85.2075,not_cat
ec927c0271d347667190386c8f900fa8,80.713,93.861,73.5937,75.832,71.2462,79.0888,not_cat
efc88243f96eaf4ef47a0c58d8dc2d50,103.3342,101.2708,92.1102,63.5525,65.9001,69.8875,not_cat
ce5fbfdbfedc3b370c7850e55fed5cc9,128.7279,125.8735,124.9251,62.7995,66.0575,68.3243,not_cat
0c050d61b86debbcd7d5afedc99e3712,142.4088,132.3904,120.8879,29.9422,31.9134,35.9944,not_cat
440be5dea370057343b229d9908744bd,114.4526,120.2688,80.4733,58.7132,59.0048,57.1233,not_cat
3d90edc6953472ea6d2654bcac47f901,93.2574,127.9389,50.92,63.681,66.0343,55.1221,not_cat
91925d06c660f5a436c3d5c1a22ba100,119.0808,94.6638,76.9895,63.8386,56.5802,49.3372,not_cat
e909a0028b863fd832971a26d0883ad5,97.4998,73.9004,49.2634,60.378,55.0251,47.3501,not_cat
715658fea03bfc9fa93d678f8125c239,127.9085,135.3771,146.8434,47.1332,42.2197,39.8714,not_cat
de97c94f3510b37bbaeeebe20a3469da,194.6626,183.0033,169.2274,64.9426,69.1447,69.9808,not_cat
bac39eac4ad715974ebdf8e629a9d261,98.7785,97.2786,99.6584,39.4068,37.6116,38.2652,not_cat
79f133dda983f2a4d52865a94c0c9a2e,154.0054,154.4037,150.3723,81.1127,80.4893,83.0833,not_cat
30e8433fb61cd70dd1f879c4488637f0,120.4514,120.5155,96.8365,65.0568,67.4612,54.642,not_cat
cb07c5e26426ea0fd4dbaf77f4016798,98.4986,95.1063,87.7171,81.4043,82.1128,83.4841,not_cat
16c7d9d951b0be7c757690d0a9fa3c28,109.678,71.8612,75.8471,54.673,59.1621,54.4292,not_cat
74f5c3f3d431fadbdb9548575da4a72a,127.1681,109.9757,102.499,95.4072,90.0585,95.648,not_cat
5a4e51366a311335caed865e6700aad5,133.5148,127.5704,126.0751,71.9179,74.956,75.3141,not_cat
9349bdd17185c04c9138a1751fe4f0b6,137.7462,121.7215,100.4459,36.2187,35.7333,39.9544,not_cat
e9998724cb09d1d34bc7da0b7c6a5722,143.3279,124.9932,105.7065,58.1918,56.9316,49.2192,not_cat
3e171a8c3e1397f280b0e5b8a7ca99a5,110.6898,105.5443,101.962,61.169,64.5967,68.4512,not_cat
156799697b590efdad87a20d846be3cb,104.255,86.1043,75.2738,32.5209,36.7052,40.3961,not_cat
ddad9ae62b83c0bbd89c438a29bf8b8d,135.0616,135.0616,135.0616,74.6831,74.6831,74.6831,not_cat
8edde4bd737f03151734dc371e771197,101.0578,106.0299,90.2609,67.4353,70.8027,75.8391,not_cat
85e297489f07312a319f462fe753e697,119.7899,135.1255,81.2811,48.5998,53.0014,38.1338,not_cat
46a6afdbf95236d027baf083bb11532d,75.1398,79.521,49.6886,44.8255,46.8902,43.6947,not_cat
f21045608ca824bf7bb4b1503e5cf63b,155.7887,107.4061,82.3315,55.5357,52.2261,53.678,not_cat
52d89bdfe8821565948e586f32d5e7f5,99.8421,117.871,134.7442,51.7765,51.3412,58.4425,not_cat
363380511a7427258bfb8f9dd76e962c,134.2549,112.6935,80.2727,48.8523,39.6374,30.5693,not_cat
f5e2c267b0b6501261268c305540e372,148.4364,116.2873,85.1766,63.0326,71.5687,78.4169,not_cat
b3c3b1f9dd7cfa9ddcf79a6f93a772bc,146.9762,137.8883,81.9734,70.9017,60.0635,62.9394,not_cat
74c29da4c8f414262fbb397eaaf32e34,133.0015,134.6024,144.1676,78.5266,79.6062,73.1323,not_cat
e54cdfe242300f4e260f59218bffda98,106.4524,124.3528,45.8931,49.8632,56.986,40.2154,not_cat
de18958179d74c6609ef97213c7b1212,164.1295,144.3219,128.8748,71.7924,73.5468,73.5528,not_cat
27b28af7dbed4d70918d0eafae00f35b,132.918,122.6907,111.2555,50.5352,46.814,47.2612,not_cat
804cfb718ffa9012ca2253e26f7284bd,118.4427,145.1489,65.9216,56.4251,58.4256,38.0482,not_cat
c6483ccd079742eca75a1332f6459798,117.5345,63.4229,46.0185,50.0059,49.4181,41.0669,not_cat
d7b25432cc0c54819ef7cf45e1239299,140.3471,146.1647,151.7445,61.6861,62.9503,64.2594,not_cat
0b463272ba80f7267f4d48836e708810,85.157,78.4736,76.1428,62.2747,52.7129,51.0599,not_cat
d8180f986513dfdb1ba2eb1bb9248a0e,162.7485,163.2532,163.3359,57.6758,65.57,71.7826,not_cat
25478013cd7f486128a63489df2a9d95,73.4986,57.4182,58.1911,47.856,50.8504,48.5801,not_cat
64159bb7ebae6f74847b5d37c51096a9,112.0416,141.792,78.7773,55.8163,59.1197,54.3584,not_cat
81420951f9abf0e5e4ef740a1370a18f,125.0371,123.3389,114.9809,42.9339,41.3925,46.2616,not_cat
bdb5f78eb15e7fbb5fd40d78cce39a0b,89.8236,84.1333,60.9973,63.6235,56.0738,51.6999,not_cat
d123254132601d53bbde49aae0db6455,152.7964,139.4965,123.9415,90.0532,92.3783,91.7385,not_cat
0cd5d575fb044c8b912da284b1dfe669,87.5679,83.2721,69.2266,57.7889,59.2042,58.5077,not_cat
e31b84c7c9fef39151849e32f26d4b0c,89.9538,70.7602,61.5025,53.6068,43.3958,38.4017,not_cat
1056004e83a19546e2a37128e43a2cd1,162.0477,159.2667,156.6635,75.8136,77.5218,78.6691,not_cat
78a631107a04e17b15ca889ded092273,76.515,76.2296,26.0148,61.5635,54.5306,38.5769,not_cat
9f7e0cfbbdb7e98edaf84741b6958ba4,123.0962,127.1679,108.909,56.9894,57.1003,52.9563,not_cat
ef91982b9f7b83d51a3fe162e56aa798,99.5039,92.4431,87.7045,68.4019,68.4128,73.889,not_cat
08d505df4331886f664487e7c1501ae6,112.0816,111.0211,105.9075,83.631,83.1606,87.9322,not_cat
3c1ecd7446fe811912e1b6035fc4c7bf,141.665,138.5557,127.364,47.8135,46.5948,48.6777,not_cat
298f91df84797f379caf027d72f27965,148.4822,100.3348,71.9697,47.001,47.3296,53.3021,not_cat
e6e4c8e3a50056a847d49a4a3f9f4ecf,135.9263,131.956,137.1059,67.9315,69.9386,71.3229,not_cat
4198908ec68871aa87d6a78a62bf6a41,72.9919,58.9597,48.6588,59.0152,58.8146,54.0808,not_cat
7fbdde82d08cf1628b820716aa4fc47c,154.6721,179.1921,127.9465,69.425,64.8901,55.2225,not_cat
57192b6cdb052106ed7e16087ece8224,112.4811,101.67,84.6345,63.1123,66.4956,75.4478,not_cat
d9ca4ba7261a074b776f2226839b4fe1,128.6119,147.736,137.6898,64.9293,64.4792,78.3626,not_cat
352b7d952f137e4eaf301717bc829427,165.9416,151.0846,105.1126,65.2719,61.9814,66.1745,not_cat
fd27964dbee7571b0c4ef4dbdc1fa20b,158.3682,88.4712,94.2476,67.0385,56.3382,68.4582,not_cat
a4a084906a44075b0cac39ae3cfd903c,88.7469,96.532,74.7416,65.9703,57.6933,70.0398,not_cat
81bd773dc6f5e193d7444923f8221ca9,154.379,142.3742,142.784,34.4547,42.3696,40.9508,not_cat
7fd354b636beb19216543c1871752b66,133.5108,135.6107,137.0191,38.1256,37.2995,37.9685,not_cat
1aa18062ffe83d6db05252bf03249af1,103.2911,104.2546,110.9232,65.5974,68.9666,60.1992,not_cat
21f2818b92db254b7aee98b8dda73837,159.5132,150.1897,156.6249,77.7028,79.8731,78.5206,not_cat
c84ccad3bfe46913ca404f767a797e32,136.5944,169.0368,135.678,59.8513,63.3409,54.1057,not_cat
ab21f29f40d2a0de71cd31aed5b80456,76.5699,71.62,67.0365,62.475,58.8185,53.6834,not_cat
579782f68d767010953882c38e89987b,90.4234,79.7831,69.0124,68.8307,73.6315,79.3626,not_cat
aa2840368f43878eec1f0b92137e1faa,109.4398,104.5002,108.9598,62.0346,59.6661,60.2382,not_cat
37282c55951887a516c3efebfe50520c,149.8252,146.7489,142.2687,37.9935,41.0887,43.6853,not_cat
0242322f35f32a073b8de1df090bd2ce,153.5747,131.4789,99.5713,65.4967,61.0223,57.6513,not_cat
2abb731d9af619900eefa87f1d4efcc3,95.6474,97.4015,100.8799,72.2152,76.0522,77.0766,not_cat
05137d07bdbfb4fb020a6aa5e0e6cd39,125.9559,84.8191,84.5692,50.0367,46.8036,47.8429,not_cat
268378cd20d119a52086f335ba11744d,116.4179,97.6633,94.7452,55.8884,58.8288,63.1145,not_cat
9a3788ad8a7757a07006630b64751e7d,144.9312,122.593,112.9579,77.6272,72.639,52.4273,not_cat
bddb3bdb6ca119c699431312e3adebdc,105.9019,91.8048,80.5301,33.1106,40.848,48.4381,not_cat
e235163fa9cde1fef930932d1032c285,166.6906,153.84,136.7559,84.2184,75.6135,72.6589,not_cat
791353319c611be96d297ec24ba680ab,138.9717,127.3079,105.3778,43.0776,44.2195,48.7032,not_cat
6c812fcfde21e3dd2edda15406274fe3,72.3003,48.0023,31.4114,55.7325,48.6953,49.8068,not_cat
f2094c49224cbc6c83984adb74b8d406,104.7536,106.1716,101.8926,57.1586,55.2684,59.8117,not_cat
ab21af25cf6b1db1239ba5d54f05e1ee,141.5385,148.3411,120.1585,49.8896,48.3039,64.4981,not_cat
2d65bbebd3052a67e2ed1a2db5e3a48f,119.3257,121.7066,128.106,42.3775,43.4836,46.0702,not_cat
ec3fcccb936bbb4bf6c2a8a6168b2675,142.7191,123.6838,96.5807,54.5337,59.5434,62.1118,not_cat
fbb5c839c6fa0cace86e23c246517dbe,99.1471,103.5463,101.7462,39.2023,40.5403,40.5158,not_cat
505c59f8d1c60ef50806e0d13ce25b6f,77.3131,77.3131,77.3131,69.8164,69.8164,69.8164,not_cat
43ecdbf91273c06d28697ba047d5b750,123.2923,129.5769,74.4131,62.4124,62.3016,62.9257,not_cat
a58be61e2417d06d554f1c42892aff51,101.3984,100.1758,71.1803,71.0696,74.5274,55.515,not_cat
5ddbb9519dbddf9a64c0321052b04c74,147.1618,113.0002,80.5044,47.0803,52.2565,61.9359,not_cat
9e4046cefdd0e9ab4370f41d29d34c23,99.0586,92.0175,87.7544,70.5343,67.869,63.0973,not_cat
f4dafe0d1b1b6daa00cda317018eaabb,116.0406,83.5054,48.65,77.2975,65.9805,50.8629,not_cat
951fb1a1b23d5f877b79da671f28e75f,145.2671,134.6059,125.6768,44.9053,46.2478,48.6052,not_cat
b5e593c4240eaa436b04ed4898a3b69d,107.9961,107.5801,112.3024,56.8655,56.9331,58.9816,not_cat
161033223e8b1af06206245bd6bd6553,107.0692,96.8878,90.7023,47.784,52.0269,56.3821,not_cat
7bcd95e75474fba295e8a9ecaa44b32d,149.6041,155.8586,135.13,54.284,60.2861,67.0531,not_cat
59c5900df90d46a0ab3c53b3e64c433c,116.2277,111.8507,84.1211,45.9369,44.51,49.3707,not_cat
5a7d2b7869b1d56ddb2bbeb441f075c9,135.8439,120.6865,103.8368,61.1794,65.2356,74.8454,not_cat
e79a73330cccf443afb8a95527afeb30,118.2698,147.2291,102.7985,38.4255,43.387,43.2327,not_cat
c0d5f1896288297b0d9616669ff61e89,103.4094,93.4452,86.5427,80.2296,74.3883,67.397,not_cat
53a9ce0b0bf2553394ed35e5b8db2ff1,110.2685,140.8314,93.1695,43.6344,41.5628,46.9656,not_cat
c4674a58abea674347096a3f5f872b0a,105.3329,80.8016,65.5891,55.5313,49.5698,49.859,not_cat
37aa20d2d91ee46ec27bc0732ea9e404,129.6088,126.4354,127.0588,74.5486,68.8592,67.9593,not_cat
5658812c0739fd91c0eb343fc8c43fad,86.4712,82.9545,78.4095,49.3613,49.502,51.1071,not_cat
1b3c24aede97ebe9acbceebd9129729e,107.2012,106.6414,85.915,61.6875,59.6487,61.6442,not_cat
bdb017a4a37202985653acfa534a7f9c,97.7266,82.3608,65.8656,47.3252,37.9389,31.4123,not_cat
91a98c56e2b3f6b48994151644552f81,109.3104,96.5129,90.4695,85.4384,78.5546,77.114,not_cat
5b85a67f01c01724624858657cfe0927,126.7917,125.5369,129.0657,77.2225,76.7332,76.144,not_cat
ab8e72893843fb9e4395d2b898f52ed3,110.0984,145.7302,80.3663,40.0365,43.3636,43.2776,not_cat
d29b583a4315ddc7110e411aab0a9339,117.0805,98.0974,54.0275,14.4908,17.151,21.8561,not_cat
1288c33272f791d713c6cdfc42ddfb7a,99.2992,101.7493,45.7935,32.301,30.0394,29.9011,not_cat
ef3c03d7dc7f97051cdf9b8e0e6a3b26,99.021,118.6611,85.0404,61.4129,70.1309,53.6344,not_cat
abad55b27afa3f0db690cbd5b2dd3b46,133.4363,139.1316,114.4031,46.1769,44.5125,46.0674,not_cat
15c27385f14fcc7b7a7007793403bce4,160.3073,153.1541,150.4182,67.1508,69.2384,71.5336,not_cat
b5c049f5c56bbe85a40046daeacc5d33,170.018,166.0638,167.2691,78.8914,81.9611,78.2257,not_cat
93bb74bfa58397e0607f77ab8b5f7608,54.945,59.9299,43.2034,45.0037,45.2068,48.7137,not_cat
178470850506486d8349c49ae45b484e,146.0668,134.7724,112.728,44.1564,42.6657,47.8937,not_cat
dd976898dd5cd7ebb4fbff38e948fc31,82.1415,107.6253,68.323,48.4422,42.5739,58.2816,not_cat
db5d85fd69c8c8bf30c8868199d16c9f,128.8661,98.9541,95.404,36.133,47.091,54.6524,not_cat
facc8b3d94c7eadfbe0dbc5542aaf563,80.4146,64.0607,58.3064,64.6682,64.595,65.5059,not_cat
db570ac2725376e9a2f0184d787b0dd5,139.7652,97.2898,57.3375,55.6143,58.0856,51.853,not_cat
bccbcf2590d20c14c552ecf67b317333,113.6364,110.5031,105.7675,78.8277,76.2283,78.2185,not_cat
d6a2c8abf09419a6c65a9a3e73eb0c4a,94.3236,77.5013,68.9969,64.3124,54.4459,51.5903,not_cat
bd013a9198235c5c0a1969f9d81d1dc9,114.5914,106.5005,83.4362,41.3719,41.084,47.8768,not_cat
a813fb336d55eab05f618b749238bccc,136.7489,132.9169,126.6318,82.2267,82.7729,88.2845,not_cat
fb3fa9479b9950c24ecb7bac54ab2091,140.13,118.6984,113.3226,58.7491,67.5526,66.0598,not_cat
6cd60795122c75a2509f6e302b7834d8,123.9729,117.8658,121.6432,61.7259,59.3874,59.7643,not_cat
67c4b60d327b0561812504193685cf20,109.5412,102.7758,107.5921,58.8216,58.9179,62.3695,not_cat
f0485a8b3606cc3ad4cef3011aba8150,132.2373,134.2205,133.5846,49.7739,36.1232,32.4438,not_cat
9ef4ed1e21c48379146169a5ba4818f4,93.4398,104.5983,83.1774,71.0465,78.9802,64.0471,not_cat
986ec736f9f75c6fade1dcd9510387c8,130.6605,137.2772,139.853,99.0646,98.2162,96.4273,not_cat
bb2732c0bfc395bff69b6707f41f3634,61.9461,52.3225,41.4494,55.2408,55.0547,51.0455,not_cat
14acd3fe66d2a1cf934f745f9e2ac108,124.7173,133.9289,110.6671,87.3088,83.8129,84.6125,not_cat
2f44b776827016a324dfa8daa8f75696,110.2893,100.9893,99.7452,62.254,62.0099,61.9305,not_cat
d4518fc40e60b7b4fc10ff1878658fe7,146.9681,147.7818,111.6551,69.251,64.8412,69.7082,not_cat
290f83d5f4a31d163a67a658b52dbade,96.6584,96.584,72.9253,82.5919,75.6737,73.4895,not_cat
10169f941fd069d80246f10fa6e21eae,127.0251,121.4897,122.1081,72.3153,69.1526,68.6641,not_cat
54151ea6d3fc1e6f011c8a4bfed01bc9,90.6813,102.0015,72.3561,44.9829,41.2748,47.3806,not_cat
1ff3087609e2e7c976128e6737a6f37c,192.0753,118.0154,103.2885,50.8423,85.7709,81.4245,not_cat
5a7f6184eb38e40e9cbfe0766ad22e4e,181.9866,167.2936,156.4524,46.5004,47.6257,48.1436,not_cat
b48887cc3890b1d64c54ada816ac7166,88.7071,81.4698,70.9753,62.9365,57.1976,50.4181,not_cat
b2d22ef4addc29e71af1d947b5c66567,132.4803,128.1513,126.2542,63.0904,59.3615,59.0423,not_cat
2a6f09ab8824b9f5a3869346f19de290,97.7338,87.1183,76.5928,52.4506,48.6544,46.0033,not_cat
aa3c1359d203215f394860ad58e82b1b,155.378,123.4407,100.6425,66.8378,61.7321,66.9226,not_cat
0a70c9aa86702b6b171c1f95f877e06a,152.5821,166.104,87.2109,71.3776,59.2745,73.3074,not_cat
a58d3b8e3243b79239278e00f73ebe9f,168.3103,166.4097,164.1533,85.5795,88.7878,90.3967,not_cat
e9c5e8ef2be8f44bdef416b65fe7926c,93.3597,74.6548,56.464,33.0765,40.4869,50.2539,not_cat
4f9b85f72448184ab5fcc3a9838365ef,153.7323,130.481,113.1937,65.8355,70.4551,72.4203,not_cat
80e31024194c935a2fe615120459e924,113.8485,111.5164,109.2768,47.6298,49.6617,53.1601,not_cat
851a1a42c6b049540a55d7e88b0d53a0,135.2988,131.0555,129.7816,77.1391,78.5132,79.0331,not_cat
35291a370f32fa760af1d991edcbb277,111.163,87.5411,84.7921,58.5747,52.3021,52.913,not_cat
ac4126186947fca2891a7a7dfa474981,135.004,138.3927,135.5523,78.3006,76.2823,79.2461,not_cat
70747742eb917eb9fb543148f0ccdafc,80.9694,78.0997,64.5487,67.9129,68.4366,70.8722,not_cat
5ffffcd263a8c50fcaea44f89df58783,122.6444,112.5446,98.7496,91.7098,91.6713,93.6158,not_cat
b4bc16b47248b91cfeb70d82b192a13a,217.4741,214.3524,199.497,23.4539,32.257,40.0262,not_cat
559ec34a36457c32822e1387e757af77,133.6262,129.3889,124.1047,49.5872,48.8256,45.5047,not_cat
0fc89d5b8a0f1375feac9e4d22c274c7,134.393,122.0359,108.4735,88.8922,90.8487,94.3083,not_cat
0676b2dd5b6e6984574cbd61b748e835,113.901,102.3115,75.1858,77.2807,69.4632,65.6238,not_cat
f7dd0e8d1ae5fa473272d5aafedc29be,75.8369,92.0934,120.8112,42.6574,35.6846,39.3171,not_cat
12f47ab93be8f81d0f7a74a8d7bde35c,67.613,69.8369,54.9575,73.5216,72.084,72.0632,not_cat
0ef6e952c1e2f002aeefda5da768ff03,162.6124,159.3487,137.5382,65.5085,64.9414,60.7027,not_cat
c893513405ca02c4af0dca905d14da69,129.1086,122.8921,118.3536,57.497,57.0586,60.4499,not_cat
7d8af7326e73e8dce4c2da84a3f6f574,161.6072,138.5109,125.1728,60.5484,57.8499,52.0888,not_cat
91e678a01c51b639a6e0188c11e05c30,135.5347,127.0359,117.494,77.4572,79.6878,79.6125,not_cat
024a71a3988990084e07d8eed84b3ea8,124.4064,116.6164,105.963,39.3575,37.0737,42.5166,not_cat
5fd5c8c5004b989d570cafd2b960623d,119.131,128.4089,85.0833,65.1738,65.9195,55.3452,not_cat
bf68bdeeb08c5e8bec8e891edecd279c,79.6709,75.3518,71.2376,73.8194,71.6246,69.9655,not_cat
a4a23b76c5c4d41d7e97646bd0689d00,116.8099,115.225,103.2239,62.3806,67.7515,57.1862,not_cat
0919c39430809aae951d555a7ce5f002,133.7857,138.2886,142.4402,26.6119,29.1771,37.6721,not_cat
cea9fa5010661ae126d5bf5e86204f28,128.9899,125.8041,119.4169,69.0003,74.1996,78.2363,not_cat
ff5c6dd742fc8cd9af9f14f6315313bf,135.1126,132.3999,137.4638,57.2769,58.7193,59.9142,not_cat
0986c51e6f8cb4738de95aad373c9c34,114.7126,121.8191,99.0242,37.9365,36.6846,46.7407,not_cat
dcf8d70ce7b2f656bfa8d16f4217e19e,96.6338,92.8784,57.3729,62.91,63.3382,42.0678,not_cat
a7f558c52263a15968e57b1aae1b9fbb,113.2646,115.215,115.667,55.6689,57.0033,61.1319,not_cat
42e507dd04d579e577fd34fd1bfb13c6,167.5066,166.2113,166.8736,69.2727,71.838,73.6355,not_cat
b7843be88b393756e484c872af44bfb9,120.4488,94.8783,74.3545,41.3641,45.5067,53.0018,not_cat
460d7c1c878fb141d213f7092ec3ab2b,145.7405,128.4909,111.2677,49.3377,51.0415,50.4116,not_cat
9da80d07de2bae957da64904c77e9658,60.1431,58.2279,61.6344,31.7444,28.5303,30.5936,not_cat
143ea4e78ebcfb5381c0f87e1495ebf6,130.5672,133.644,115.0057,71.7116,73.291,72.8188,not_cat
66fe69c60eac63dfc7f70fc8b0453480,122.4841,120.4106,118.0762,80.3676,77.3934,75.0346,not_cat
63a8022937ef2774f8f05ad81d82416a,137.6324,127.8143,120.3886,45.5092,47.6855,49.5305,not_cat
b82410bbb4003e72ee144e863d4431b2,98.2412,103.6828,85.4284,47.2898,46.6979,44.3149,not_cat
7c7fa8a16102a7f39b0bf6b2fd16c1f2,83.4938,89.9549,96.4894,49.5731,46.4902,42.3685,not_cat
cf808b180a0151fe839ba1c52b3717b0,135.8151,120.897,116.4455,58.2485,66.3443,67.5168,not_cat
509ae504cdd831b7725e9f8c481e4704,98.7283,108.1445,93.8914,59.479,57.8373,67.6985,not_cat
3492a559c85225b612a08344c1a20742,127.5752,136.3003,142.927,55.4321,60.9521,69.0951,not_cat
766dbdfa65b1791177f1aa3758c5087b,123.2088,138.7048,141.5105,42.4543,40.0213,38.1994,not_cat
b9588ea116c3ef2b5ef04756af2b34e5,126.6554,134.0152,113.0912,65.7234,66.6316,75.0083,not_cat
189701db277bc8a507b18a08a459a1f9,126.2645,95.7257,60.8522,55.6965,53.9602,42.5922,not_cat
9744b5f44c32822d500460abe67bcce0,141.8874,146.0677,154.375,42.6446,49.9789,64.0486,not_cat
862105e42accd4fd711eccca47fced51,110.5876,100.7555,89.4322,74.2292,70.127,66.4764,not_cat
09d87418f037fdbd7ea3e8aa2806d6a0,211.851,202.338,186.8611,42.6465,46.3432,50.9619,not_cat
a2a26beb643c5e0d17f652716d636f9a,101.7604,103.4009,81.0963,59.5884,57.1064,49.404,not_cat
7fb5a2d27e5a4806c1936da91de0c0af,123.6661,125.1437,121.6289,42.8746,40.9619,40.8827,not_cat
ff80f54581190aefa4b1cc86076b814f,113.2371,100.1177,75.2005,61.8293,54.7997,54.024,not_cat
f236f811d38adea22769b087f6ef8859,142.7578,158.5999,144.8017,60.6113,52.1976,69.5846,not_cat
d0cb59f364e92280376c36327ed85417,124.7202,127.8516,110.7288,43.0786,36.9,51.2778,not_cat
bf2d2db606e6f7bd1104e20a4bef0e97,91.2009,70.7506,57.8449,61.2021,53.4021,46.0625,not_cat
8a8491ae2ed06e2fa27fd6058d173a2b,174.8252,184.0125,171.3356,56.6724,50.6362,56.9555,not_cat
1338c9d2beda76f186fac96f23b604b1,110.1725,91.2664,88.7417,75.9028,73.6432,76.7541,not_cat
17d1bde8c65546803ecb39bb45a52150,107.2207,103.7727,104.8917,64.2302,64.3838,62.3265,not_cat
8a8ae5598b61c3d48db7be9e062ca24d,128.5421,125.8172,113.2557,63.5831,61.4861,63.8544,not_cat
c352b7e90805ccc7b3fe6885624c8965,115.3803,110.0271,57.8272,63.1136,55.0769,58.9845,not_cat
5d81544df1ad8d0a9785eaf2c6de2002,83.5324,75.9355,55.6417,65.026,66.2633,56.0604,not_cat
772e3640b0d7d8056df167ea94b97bd8,139.5224,138.1438,134.3601,46.3565,48.6355,51.6098,not_cat
75a768af542acdbf064a5643780f5bee,96.118,96.4052,82.2445,58.4566,56.6778,54.9371,not_cat
ee26779e375493cd7d569b6b71d390f1,90.6475,87.3711,85.6338,44.4781,43.9328,44.2396,not_cat
0302308a126505bc8c13770a9cad4bc4,81.6598,74.9123,66.2399,50.4895,55.355,67.2574,not_cat
4d033118bece939a093dea9c7c15211c,102.5942,94.1395,89.4702,59.2555,62.5278,64.8938,not_cat
b4298171cfd121dda3a1cec2a62e4624,114.842,84.9254,63.7207,56.9807,58.3898,56.4404,not_cat
7717e36882a0bdd521108069ee53fe1c,140.2387,135.1294,111.8694,79.562,76.239,90.019,not_cat
8c245f11db088ff21c1d72c0057c85b2,107.1481,105.9249,103.6321,67.7706,63.0948,61.9487,not_cat
3e0a0b4599a9b0f3be8fd94554b833d0,125.5496,110.9877,77.269,57.6292,47.4589,52.0929,not_cat
59156bea0656c3a1f3d2a1e09460c64a,103.8282,103.07,98.3391,58.9688,65.3558,78.4202,not_cat
24f38c7ebe2c785cfa65226cb883d1f8,167.7417,165.3143,165.4996,80.1574,82.7395,87.6703,not_cat
3bfc8e61cf1c113cad07c66a3dfdc22b,105.844,117.9002,120.2186,57.0972,58.4731,76.7238,not_cat
b8df57ab47037b8386f86160ffa6bf00,123.1815,129.3006,127.8289,57.7679,55.7709,59.5066,not_cat
9852fb42ca6959705f8668a4bbbb83cf,100.0122,87.4696,51.7258,55.0253,46.2629,45.9234,not_cat
1f7b8ce12abe7fe3911d0992f71402e6,148.7427,162.3492,149.5202,52.7502,47.0082,54.0368,not_cat
7ffb2e3be199bb3fd29246c1b0ae55b7,74.1402,70.9268,65.709,86.6938,80.8749,78.7277,not_cat
0c268006793ecef3c45fa1737103b03d,84.4107,88.112,87.6657,46.192,44.7114,45.9438,not_cat
27319af8866e8ebf324a305d8de90120,102.2771,102.8152,99.8677,72.6181,75.328,82.577,not_cat
e6ce5ee88e668c28f8da81b86580f087,149.6176,135.7471,127.7166,26.7653,30.7461,39.7757,not_cat
601eeae5de948b0499e28a9fc2be8b7f,125.7417,127.837,95.9601,54.6021,60.4569,59.3333,not_cat
e61605031a6490864d6731ea233651b6,102.2379,93.4211,86.0218,62.5523,61.6854,60.3456,not_cat
cdef39956c010cc2156279bd328e7eaa,162.4622,146.9844,124.3037,48.2873,54.7675,64.0,not_cat
85253ffb37f42eff33ad62118e6cfcf3,195.1806,157.7514,160.9439,37.7985,41.3195,48.5354,not_cat
3965acbbe87b2ec96d2b5d916c72ebe1,169.5219,150.4497,120.7629,31.257,42.1855,54.9269,not_cat
5b1db51f15fe7c29dd2ef721af86a904,62.5438,61.3282,60.6967,62.0872,56.3083,57.1755,not_cat
64e6aad5a324e6e2cb22c0d890f97d1c,106.5508,83.2161,63.9239,73.6426,64.8982,49.4613,not_cat
07a13b0ec866849d14e9581c21d155e7,143.7798,99.8698,74.7126,46.8986,50.977,52.9791,not_cat
a4eb9435571955b5df42fad5e65fc268,138.0629,145.9912,157.8124,56.1858,63.3618,67.524,not_cat
073da0ccb025a421766fe580b1dd05cc,135.1451,115.5653,87.8186,48.871,46.8484,46.5459,not_cat
41b2e0e43ac45e4bf5ba2c8bd1d9ac20,101.2432,98.1385,85.6857,41.8066,43.6321,45.9269,not_cat
ed404e53738ec3958494e0233814b6ba,128.6196,117.792,53.3144,69.7669,58.1856,33.0943,not_cat
a3dea7695c9ad3782d7407283030f832,100.1104,107.0984,108.136,78.7959,55.6157,55.839,not_cat
13e02ade4b276bf1c32d277ff4757dd6,125.2788,136.6062,91.151,51.8461,53.2893,40.5011,not_cat
cf70218431e3c1ad2fcf2fe91aa86299,143.0676,135.0218,119.2369,41.3418,44.567,54.5883,not_cat
8357a1d70bba57d818cd3e09e25d28f8,140.8195,142.7109,108.6593,61.1624,50.6036,59.5854,not_cat
0b18ecb831b011233e87c47716430707,144.4139,122.4271,127.1378,59.341,56.1512,80.037,not_cat
d50363835bd8b8d72c1f1cd3301c000a,202.4075,199.5277,190.9497,74.7575,73.644,72.0852,not_cat
bc55f0595fd0332060fef58302aafd86,117.8641,97.7558,60.6049,68.6676,60.2956,50.0011,not_cat
a14e821117cf96ae468a0c3549b6ac5b,121.8713,125.6344,136.1897,75.6138,66.584,67.3506,not_cat
bc07ef62301aa45122b62d04fd719c28,189.3231,178.353,165.1133,78.1177,80.1089,87.7127,not_cat
99be561b2cc02b3a5df396d7b52e9451,123.9089,144.4197,168.2824,39.1552,47.9213,59.5652,not_cat
7ac07c1028d302a4043e32f8460a5a67,166.2466,142.7448,79.9406,57.5605,55.1214,42.4143,not_cat
079dff78190747f7966f527b9157bd1e,116.375,118.7887,96.786,37.1808,36.5889,29.2119,not_cat
c0cb4889a4692ac91f4a49c22bf8c10c,77.7567,73.2178,45.0838,69.1493,66.9439,52.4639,not_cat
e6d8341335a78df352366dd688cf681b,131.787,124.2862,122.4375,61.272,58.9391,55.7474,not_cat
1756e02a79a92ed7ff2cee92c930e0f5,93.038,83.2113,73.2074,55.6833,57.4852,62.1767,not_cat
13eac4bec76630114ab0e3bce429d589,98.1714,103.3835,69.7176,56.6614,40.6477,45.204,not_cat
3ab98a0af43aa7712ed5e67872793e7b,101.7838,103.8717,103.0958,67.5008,65.5949,66.6569,not_cat
e9bbd3e78e2cdff52d02b77b5ba33703,147.7902,127.4602,105.4578,83.0872,73.1857,62.9387,not_cat
b4fa8c73686a7a3b9ce3f2602c32ebd5,168.0336,146.0343,118.1309,76.1337,71.4065,54.3833,not_cat
c5bc33892404a9fc341e24529b7f0948,165.1727,140.4942,116.1516,57.0711,63.7281,71.0394,not_cat
736b8adda45c7c754623b03b4740cda8,105.0241,104.7821,103.2292,81.1875,73.8231,66.5071,not_cat
97becf9592fe6c1fce88f71a6f0c9e85,117.5672,98.4376,90.7955,55.6985,51.8136,46.9446,not_cat
af2093f5448113630f678ca32713f421,126.7744,110.066,101.1334,78.7902,76.6633,76.4097,not_cat
5212afc74161369e8273c9a2b10c0758,122.7438,121.1009,116.0465,59.0697,54.8245,55.769,not_cat
345ef092e890d0da4b220e4837b67818,64.2399,52.5271,42.2529,43.9595,39.4295,38.3518,not_cat
60680cbbdafc8046888767b3287f217d,101.4716,105.9861,131.3453,83.3588,74.0838,58.7711,not_cat
d84fff2a604673c5d5f2e4162784475b,143.5652,129.2543,112.2383,52.0296,50.7924,51.7652,not_cat
949fc44c4078cf28bb507acb1ddaefbf,91.3969,105.7931,84.9893,55.8772,52.9315,50.9113,not_cat
8c9963101da7a926a4e16cc0c2c47fbc,133.7689,118.2514,105.7496,91.6794,83.8034,73.857,not_cat
40938a027ab7c8a1f611f7bf01aeeeb2,139.4483,127.9969,121.1731,73.2532,80.3863,86.8823,not_cat
4c954fa82d484799debbd9c788a19be4,107.663,84.5861,61.7297,62.3139,62.4974,65.9857,not_cat
aef98a03f7c219cb2ab52a53edbd6c01,122.7903,113.7349,84.8312,39.3791,39.9451,32.2044,not_cat
7a0665872ca1265481cd5cde2b2e0dbb,146.1987,121.7725,108.9564,65.7854,76.038,89.5956,not_cat
22ace89bf7f8423ccefe50f6ed7eaf43,114.8079,103.803,84.0204,56.1524,54.0575,51.4433,not_cat
7e69342c182b6f20f25ad9e1ec505a5d,134.1556,106.4395,87.1892,64.6688,71.6084,74.8902,not_cat
74db9a1de7f4303155e552e3dbe92f7d,82.4272,74.9065,67.8388,72.7859,68.0346,66.8768,not_cat
630622f43951afd40d743d451feb7a21,112.891,106.552,100.578,50.9598,53.3489,55.7925,not_cat
55ce2f3804c67ea4c5e6fe6da820ec5f,179.9813,164.5609,133.7473,64.5334,66.4961,66.6419,not_cat
89526f3225d6d5a7d7919eacdb68355e,109.8402,109.6984,90.4139,60.2872,57.5681,57.5828,not_cat
d399dce8f5ce321081c2ca156fc8dee7,92.8077,87.3682,77.7078,54.8836,55.5175,57.2526,not_cat
5589a14a18956d3bbe15d907827c5e6d,112.4797,112.4302,111.0724,73.5109,73.6945,73.8249,not_cat
8325141f57457ccc4a86e9924d06ecf7,127.2385,112.9219,102.4736,51.3644,56.1183,49.0236,not_cat
0863009d50e38777a3c63d6bd71e95bc,129.085,104.2634,85.3647,57.5061,66.8136,76.5956,not_cat
e79b8a7151f7cd85360cb47b1ed425fa,76.827,93.4033,47.6167,53.4231,40.8403,47.0263,not_cat
b03952f8d151b0f9a6cb47242b69ed8b,111.1814,114.023,119.3356,61.6835,63.6242,71.5288,not_cat
2b66e160b530973b5877990263d8a08c,162.0869,159.9032,151.69,48.1741,59.1082,69.4897,not_cat
eadb4268ce266230cd545639adb8ca9f,134.3375,97.5084,80.3635,63.6247,41.7946,37.0277,not_cat
19d46e6a87809558e243f134c1649f05,104.9967,94.7218,81.9247,55.2373,51.3401,47.3053,not_cat
c8bf570b933a03d60c59b1ef2d65f7a9,135.5631,116.0841,94.5874,50.4018,50.5199,49.4793,not_cat
f8ca9cbff45c706a7a8605e236d44a23,138.8251,132.1308,117.7095,63.8298,60.9861,63.3071,not_cat
4e530217f7a0f9bfdc9e791853c4d45c,150.9939,131.0343,121.3352,73.8145,82.1231,90.2879,not_cat
3cbafcf9c26439aaf6c28b4ce0cae805,83.865,67.8737,58.2162,63.1204,55.883,51.1675,not_cat
8c49db6503e378c90cbbbcfbb7450c88,111.8314,107.0047,66.09,69.5915,63.1128,54.8856,not_cat
967d0ae953b8f9a64f2409fce3e319f5,140.6451,137.983,129.7066,65.3615,68.4678,71.9009,not_cat
8bfded69cb1f0a49301499b5a7dc2d68,92.1117,83.2723,70.6649,59.1302,48.8756,39.5264,not_cat
919745f2c6e2e5b46fb1c83571307692,143.8717,128.2634,120.4546,57.1885,67.2859,76.2873,not_cat
93d420375f83cd50fa3b0310144b66ae,77.3113,59.8832,42.5335,62.5213,48.4979,36.2484,not_cat
d1ab71e3495365525c3c2d47953319cb,167.4804,151.774,146.1385,36.2487,42.6488,52.9499,not_cat
a7330f14f08dc50ce20d1c6f0e8d81e7,132.7668,124.0284,111.9454,84.3791,88.931,79.1667,not_cat
a0191fbd1eb3f1598f0838fd05d33ff1,111.2294,118.2951,84.6448,81.19,71.6017,76.1009,not_cat
4d712b614f829b0f6f3a1d295b1ce3b6,155.7269,137.7512,103.2226,66.0531,61.7064,55.575,not_cat
f299e5f3c2243d69ad5145647b9a6548,124.9138,107.1554,77.8406,70.1673,52.4402,46.2321,not_cat
a40dac61280ece89933698a6e9608f49,107.3929,89.4342,56.5565,46.334,40.9014,28.3546,not_cat
d6ef496b2904a60d0d0d0a45d7971a10,105.314,124.6654,99.627,56.7035,47.3189,57.9502,not_cat
4b4ca83b502eacd072a8c4fe2e47945a,115.2341,99.5595,81.257,44.2333,42.7494,41.7055,not_cat
b812e237c3f9e577739dd9e064591d3b,108.5718,134.4267,82.0796,67.2922,75.1875,58.9001,not_cat
799ed582556f67ba0ccc12647c0b2c57,156.2724,158.5023,156.3493,57.6796,61.1621,61.3193,not_cat
98f6050d79e8fcf470093c852fcf2d7e,135.0496,148.1789,160.2499,59.8401,72.4073,94.1792,not_cat
4adcbf98c727dca3ed7154c9ecd129d7,128.9893,130.4784,108.9111,54.8611,56.0398,61.9904,not_cat
74772c4ab21432ee8ff7faffd3e7155c,145.5288,111.7392,73.6077,49.967,48.38,45.8161,not_cat
7353c8a01df65e7f3665d7ea7557e433,109.5233,104.5929,94.183,60.55,61.6525,60.1525,not_cat
1c8fda4e6a007d35dd25f57da4e3403c,153.7457,152.5685,156.25,91.5074,92.9769,96.7556,not_cat
8cf6de3bfabff80ac66b93188b809642,151.1775,122.6392,85.9402,45.7823,42.8103,43.2588,not_cat
c591b5c6e3ceaccb8fd083406451e9eb,123.4419,103.6157,86.9197,44.0529,46.4989,47.3424,not_cat
4654b393ee062fb5aa90483ca802bc88,139.3221,141.1546,139.4589,53.3971,54.0313,56.3885,not_cat
a2f8fc89f94067b59d6be15097d8a194,91.8768,106.5199,56.3045,68.6782,69.9376,56.6778,not_cat
75117be37786334889f82f85b0237ba8,122.9205,126.3476,118.0344,61.7672,61.363,64.1939,not_cat
efbc81f36e3be3f15e9d44467795481e,114.8098,88.3608,73.7495,63.9208,60.1823,60.7779,not_cat
8594f4dc0b5b3e687d998dd528c766ef,96.5496,100.9074,69.6223,50.6638,54.3204,47.5366,not_cat
8dbc81c7466d3a6baf2e83d7c2426d05,46.7065,42.1826,31.1875,48.0779,41.6743,37.7027,not_cat
5501cd4507e3f3f83d963d5112fffd60,103.6425,106.2997,50.3896,60.1415,70.1981,54.3642,not_cat
d005d27f577a7104929dc95373d95a09,122.2889,123.4147,135.0748,48.8914,51.3234,50.5244,not_cat
0293dc14db6f0715d2ce935a94471018,62.8553,62.002,56.0791,43.2872,41.3049,44.805,not_cat
18da370bcf7d33bf150c984119016ee4,110.6976,91.192,72.9466,77.6818,69.5971,58.0674,not_cat
067eb89eac049a8619f4c38854618485,100.8644,92.1081,78.6296,59.7834,53.9982,52.4348,not_cat
3384ea7aaf30a453887803750cc62352,120.7335,134.0474,116.4869,77.3935,71.777,85.2033,not_cat
bee8e88482c99039f752f5ad69a8b609,137.5804,136.0683,134.1687,61.2405,57.1593,54.7173,not_cat
a035e1449628939e9d1140fe515ee358,131.9144,129.6209,137.0343,51.0458,49.8322,54.6463,not_cat
fba838f027e30801977758d0f5e20843,177.4195,172.7771,172.4764,61.5212,69.1327,64.3982,not_cat
e091ad9068d029b4d0273fb3865abead,131.8576,104.2696,89.7398,40.6085,48.304,46.9174,not_cat
a89ff0c9962b14cfb211ca4061a0efac,135.8213,119.4859,110.7676,65.8304,59.6013,53.7919,not_cat
14b8f4c1281e78e91d0a0c4c57749787,188.3168,126.2112,64.4464,66.051,44.6504,41.9208,not_cat
21efb80b4527cebb09a8fd156be00e5c,76.4527,85.7456,58.7485,46.8374,43.582,53.4873,not_cat
9561f1e646fa57474883f1f8d350d7f8,126.1008,120.0184,108.0785,49.5746,51.6321,57.7255,not_cat
5858debc93a085bbeb4845261c19dde0,164.4179,162.1259,156.4833,67.4692,71.4256,74.138,not_cat
2be045fb6f2288ce2e3d2680d0c7bca4,90.6333,71.8148,50.1226,42.6052,45.7183,53.6589,not_cat
92fbb5472ff618f943e347ff3ec8e29b,128.3335,122.5657,105.2407,70.9796,72.9828,79.6182,not_cat
2f66a11d51bf39fd0839320560ff4ed1,131.0661,123.9001,115.5663,73.2347,74.453,77.4586,not_cat
13de7127f5182f984ddfab3ae4dbcf92,89.1035,68.3559,56.9276,59.6579,66.1448,70.0502,not_cat
a4f496f44de61165c7eb78c55a0fa9aa,117.7417,78.0381,54.5839,61.5878,47.6677,45.428,not_cat
51c1d4e746942fdca074d12441d082e5,112.4608,115.9173,89.2215,65.9721,68.0685,74.8934,not_cat
b6a78d605f75bb5e7ac2cf7bad47493b,105.8032,119.3695,98.6529,67.4471,56.653,68.4171,not_cat
3558103c89d8866e977b54345f06c4ca,106.0187,106.932,72.2871,54.6257,53.3184,51.1571,not_cat
f9d531cc630339dc03da96a9d094ee86,116.4613,103.8477,91.3234,83.5816,83.1242,83.3578,not_cat
83d8228c56a753f18b7a1ab9e140e40b,89.8764,80.5833,77.2253,54.532,49.1477,49.6026,not_cat
5bdf46a2c5e0ea8a53dd5ecdb3575596,125.2098,117.6605,109.7786,54.4676,52.8004,51.8512,not_cat
af5aa430fced60ca1b15fc1b86b10519,86.1626,89.2807,82.3449,53.4084,50.8419,54.7347,not_cat
dc648c0ce36ed378938f467a539820b4,122.0721,123.0224,119.707,71.5043,69.2663,70.8852,not_cat
5328904d7174fc74285c20d8f895f8c9,116.4118,121.2213,122.4201,68.4998,72.1261,77.1615,not_cat
85157c6d54629e9228c478d6a5cd11e0,129.4583,102.5115,88.0617,64.6074,65.2572,64.8166,not_cat
7a2ac8afc9fa462bfbc845649c883647,84.7085,70.0217,61.3344,51.8059,53.4926,55.9587,not_cat
a4ecf27d2edb3ba0a6cb13b349047683,136.8481,123.0303,93.3351,78.0189,78.6117,65.2191,not_cat
f10f6301ae8da1a255aea137d99e8374,174.1687,139.561,115.2921,73.0462,85.5714,89.5437,not_cat
39c29d40b67b596c6f5fada294a9df30,104.2103,77.4383,63.2667,70.5286,66.4169,64.3633,not_cat
6faff80b65aa9413e6b875b102a13ea3,103.6179,97.1545,87.3995,39.7794,37.1075,40.429,not_cat
f0d70822fa6a773289cc27bb81f2453a,147.9455,147.9455,147.9455,62.3016,62.3016,62.3016,not_cat
3aba175b66826f0e2fb554a8574b6743,139.833,139.0701,82.6506,42.2059,45.6355,32.3436,not_cat
573d965cc0519c35f19803139997d365,129.9229,120.9447,115.0748,46.4533,46.9868,52.8488,not_cat
2a06551daa406bd0ec729cb17816f927,168.2145,124.3637,85.7781,71.1461,64.6039,58.391,not_cat
5412ba018327bd28d64818731da38988,66.7578,86.2708,53.8938,59.0609,51.4806,59.9918,not_cat
0d86a34d3eb27bc140aa4bf367a1d513,134.4316,100.8948,74.9163,61.9471,47.6636,39.4172,not_cat
52845500d82f8c19f4c2caba399df4d1,131.9947,123.6295,120.3997,63.97,63.54,60.0819,not_cat
972217bc7895a67246120cbe89533543,102.0532,77.7138,68.8256,67.7969,70.4164,69.1171,not_cat
3de539dd165f809eb53fbf6e18c1346f,124.4911,83.8546,70.5943,52.1463,40.2952,56.4371,not_cat
23271f1f1d729127fc6daa88e7032ef1,119.4725,105.1,108.1327,72.2567,67.6657,68.4511,not_cat
6bc9255ed77076dc0efee08d4bb64314,131.0311,128.1348,126.9085,81.7412,84.3363,84.4566,not_cat
624a9e0335c2701623d429ffdd7b78ba,35.7045,32.9114,26.1392,53.1764,45.429,37.4885,not_cat
c4996b9426911c0e15d2faa2721861ec,95.5067,104.2366,81.5266,59.1549,56.0303,53.033,not_cat
e4ce57ddd9549c22c99cd5a4be2a2611,107.9568,107.9568,107.9568,61.7093,61.7093,61.7093,not_cat
40435e0ea1adc2c684e6019ff6ea2e20,124.7534,128.9359,117.8489,64.9855,66.6578,58.523,not_cat
439591fad43ad4771c5e194712a06cbf,81.9356,68.2577,76.7592,76.8171,75.4406,73.2297,not_cat
e2ba60e1e504b716735f136a740d45f0,150.4534,144.3382,138.1374,94.5713,96.9848,98.9559,not_cat
b81284748911d73b831da9ad45365b73,88.774,98.2719,67.0848,49.167,37.7413,45.3207,not_cat
41126d017335c6b224a8c03decff7109,96.475,97.5823,89.9401,76.3746,76.0253,74.5838,not_cat
60cae2ebd50d0e0602847250cb81723a,129.8842,105.6742,118.1633,49.3969,34.3914,43.4955,not_cat
68581c1f328a9c5ed180daacab456c8c,127.4432,114.0465,103.3416,48.5003,44.2228,43.3649,not_cat
79fb4fe2f89ccac411b75162c00dc585,160.9796,151.9258,123.4667,74.7852,70.7901,64.8097,not_cat
c94cf778197f888d82f8df08c0c9662f,119.5336,132.7477,70.7412,64.268,65.8913,50.5496,not_cat
fdf973a50164c41764ba17061cdaaacc,105.1508,93.6236,87.0325,77.1657,72.9881,72.8192,not_cat
ec6e84202ac70c3a9013411f362d6f33,149.4172,128.8557,123.548,66.6928,57.3656,58.1172,not_cat
4a9db996bef0b8cee9270e2d144b9ef4,75.7184,76.2118,77.9141,54.1957,55.8161,56.5393,not_cat
9e84cbddc7fb146c23e1ddb638622631,180.1642,178.6339,179.5922,53.7686,61.4605,61.4501,not_cat
e8044e148d0e144299b9dfdd1eff719d,173.0706,148.4133,123.7057,52.3941,54.9437,51.4853,not_cat
6ad65e6c49d3b237cafc9ad68b34e78c,183.4164,155.7488,122.1646,43.6291,48.5575,50.7579,not_cat
ee9e5d6669e7c33c6efeabbac0defea2,108.9105,111.9817,106.6298,53.4923,57.3339,56.3782,not_cat
1cb51c923511a3716aaba08b8990bac6,161.5781,154.8008,147.381,63.1829,68.8231,73.2211,not_cat
16fe23330b38a5a0e7754f0953bf0421,140.9755,135.4052,131.4428,72.0112,76.4434,78.3493,not_cat
07959101f59725e55e90db29b624b008,125.1697,106.9291,107.0071,58.7863,57.895,54.0086,not_cat
8213447136454600271fcdb3732a74b2,180.0603,176.8903,176.9956,68.1782,67.6136,67.0035,not_cat
eca02aa174e3973f9e96275d45ab0609,125.3565,140.0595,74.2596,52.1927,41.2956,52.4509,not_cat
2ffb7d02abfc24cb8ca5ea45845b12f3,84.2093,72.7579,65.3922,55.0193,53.4449,49.6896,not_cat
62c532b8edd9e9ea938ac1bee567fedb,137.8088,108.8106,94.8374,53.2783,53.2825,53.2209,not_cat
e5e7b3842a391c3b17baf51cfb9d34e4,105.7846,120.0363,136.2031,63.3147,65.6869,76.1916,not_cat
c4705914a4cbe4558ba50083f059cf9d,128.7422,140.3115,144.6491,83.3905,83.6368,81.2631,not_cat
f3e2fc0c38d761aa8a8705b495833f96,115.4564,114.2263,110.591,74.827,73.1692,72.2368,not_cat
ec63069189a7c092ee05d166ed6b9739,95.3706,73.037,54.3753,58.0394,56.5273,56.414,not_cat
c22d46aa82b1a1511e11c00b2c463855,151.5959,151.2632,105.5568,67.4593,68.4973,81.359,not_cat
302102cfaa6f12b2dc7a50f1764108e9,202.9743,192.8962,173.7111,26.3677,29.8298,38.5539,not_cat
9b31d6cd57e399dadc00be3c0a3dcfd9,106.2727,119.3334,89.4344,63.3791,60.8908,67.5472,not_cat
e05f887578027e68497f129560d84cbf,121.1122,100.4182,68.8479,85.0939,75.9846,61.5651,not_cat
92df0c23c2f7dd555e6ba2030e3e79ff,122.1999,126.6187,125.7568,87.3453,98.2121,101.251,not_cat
a0eb509b07263f0f1d7d59259af615d0,131.8034,132.5372,130.1771,54.4359,57.1678,57.1426,not_cat
bc4d696b228f37f4904aa43523fd2fc2,195.7094,147.165,151.5561,59.124,73.4554,78.7433,not_cat
b41125b8aee28c302bbbf7e4f1980148,138.1298,128.0162,112.7205,48.5918,56.5704,59.9804,not_cat
70821e9be7afd054d73f4bfbc1cfb727,97.8526,97.8526,97.8526,56.9152,56.9152,56.9152,not_cat
14eb9535a648864601bdf3ffd5d8f8d3,117.9712,123.9958,89.4986,58.7145,63.0466,56.5013,not_cat
ef22820b77421549f4c714b3742f5a13,110.0677,110.6348,110.1865,60.767,57.9543,61.253,not_cat
10c2d55a3fe69ef147fbe0ae1cb99e37,103.3551,115.613,77.5767,60.8932,55.4091,67.8272,not_cat
af4002be97112eaffb8300eb1156d2ea,162.3766,143.7371,130.226,59.3494,64.9025,73.1539,not_cat
2fe47d57bbae9e128e691a3b27e0508a,70.7058,71.8753,69.2083,53.9859,50.8738,59.4361,not_cat
710262c8802e18fe6cc1e6245d9ad1a1,135.2255,123.1772,112.0268,41.2895,40.0933,41.372,not_cat
fd6eecfc37d25b6d4d033fe2460a9ff8,78.4947,72.6748,74.1787,51.0108,49.1165,51.1606,not_cat
04e42c116e33d10fbf009974d1595cca,159.9944,118.8391,83.4427,50.3398,60.9786,68.3248,not_cat
f1f57934b49f971037cd70c4636102a7,119.3175,129.9374,108.4812,67.6384,73.0793,58.4598,not_cat
e42d3babb81bbe7762c7c54a0a2956ae,142.1929,136.2058,130.1612,53.3837,55.9899,59.0307,not_cat
95e81992788ee54ef65c5c08335dd4a7,157.7017,120.1874,113.5154,72.1737,59.9773,63.0943,not_cat
99e6e475e009bc13863b3d5bc76618fa,127.6799,96.8097,73.7764,74.9535,68.1129,67.4412,not_cat
dcafec31b940f20d85cabcc36c7e77f1,156.8608,135.717,125.8175,80.734,81.6851,82.9327,not_cat
67f947539b84281fb8b4db44861cca92,101.0124,108.3181,112.3819,58.4727,53.6227,52.3935,not_cat
408028d70d14734a6655f8cc47df4c08,139.1434,119.7125,107.5621,67.7688,69.5341,77.5089,not_cat
b2eb059e13c93a2bde9721ee3835a1e8,182.4144,183.0484,155.064,62.7735,66.2242,69.9585,not_cat
4729a77c5de3a0d168cdffee9429056a,136.705,120.4377,119.1186,57.751,66.8209,69.0272,not_cat
f3069016655acdf7bd1de7e04f1a8e94,155.1915,144.0195,128.9804,58.4077,61.1932,67.0744,not_cat
dc42820d22b2e43299cfd7f837ac5466,121.8243,103.4076,72.7191,52.4902,62.6158,81.7833,not_cat
d582d0ebe85adf016b683559fad524ae,94.3305,138.6799,65.5089,65.6917,56.8076,71.1661,not_cat
d42a8f17b6ce2506486fcaed5df9d8f3,156.2821,111.4306,72.2915,63.1662,52.7227,41.7625,not_cat
0499efc85afeedd254237cd4f6c1f19e,153.2338,136.1779,117.124,53.769,53.1906,51.5591,not_cat
273951d04264b6afff2afedeb399e2aa,80.9003,58.9033,47.076,53.0826,50.2283,50.4353,not_cat
35045e4ed4bf91553ab48082847dd000,128.4283,126.5735,121.6856,71.5919,67.5112,64.4485,not_cat
fc735c3b96e2e0a2d7277331641bfb80,138.6174,124.6927,116.9291,69.2891,65.1537,64.4785,not_cat
29406a83f9567c0762843ceaa8dde356,52.5974,36.6904,29.4629,44.6346,48.6743,51.5084,not_cat
f2ee84c69a41de32f4c9f30200d34b68,107.5406,129.5758,150.0805,38.7047,54.3872,69.9139,not_cat
c238c78eea1b7c2b9e8f096983863819,57.914,40.682,34.4918,44.8555,48.617,51.6811,not_cat
765aa90c24b9d8fad19beb1be2d831f8,164.7013,114.6083,69.952,46.9908,52.9204,50.9371,not_cat
f2ab24a6edf6cc7d4df01be9fd10abcb,79.5952,82.2729,69.2405,69.17,62.5602,60.8772,not_cat
f9db13735dc1a3bca2819b01b895f675,60.0744,142.0291,63.9746,56.4803,46.187,58.3519,not_cat
469b38afa91f5fe7755f0d09d9774328,85.7142,84.4482,81.3429,64.2864,63.6141,66.9414,not_cat
57ea431c9a3eeb3ddb62b76770abae40,137.0044,134.9963,134.7624,56.2293,59.9917,66.6516,not_cat
d7bd8ed7d0f7e30f3679ac5969b633ce,118.9003,118.7365,118.6909,75.1149,75.2196,75.2481,not_cat
609fe8e41277d8c151ae8b67d62bd204,121.0294,106.3478,82.6307,37.7018,39.9,42.8013,not_cat
a002d7ce19a75711dc14eb205788da1a,133.0511,123.375,113.1419,65.6341,63.8456,62.5657,not_cat
455128c52bcb3459376ac12935835cb6,166.4235,120.7609,71.8051,53.4345,42.2731,43.1035,not_cat
85d6f59a9e0bde980e617376a944c837,153.0186,172.6278,94.3239,50.5907,53.3335,37.9132,not_cat
102c3c1f2df531e71a0ccb0d1475896a,133.5875,132.0299,119.4308,49.9303,58.2945,63.6591,not_cat
1ba8112b41128600e54f883903bcec7b,143.9591,131.735,108.5733,42.1763,40.7804,46.1655,not_cat
05e288456acfc085e95b889fa5b54d6a,123.5325,128.4301,105.486,67.71,66.7663,75.7165,not_cat
7eee600f0f32d087da57f5539e9caac5,197.0707,196.5518,198.9288,49.549,54.4545,61.2829,not_cat
25d8bc9cedd3e059d48ac8388696689a,51.8982,57.0971,63.1501,47.1732,48.622,46.4461,not_cat
2ee922150c257248375588ee0ab26135,141.6833,124.7768,108.2959,60.7299,68.0912,74.0433,not_cat
cfa085027098a4647f0eaba14ad0f0a3,177.4682,147.6546,153.2609,33.5981,49.3961,56.4645,not_cat
60107420717a1e5412acbbb6600977cc,149.8896,135.0921,116.1258,57.8402,53.5802,48.079,not_cat
23080156232f5a0dee7c86277da94468,113.8581,115.001,118.9332,42.6418,46.6104,52.7471,not_cat
59ca44c23e3d3b89e4e988300d6bd6da,78.1465,90.1712,137.1257,42.9653,39.6125,78.0785,not_cat
cb32c40c5c538fe179261d4285cab997,103.3683,123.5145,90.7647,70.1593,73.9073,63.1604,not_cat
2c6e0d574651ac1f9c9a271601c43976,156.8196,174.6281,191.5378,59.2799,54.9444,56.1556,not_cat
6e27e070dd145e2f78a411e7a3b54641,107.388,93.5406,83.8319,79.7407,74.0669,73.5053,not_cat
247508786934ef600a421c68934eeeec,142.4121,137.2218,130.0351,68.3313,58.633,65.803,not_cat
6e015f0dbbe9e9b882bd16f767bd61a1,131.9252,135.1789,135.3952,33.0804,34.8793,42.4667,not_cat
9e7a59fe859afe0dc6f3bb7c49520ee5,148.3493,132.7041,130.2959,52.231,66.0871,75.5332,not_cat
b09374df767022ed30c5dc1e1fc07d44,127.3031,101.8738,70.4737,67.5796,61.8458,54.4927,not_cat
0f3ff733ef10d2856026df7c476e9254,160.3726,147.202,130.0849,63.764,59.6597,54.6969,not_cat
8e3c61026d84ee731484b7021f6c9ccf,97.8385,99.8111,78.225,66.8651,69.2661,45.3737,not_cat
acaff4fd53d0366b3a6819d778381858,155.2276,165.8885,162.7282,59.2965,57.6768,63.4453,not_cat
f75132ff403a1cd79cb8d4d076204a13,123.8025,143.4202,106.7192,59.4503,62.0513,53.2474,not_cat
eb422e5b1187ac0c0886244118836b9b,134.727,137.9417,128.3916,58.4563,64.8328,73.0855,not_cat
9808a86ddef4700d515e29cc4d645783,87.0251,72.953,64.8475,66.1737,63.4351,65.2093,not_cat
6f052a2aa3651720b85fdb7bea020a3c,139.654,74.7661,75.604,67.362,63.968,64.1861,not_cat
e6bbe83268a1049b7f2631a59e11f6cb,134.5881,114.6993,108.1253,39.6871,49.0727,55.9349,not_cat
f376c58c5dd2c92a43b95060ad9d9ce8,119.7518,110.909,98.6215,63.8907,63.9197,66.718,not_cat
edb77b5eae93a35f708f882d9919b17a,156.2093,143.6477,140.0592,62.1755,67.4181,70.672,not_cat
29b67ffb047616e495dcebc541cbb2c9,158.5881,173.5702,184.6454,46.0864,43.5462,46.1371,not_cat
6c9808e88a32428fb8dfad184f57d71a,131.1915,128.2387,151.0051,52.8899,54.009,48.5703,not_cat
57ead1eb3adb2707ad0bc26773e6446b,80.2987,66.5173,54.8226,51.8113,52.1485,51.162,not_cat
b661213dbfa9594f3f81d198e6c4abdd,102.3459,119.5885,65.743,56.0198,42.1352,57.8703,not_cat
fb7e7eae3440dab85a8176fd452c9170,126.3634,136.6919,147.0173,48.2771,55.6131,64.0933,not_cat
abf781b22d0dbf3065388cc058858457,136.1494,121.2856,102.1184,77.1492,67.9178,54.9696,not_cat
d77d1f43b0b1bc216e7e80a5545178d4,109.231,114.4142,123.41,51.8008,59.2155,70.7571,not_cat
76870416a7ea08a02b6f3af70a08419e,165.7208,152.6738,140.7366,75.9693,82.6575,87.0496,not_cat
97936af352f4fa3af5a8f23980a43e16,114.6905,89.5535,62.8822,78.267,71.0832,64.0828,not_cat
0254ed63c7c01eea71be1af1e38f999a,84.6562,83.8687,49.8724,57.9848,51.8022,51.7758,not_cat
70ec4eedcef11bb629cd832932c160c6,99.2974,101.0691,93.1716,68.1589,67.8422,74.1063,not_cat
ba2e4a29946f9a23bc9e72d925c793e2,46.9633,39.3682,37.5257,46.7775,52.3272,53.6573,not_cat
d10ab60d0991498ca3f3b8e8cc89a7f9,152.7344,117.8947,90.4143,46.4409,48.6305,52.4242,not_cat
5af8c5e12a21f1a22abf26c1540bc97c,151.1456,129.0543,84.8014,72.4843,62.9312,52.9943,not_cat
03b6c95601eaf24f8d8cdc0dedbf9689,107.5347,114.1762,112.4321,89.7366,91.9314,91.2995,not_cat
ea4f4c6f93273719f06a79b72e63cc71,114.6942,102.7931,97.3368,61.1495,50.8156,45.4127,not_cat
91233f4e089fa37917ba0e724009c92d,44.5102,63.3048,38.4714,39.0785,36.8286,43.4612,not_cat
b6d8290a8064f9707e3f0578195fd3a4,88.7374,100.7638,86.5002,60.0853,54.4524,70.2427,not_cat
572ec32c77b512533c556a18e13f8134,120.0309,131.3253,104.1967,56.873,65.5242,54.3054,not_cat
98d3c02e5cbd16b8b1ff7407a99b068e,124.0812,124.0708,117.858,75.1671,77.6465,78.1274,not_cat
c9bd4ee0bf36409a16d7653b1e589490,58.0735,39.5623,28.2272,44.5615,39.4853,36.1993,not_cat
b8f96a10a772821859311a436560c42c,125.709,121.4697,116.3476,64.4283,67.7691,67.6829,not_cat
6721b6749c7a078a70c927bf75baf8bd,114.2881,114.2059,128.5924,51.998,65.142,86.7536,not_cat
46240ffa269fadbfdad0bc8f6e24a9ab,112.4343,92.0863,79.0715,59.7406,62.1355,64.7708,not_cat
d25d971fedf2c3c8233046b1b21305c8,124.7796,133.4667,114.7497,65.2746,67.7281,69.541,not_cat
43130c8ad011d7679e8d5b1c73d7deb0,98.9478,85.1216,72.8743,61.7257,52.0005,45.2787,not_cat
616ae161b176d3e88052c4d1e6065239,42.3044,38.8484,28.1053,59.8798,57.5717,50.1424,not_cat
cf7372399b4f8db2d49fc02bf545d54a,87.145,92.3283,80.1434,71.9336,64.9793,76.9027,not_cat
5b624dd1e85f8b4ee0e19da296d310ab,115.4494,106.6936,106.3203,56.8808,60.8442,65.1123,not_cat
4d0975183e5edea9d850bd818d2125e0,126.3889,116.8614,107.8293,87.5073,83.5844,80.2162,not_cat
38f967b31ef746c7ca3aaf089b9e46c0,128.2737,119.7683,116.8986,36.5298,58.8931,60.0717,not_cat
338b9a94903f9e03361fa3a55e9ab35b,104.3104,81.1609,58.4999,67.9295,66.3081,63.8691,not_cat
1b16999a65a84ee2591a147b6d13ef3b,95.7266,99.9136,98.6122,47.3012,49.9075,51.9203,not_cat
3dba74842668c168709dabcc5d11bb26,134.511,128.2846,117.9707,36.5637,35.0147,34.7396,not_cat
252d3c7143e11e3ea0e05663b5aea94e,158.7662,146.2553,131.8829,50.4727,48.311,46.5476,not_cat
6979922bfca016bcf43608875f1984e8,122.7603,113.3939,97.7546,71.5341,66.2662,59.6484,not_cat
1504a7bbbdb5ded3abb5e7423522a197,140.7916,114.9117,105.5151,65.9905,57.5622,53.1482,not_cat
f3c94bac2f38d300f1a532aacdefd067,120.5191,68.7131,51.3059,61.8893,62.9278,49.7045,not_cat
fd8fd36d35c9495d85f3f63976264269,143.0934,105.4707,77.1687,55.5536,60.5088,60.2176,not_cat
c0025187b74e71f473c1c1a59dd7e51a,97.9595,91.1213,60.8084,42.7531,43.2307,51.2228,not_cat
890347ac475b81746492cbcd6a6abed2,115.5915,77.9219,53.5762,80.678,73.1875,65.7907,not_cat
20bdfe0da875cf645095f2cfb07dbd4d,124.7685,127.0465,76.7101,50.8372,48.7093,39.1825,not_cat
b656b7f9c65e04498ad1647c4fa21604,119.3284,134.1218,132.6229,70.9267,56.0485,58.9516,not_cat
5dc292fe9d1c14ad87279a659628bb08,125.2754,126.4149,114.7329,55.9223,55.7246,58.5083,not_cat
e32627c4343cbbb77ce78b67f10b7a0d,133.0413,113.5632,80.3869,62.5692,61.5458,48.6057,not_cat
84921c1a90112df7c4eecc2d600a84ac,132.359,131.715,113.2687,40.6636,36.6557,41.8256,not_cat
a68b9d09b54fb4f8b1fc8ffb500accac,42.7375,51.9075,61.9986,58.6326,49.7192,43.3701,not_cat
61713ea3ebe5d1a8d6e8323acf0c4191,153.9427,148.0012,97.0578,42.6426,44.9012,48.343,not_cat
acd6063b5bdc0567fa1823f026950f5b,134.6958,136.1605,114.0636,67.5383,65.9268,62.7704,not_cat
7ac6ad3d1f7998fb49515f80e8be4d70,119.8842,133.5189,106.1318,74.7563,66.6829,69.6422,not_cat
35b2ad26e18d30d638bbaeec9cb032f4,163.1136,162.0118,162.4019,52.0795,53.4778,53.9106,not_cat
30565f47f42833d0bd6978cd3f885311,82.5118,64.549,60.5325,53.0099,50.0757,48.0731,not_cat
c7acf4fd2d102253a1a243789788f04e,123.7856,123.7391,124.7562,64.8338,64.2783,62.0066,not_cat
5544b42c5980a86ce5e40c368da7bd03,144.3088,122.7992,96.2758,57.2889,52.5309,41.4104,not_cat
b4237cd87e11943430cd6a9a32b2aea1,141.5634,144.795,154.176,50.7892,59.7867,65.921,not_cat
821637ae0fe5e545a0aad74584b68e92,127.9154,126.9413,113.816,60.4494,59.652,79.3112,not_cat
9dc61ac8fa058eb382d29f2cc07e404a,143.7009,155.4589,114.4961,52.4543,44.4814,45.7477,not_cat
bb3e425ff8cfba52d504b2804afcffae,116.5335,131.7554,122.3999,94.4291,78.826,90.2769,not_cat
44e0b918d67977ed5a04cf4872371ae7,103.8341,83.4028,65.4071,72.0454,66.3245,60.5018,not_cat
a21c623ce28577734eecd9934a5c035e,162.7278,130.3115,99.9748,83.4068,73.1448,83.0723,not_cat
9879a7b0701fcecc40de002618b7bc91,128.7308,107.2945,85.3511,45.3147,44.9067,47.5283,not_cat
60d3ba19b57c7a41c5a0e8ad067df03a,107.1646,94.8968,73.9665,62.3276,65.5589,63.6781,not_cat
1871559e833d66b42c131efb9b20156c,153.8113,126.9324,97.3718,56.7009,57.3411,61.5975,not_cat
6ed5bb3682fc784751f7a47cc167549f,52.5983,36.6873,29.4744,44.6338,48.677,51.5022,not_cat
1a5b9a4fbfec26c23fcbb62359cfc9bf,130.0434,136.2225,130.5091,49.5941,59.991,66.3165,not_cat
1aafa24570e908c78f89739a5bb8d781,168.6988,100.2452,80.2011,55.8807,64.5564,63.6553,not_cat
d2ca062e81460dc89943aa4e49b08dfb,138.8993,124.5079,114.3412,51.0504,52.3655,53.3753,not_cat
46def34150cfe4c14f0fa49694c4b3ff,95.0169,100.3065,72.4248,52.3959,49.9287,52.09,not_cat
622a391d87cc6ae3e1fcd923e8451c26,151.1712,104.505,64.176,46.8207,44.5533,39.7943,not_cat
539926a8704505efe9299f770001b6f1,127.7863,112.7617,97.4615,54.3881,53.1621,53.1128,not_cat
283920018ad60e1adea51b9ca3ae2c44,88.1358,89.2106,75.5481,59.3221,58.403,58.5705,not_cat
87859bfd10ef30fdcc22dcd924ddb6ea,125.805,110.486,91.7298,68.1264,59.0557,59.9959,not_cat
97c00df43aa4a3d7e234aeebec520e75,142.3548,132.9099,117.6241,55.5784,52.3182,50.9746,not_cat
49455bc1c76c04c54319ad553eb8b5fe,124.5707,131.1873,82.4616,56.4314,58.8764,41.2054,not_cat
96e0a62d22cee955dec08ac116bc0c59,162.8704,170.4913,166.8918,75.2236,84.3375,94.7464,not_cat
17c1d6d00f3d23e3aaafd32f9a6a09b2,137.9161,150.0692,113.3437,73.0428,70.5018,93.0683,not_cat
79a1e852c067168a49f9cdf978c87fb6,126.4358,125.2155,129.4411,48.8997,52.6475,59.9739,not_cat
feb2d1152feec00df03b18580a515168,115.7495,115.7495,115.7495,55.512,55.512,55.512,not_cat
481232e55c6c497dd64928503a3926b9,103.7095,88.1994,77.7533,72.1,63.9708,63.6698,not_cat
912709a25f800bac50277e588c48d157,100.9055,100.9055,100.9055,48.1096,48.1096,48.1096,not_cat
e941e88e1034a23d95ad8e12d6b63a5a,163.3219,144.4058,127.4228,43.8355,46.6333,59.7888,not_cat
2339367d12818a0d8fb5a59818334a4e,167.2954,158.1547,140.1851,72.7026,73.6616,73.1768,not_cat
eae752ffae85da9e7864163c437d2adb,86.8967,96.5302,105.3698,36.4752,35.59,41.7811,not_cat
d3596b4b3484d3a26bd7629cb01a14d1,104.1281,98.7318,82.1797,69.2143,62.5384,61.4856,not_cat
95207d6e3ae5957426c9d3d1622787be,133.6622,136.8806,141.8547,86.3223,86.0325,85.8652,not_cat
3434c0d9a0dad7bbd5fe9dadf49e0c10,126.271,122.9853,139.1441,70.9533,57.3391,48.4139,not_cat
2b953c6b217448ed810a6a9ddc345592,128.6028,113.8985,99.8457,69.9131,67.3417,70.6808,not_cat
6b0baec39e7786eae352159d5c0d873b,106.0173,122.0288,94.8038,50.7147,58.9977,50.5126,not_cat
735c6193d3bf82369e26e7013d0aa1fc,141.617,132.3454,126.0448,53.8495,52.6253,50.0819,not_cat
71418902b5ba294b44ed4ace86a2d05a,126.4357,124.9301,118.3095,48.6078,47.7978,51.8695,not_cat
42bbdae301271017637b887cd5df8af7,155.2673,132.1386,121.496,53.4079,61.2829,67.6671,not_cat
a371b8b337dbbeb548f4ff4af7d66b04,128.8934,120.4606,96.3775,51.7503,50.7863,52.1853,not_cat
e96468ba124b8a3c312fac0bc11a7bcf,96.66,109.9536,79.9948,78.8695,72.6373,72.5091,not_cat
2d2fbfa3fbfb0bfe549121b390b7ca2d,147.0478,130.3917,124.8183,45.1402,44.9105,44.4492,not_cat
b730f71201efdbb807c969ee255f91eb,154.0173,119.8777,95.7614,38.8435,43.0955,43.3785,not_cat
632652067a42496debea8c3dd6551a39,106.506,114.9929,101.589,75.9763,80.9386,79.7026,not_cat
264bf0d6ba1006b4c92142e6b31d8f28,169.3485,166.2849,164.1046,38.3799,42.95,58.6152,not_cat
e63f6b9ccaf713e533b46acec060de2c,101.1568,72.4202,32.5502,58.0273,53.1991,48.7176,not_cat
15d1aafc5bced92cfb36c7c2ef3868e8,110.9533,111.0575,85.0967,69.9257,64.5349,68.0525,not_cat
3f8ae097ec1be716636ac5f397956e7c,139.3374,129.9426,120.1245,74.8894,74.6249,75.1522,not_cat
0d1761c1722b4b1d78c865bce4f45e4a,125.6051,124.8238,116.7945,47.9481,51.4615,55.8743,not_cat
07004f040fd497dd08a1391adecc000c,70.9795,64.2346,62.3907,65.759,62.0064,58.1962,not_cat
7ea7dc33270ccf4caa63a7360898f8d5,140.5455,128.4539,124.2488,70.1568,78.1686,83.4095,not_cat
fac5ae60d6e2b031ac4539e2cc5d6ee3,143.2625,126.8362,113.2268,74.1457,72.1423,68.6699,not_cat
8094386d20b8869848fc50cc59934a78,178.5442,141.4202,119.8669,31.5006,37.0695,44.4254,not_cat
bca6b017940d11f24ebdb5e6a03460f7,58.2455,52.5793,47.4713,53.6447,50.6336,45.9806,not_cat
5500ba1fdd38150e74dbbda4227f261f,121.2932,95.6149,81.1462,55.977,48.2704,55.305,not_cat
e37a346f62f75857490a382f71b24578,117.0351,105.2787,74.1052,64.2305,57.2881,51.5498,not_cat
5bd214e5ac0e471ca4efe6936a44caf5,136.4662,121.4565,102.61,29.9719,30.9573,31.7813,not_cat
369c821c7fd1070f8c6dbb39c6e61021,122.1189,115.2347,110.86,49.9118,50.8994,52.1404,not_cat
09e11414ed7a6767572b99f529459bcb,100.2813,105.2035,111.2688,62.9284,64.8792,77.2799,not_cat
aabdb3ea4f43024f3ac4dd86ea03fe1c,135.4894,118.5901,95.4766,59.9042,56.223,54.6386,not_cat
1e94124a34ca40617d58a9d29306dc61,135.2174,110.2149,71.1977,60.2506,55.7926,48.6195,not_cat
7cf52aa2c6d3fda3bb3c509aa87ca7bd,96.5193,110.5609,69.7997,53.7569,45.9837,59.7964,not_cat
dcc6a57865c13a6e3b1e7d89496857be,144.1637,150.5193,154.1603,53.8744,50.9545,57.1208,not_cat
cc48f02a5af35661bd32c7019cf9c9dc,71.4272,61.353,58.0953,63.3476,55.973,49.2984,not_cat
e44b9886a9e208c01425f4b00cb7042e,87.6672,83.7165,84.3564,61.7733,63.2719,65.8277,not_cat
602156baa5b83fe5e30fb323bf095f5b,158.0424,158.1766,157.5316,47.4743,42.2379,39.8453,not_cat
12e2470e0e5603ac0c84282b8164e9a3,98.7316,97.8705,92.984,82.0845,81.5209,77.2226,not_cat
38bd677bc691e6382d0b98b2bd36c005,92.6022,102.4607,80.4478,62.6183,64.0766,61.1361,not_cat
8be5a87edf3df4d4c670558728a3ddb1,121.3761,107.3372,84.7781,53.7743,48.8492,41.7649,not_cat
4b138885cd21971d5013ab9753873548,140.7556,139.3238,138.6559,35.137,36.1815,37.7543,not_cat
66017721e7f6d83c85130b483cfbe3ec,94.738,96.9912,96.3993,63.6768,62.7167,59.8442,not_cat
e66b9478e19332439911b50752c577a3,68.8264,77.6819,47.6945,39.1787,36.0167,40.171,not_cat
53fba4103a116745579e5eb2fb860956,129.749,115.7361,108.3038,49.5374,53.8144,58.0415,not_cat
fc6c1767b6704a07d338d3e91b6daa4b,129.368,112.8976,85.9473,67.3741,54.8592,45.1037,not_cat
5dcde102413c0e2587ce29a67eb1b1e7,140.1462,138.6163,142.6384,82.6147,83.7584,79.6931,not_cat
34892149ae176d14be8a2412ad30a762,116.7338,92.4996,40.6201,80.2449,49.1436,38.8081,not_cat
c5d6b0c1f6a97d8df215b4326adf9a53,67.8067,73.9862,48.9472,58.2676,58.7788,53.3111,not_cat
af38219ec397e8b73d01efb7d2d002a2,123.4728,104.8082,81.0337,71.6257,64.422,66.114,not_cat
ab8e0f05233b19321de414b8a971d3ec,120.8072,121.7514,81.2837,58.389,52.44,56.8927,not_cat
1ef783a73113364287374e9024d76c82,173.4391,121.5172,50.5847,46.7983,43.5601,33.481,not_cat
87f7ceb20ef02b0befadf43a932e6d56,122.908,126.6799,135.389,61.4025,70.8582,76.93,not_cat
484066a42bb946a448a5ad5a1e5a3740,126.0136,122.8517,126.2188,52.2788,52.1464,56.4687,not_cat
183677914c348cbdd034c770bded82fe,183.1076,155.5922,135.1323,30.9339,44.7687,64.3415,not_cat
b7c02efd0a375bce325d584d65d2e13a,95.9816,88.5641,63.225,71.9406,61.1449,55.7424,not_cat
d34fde73d4adfe09ca8f0329a1e3a4a7,76.1129,70.8287,57.2117,38.569,35.5895,40.0986,not_cat
406a981ef150fc5ca1d9bbb2a41f637b,98.5342,89.2935,76.6925,57.7692,52.3422,47.1119,not_cat
2fc4e94363458271b252bbbd36e32987,70.5383,79.3141,52.944,53.4954,54.8763,50.6156,not_cat
362c9b769fec9efebdae749c8f893e3b,108.0206,104.5374,105.2476,74.6124,68.7013,62.2052,not_cat
7dafb7ea0193648463a1374484e1b98d,69.589,56.2219,39.1541,50.8912,44.8328,41.2636,not_cat
690e87a067e174ad9e3cefc69af0a56e,150.6412,129.7126,102.6412,60.9487,62.5803,64.9035,not_cat
a30233771a79efd840d64860f9f38b7b,219.754,217.8886,218.223,32.454,36.7424,39.9866,not_cat
bb724d5b2141c02b7e2f53185011d245,109.3414,109.9331,105.9614,72.901,71.1869,71.6181,not_cat
59d4bed2eb9015470de61ea2feee90ce,61.3018,50.7452,41.0248,47.4439,44.9932,44.0842,not_cat
eef3f4527fbcb179eb17c3a3403cb65d,118.6753,106.7198,82.1925,50.872,51.3943,55.9726,not_cat
2f5b0b74eecdabcf598bf2b629e165cb,98.2368,106.3813,86.8579,62.2521,61.6571,74.4162,not_cat
7ba790cac7cd3c85e1f22eae4f1f7a52,122.4782,121.1928,64.8823,44.0969,41.7701,36.5756,not_cat
f09fdc0d3ce0d614141e8b6c561a3371,112.2206,110.653,105.6954,67.5849,67.755,67.2298,not_cat
23027afcf37a0ec053355703b2259ff7,121.664,113.8032,108.1163,47.9049,51.4483,53.9637,not_cat
f7b65a9dd9451cd9e0b908b84f84dbf6,107.3096,110.3839,108.1223,60.5695,60.9651,63.6377,not_cat
5c1b34285fe88cb82f4987a7dd5ed6e8,147.6734,134.2798,108.9013,69.5331,59.0553,62.7769,not_cat
58d53c2c68f7837269e803bde531afc5,94.3189,89.3897,87.0345,38.2387,36.3188,40.2032,not_cat
88f6a5b5750a042f8a6396d47d2aa992,136.364,135.0052,131.9541,47.7951,45.5522,45.7397,not_cat
df1d9921a194caa03317d056759ecdfe,173.4039,176.1767,183.4752,62.9335,63.6446,69.0588,not_cat
cba79b4ac4800bbd6928dc6d7316b4ca,101.5779,106.3561,49.5564,44.6722,41.3374,25.8992,not_cat
e4c5ae74ce299d3b7f8cc02b521e1f47,185.4823,156.6715,134.0223,46.1609,62.8288,90.2055,not_cat
28dda25ce6dd9ffb46479b1bcb860da5,124.9955,108.8533,101.5971,80.1164,78.8899,77.7381,not_cat
19bad4d360acc8747c0c7a4dafb6ebdb,148.2727,125.1868,95.6038,26.786,36.7313,47.5918,not_cat
2caad19a941e1905163a35a9741f738c,70.4875,70.4875,70.4875,67.9844,67.9844,67.9844,not_cat
b74b3910e09050cecdc6be8410672836,160.3704,145.6956,123.8614,52.3466,50.8686,55.8612,not_cat
fccc21c7748c11255422deb9a6c0720e,120.798,109.3019,95.253,64.6849,68.8746,75.0465,not_cat
332e81320b8c8e8887808cffe4d9f88a,141.0516,119.4289,85.9775,53.1112,49.4989,42.5536,not_cat
c54ef9e7a4263621e9b5d2e20871c9c8,146.4394,156.342,134.8523,58.6461,64.6757,66.9037,not_cat
4ef5afde51e58886619362834da7cba6,159.2099,148.0555,119.1192,36.5016,40.0081,47.5374,not_cat
767aed8ab525d7cc0183b670c4153e2b,138.5444,127.096,118.9137,74.3873,79.1124,82.4692,not_cat
4d5ac274b59627a5f86930de200994a3,139.6031,95.6097,70.6249,36.6624,43.291,46.8135,not_cat
6b5d49d41f166dc87814b5bebba78220,122.9287,114.8204,111.2631,22.7422,30.7923,40.8136,not_cat
618a74dea3ef844ffce6da4a83d7ac0c,107.748,106.0311,109.3504,48.6822,50.0702,48.4559,not_cat
294a585ec503aa2efa31d69f716e7cf3,122.2765,115.8201,107.9618,50.3273,53.7894,55.9496,not_cat
151b726fee036cf0203fe4f42ef2fdfe,111.0773,96.8035,76.4845,66.1408,60.7918,60.6173,not_cat
ec7f8f64afb4dbc53aa0878127bfe72c,112.8446,123.7381,101.1411,61.6263,52.1838,71.119,not_cat
9e95474d55813eaa30288b605ce49819,118.7428,100.1016,99.0358,60.8445,76.2193,77.592,not_cat
8585b74894f7452300c8262bf4450e2e,119.5557,118.2553,91.8064,66.6453,62.181,54.7419,not_cat
6f65d0212c2beb5a5fa302777479f462,140.1575,124.2395,107.994,86.6068,77.1176,79.6466,not_cat
0f8f2fea242efd1bfb9711582a85edc6,127.7964,117.9284,111.9126,58.1746,64.9939,65.2468,not_cat
25310b7ba27a99cf42c8cf57ae00c567,110.0445,108.3604,106.1122,47.0256,44.4783,42.7,not_cat
d77bd9f251c5d21aa23aeccdbf6a56db,93.5982,89.3032,82.3515,50.8683,51.3767,55.8211,not_cat
043a17787aa3a0b684cd67460a302851,153.748,138.6441,139.1912,45.4534,48.4619,51.8123,not_cat
dad93d857b6a45ae0e08337bafc89f36,96.4795,95.1761,85.755,58.7793,56.3545,58.3627,not_cat
0d5917cb960652181743c5d293611d05,102.6374,90.2,68.6154,53.1012,48.4632,46.9142,not_cat
cdd8e0c5b20792d2c5759682e8e3cee4,90.9136,87.7406,60.3967,74.7712,69.7504,59.353,not_cat
e6a80c7c2778e16e541729524a82ee2c,61.301,73.5173,52.6484,46.6875,44.931,49.7559,not_cat
d35b9a29a6187426b341bc9230a63eee,147.0764,144.6595,140.5125,55.9993,50.1657,58.1031,not_cat
f78d3dedebaad7425bd67f230ce2a73b,123.2912,112.991,103.9908,74.1496,73.6113,74.2629,not_cat
e4bb6fd79567ac0957245aaa5e8e4d8a,100.5885,83.5437,93.632,70.4345,80.5209,84.6168,not_cat
ad61622fb2d4762ec557bc8996c3f995,75.5382,71.2287,65.3343,54.1023,55.5282,59.4295,not_cat
86883c505c16f8c31a33941d49edab42,111.1005,74.9934,47.927,77.9716,65.7405,57.8139,not_cat
553de61acd55128de691eb858d3a9e6b,99.3145,86.2383,24.1929,47.7008,38.602,33.7815,not_cat
f897bbbc77217ffff53a503d974e588f,190.0607,184.1583,182.253,44.9623,47.799,48.5617,not_cat
e259c53e52dce68f2397df1961a9a618,188.8166,187.2854,185.914,21.0264,24.744,26.8977,not_cat
2fe8c22e5abfe2264473801021ac463c,128.5483,96.4685,61.5434,60.5947,57.0158,47.8424,not_cat
ca1263cb78e0cb32b9ca022b504350d1,60.0645,62.9062,58.5433,62.6783,60.8416,65.5038,not_cat
a9ed0cd38454392f11163e7d04d4ec7e,151.6634,135.767,130.4032,54.1928,68.8672,75.688,not_cat
15b284c4d22963a7716f9e1646ba32cc,143.5156,135.1011,125.0578,63.9373,61.6706,61.9939,not_cat
f4155b82407446a25cca8f41708b1bbc,122.8672,106.6919,105.7721,34.3496,32.4211,36.6013,not_cat
0fb93f6757b1ea24d1d4527dcf8e7ec2,105.3158,99.4907,94.233,53.4992,55.3958,59.6508,not_cat
e07af41a4a8e5cef8f32b8d689d2d449,103.1988,98.2383,87.9723,51.2628,49.3553,53.237,not_cat
431a33c876cd391dd0964968a28144ff,124.1595,102.3802,66.8425,57.2178,51.0091,44.447,not_cat
af90463726b3eeca1d8f23292e73c00a,169.8419,156.2693,127.8219,43.115,46.2634,48.9317,not_cat
e3f780b08313771dc4177d8b8a318909,127.7745,145.2181,157.9602,51.4067,61.6244,70.2939,not_cat
18283904094934e363bf720eb27053cb,178.0851,173.2317,156.1191,64.9981,57.5772,68.3596,not_cat
965217de6e96f748be7f6608396f5767,136.4385,126.4417,118.8868,29.387,32.9241,37.1981,not_cat
126650d30216d6b30b858e8b593e45da,183.8565,159.8189,141.433,48.9836,60.9371,71.6591,not_cat
ba876350736d3ab0df7bd18d0682160a,147.3292,134.8282,110.9264,33.5652,37.4041,45.5944,not_cat
b042546e82eb383f1c22717888fb4402,139.348,145.921,94.2236,60.5521,59.5072,65.2467,not_cat
2f0d0ce58b56931cdebd18d57619fb2c,102.402,105.3125,92.4572,38.1479,37.7985,46.2387,not_cat
8ac77e52c36abe13331fc875894cb441,142.6419,123.4786,106.9116,77.0842,80.9137,89.5139,not_cat
139816798e02ece7e2873bb8fa19d963,123.4225,123.4225,123.4225,42.074,42.074,42.074,not_cat
5a1a742ff4c833ea52500629fb17d148,62.222,57.4984,60.8816,46.4519,42.5562,42.2492,not_cat
73e1e15136b243d03b8c7e6c5df34b6e,89.6351,78.1939,73.7839,66.3257,60.9361,61.7877,not_cat
1d3a6e0ace5fa191b2bf4336df797dc2,171.6086,102.3006,96.4264,72.8435,70.7422,64.1348,not_cat
04856fd169ab768d93ae740843b61d93,157.4075,153.0999,152.2845,69.8212,78.9404,85.9819,not_cat
4a9ba2a6b23c171245ef74e155f0ae09,144.4195,137.7261,136.0904,61.7281,60.608,57.3945,not_cat
7abdd9ea6d20edf0e65626741c0c135d,155.1663,121.5202,152.4453,54.3345,53.0238,69.686,not_cat
1153ae4d014f72fe99e95a9ba547e924,80.6509,75.9339,53.0714,76.5163,65.8122,51.0572,not_cat
39b1791bb8d6f1443fa4ad73a4d51498,142.929,140.3555,128.1717,104.501,105.9832,106.6802,not_cat
61eec6f20d228e1a95d0b8d609007598,96.3155,79.909,60.5786,28.707,29.6272,42.653,not_cat
745167096efe0cf760e1aa683436cb15,104.0375,101.6915,99.1957,76.4314,75.0543,74.5386,not_cat
2b18b29eab7f2e7184499a78a239462f,113.5347,146.4982,53.5965,62.0816,66.1973,47.1249,not_cat
dc91daa587e278172fa84b7d0e65dbb2,148.4123,102.6886,77.5317,65.672,52.168,43.762,not_cat
d9c9492397bb133c782e6626ae02e9af,114.4163,93.1474,76.2856,50.1157,46.8969,48.6112,not_cat
9179f2cc799878b9eca8e70576909353,129.2294,135.2102,119.7118,60.1445,59.3734,71.2122,not_cat
08ef97ff805e0d9697516e464b98a0fc,74.7808,57.1,53.3664,59.9573,49.3122,50.6913,not_cat
2902449552f89ad4245b3b26845977d8,117.4934,147.65,114.9469,70.4182,65.8006,68.9738,not_cat
c1362f03c805519522f96baa9d305cbe,137.5833,135.0825,117.3807,48.5489,56.8806,68.2418,not_cat
87c3293c2a7c3da207547e6c5e7fdb13,127.9443,128.7975,82.6887,40.3096,30.9106,33.2314,not_cat
ee1e9a84240830da37928ad01906c7a3,139.8472,138.2803,144.9946,55.0867,50.2472,52.0521,not_cat
d980454440999abdde79f357172cea8d,156.0611,141.5233,140.5671,47.4295,55.4235,61.2563,not_cat
02481c952ab37cd69d9e4c54b2c9be60,98.055,87.9392,63.1718,68.0763,57.3956,52.0884,not_cat
006a2fc127f18ac4178f91471588dfa1,114.9731,95.8401,87.2719,71.9756,56.7254,60.4678,not_cat
448d11e23b2b20ae289f8002c8f69799,100.6079,118.7691,87.0189,68.0445,77.1312,60.3844,not_cat
cd90650645eadfb1b61cb6c4c278b4e0,198.1849,194.0975,151.6906,51.7684,55.4193,89.6711,not_cat
1bec0ef629842bc1a8b22f08c9e4f65c,165.7815,145.5932,135.7641,63.6663,72.1011,74.9629,not_cat
d75f9150c0a37bc4f9d8a292370015cd,145.3112,143.7688,138.3361,75.9408,65.6423,76.8158,not_cat
0e0325142c35268ed0040660ea02a381,158.4257,119.1663,113.1647,54.7765,67.2383,68.7462,not_cat
1f107d35cd37521b7549a179ead18f8a,164.2916,166.1409,111.7626,44.6481,46.534,36.741,not_cat
102b39a5a9d5f1beed0975846e1f46d5,122.535,111.5217,101.2004,51.4866,44.2484,47.3276,not_cat
ec29054262a24c14a2c154e9cb5f6901,123.1772,105.8891,78.7508,41.2367,42.0131,49.0504,not_cat
72b700b6ed46f0fadc62bc51c9a649e1,120.233,142.5182,78.3617,52.4482,59.9519,54.9419,not_cat
75e408beea7ebdd6ff75525625745da6,133.0775,104.8232,99.3184,58.0582,69.6966,75.0139,not_cat
cf36e71c2e7e90abac4cb7ce55babf51,181.5341,149.6629,133.3118,53.718,48.4171,49.8817,not_cat
337dd025f49f0d950ab32bdadcada2b2,168.9673,157.0967,145.2788,36.8523,36.7649,38.376,not_cat
1b7e107c64a9c85a7076449a0d8eff46,137.3952,130.6625,128.4839,52.4771,55.0079,57.8997,not_cat
90278bfae47b7a5553bb5f052018cdaf,166.5841,168.0783,170.0178,100.0694,103.7699,91.1558,not_cat
6e65bc8cd84decabd3c96a61ea35298c,137.9583,148.2471,98.2115,64.0741,71.7036,44.0663,not_cat
c6e5c62638528e985a4ffb8f4848fe3e,117.8334,103.038,72.8081,56.27,53.9695,51.9108,not_cat
bb0652044d270255279293297ef67f0e,147.576,101.3127,87.2006,73.6074,59.6178,59.15,not_cat
b6b6ffa07d5cf3bb4bca3752f631badf,113.8952,103.5937,105.1495,23.9485,27.8138,26.0463,not_cat
3a34558435df8f615a7936645d1c0130,162.6522,147.5133,135.8324,50.577,52.9937,54.2467,not_cat
2fb36fbdf72dc73f71f3fac9f81c1d16,120.5496,126.4827,110.4156,75.2181,69.2719,85.6756,not_cat
f0c28371815528bf17c248444fd01868,104.9833,110.2977,107.4076,30.6089,29.9888,31.0627,not_cat
57d925c7eabfae859824d56064028329,116.2672,114.6737,108.7257,67.1374,71.1099,66.5904,not_cat
e1277bc938c8af4e60dffaa11a61b557,147.3751,147.4693,130.8421,74.3321,71.4478,71.2214,not_cat
972a2abab4b3a777eda43d605e1bf2f7,96.3114,88.1758,79.855,62.908,63.5852,63.3558,not_cat
4d12e7669b36a4e860dcef43fca6df3e,130.9973,133.1897,73.6775,64.9675,63.628,71.0673,not_cat
99ceac84b01c55b15babe5f65a91a174,162.5439,117.4167,87.3547,59.0791,47.9305,44.3695,not_cat
6790de1b23c6e0f8f2a986e055448a5c,115.2903,95.4417,93.4931,52.8853,61.4336,63.7673,not_cat
6c9984ab78e2271d18488dba2a1aa838,149.6193,136.1034,116.9169,52.1305,48.1262,48.9087,not_cat
2be7f75d40fd73ed77ee0f27824b977e,103.0507,88.2615,81.5304,51.9126,45.7025,43.5314,not_cat
53546345e84b598d65117aeaf3a1f9e4,175.3632,155.3918,116.5949,49.1783,54.9332,68.9443,not_cat
fe7a6bd046505e76abc55e77565b9abf,95.6127,123.1706,97.2368,45.3334,50.3672,40.1278,not_cat
c74889ea9da15187f95f40c1eff012f1,151.5755,145.4379,141.2506,50.046,60.147,65.1326,not_cat
f3774eda2428f796d841346213e7b3da,113.1327,103.0224,93.5772,66.4863,64.0478,67.8574,not_cat
c09345c71e7bbefede42cc0d11f9b83f,64.5249,71.0717,39.1004,62.9,55.5086,47.9244,not_cat
18e3d2b4599b01a2dade50813fbddd8e,109.2604,131.9144,73.4728,61.3796,80.6954,45.0858,not_cat
2b7c1f2b5f22077e860c2314df96440b,120.7402,131.3064,78.4566,63.8674,44.4805,37.1315,not_cat
b383e5c752402101aba1a4a4cda43bb9,92.4244,74.5218,41.9821,27.3201,25.2074,22.5677,not_cat
81549d3015226f913010a8e5d8625878,139.7535,133.697,131.7316,62.6033,65.6084,79.0244,not_cat
c1f4fc69664cff6650fb25a23f21be92,113.0199,115.3162,101.0056,63.5916,61.5691,64.5824,not_cat
6ed0ec3f70f31e7c1d0cebb5787cb05d,145.2378,124.6342,110.8457,47.523,58.2892,64.421,not_cat
33b03a062c7cdd7733e45453d12bd7e0,136.3536,133.4955,132.4953,89.1128,87.0472,86.4163,not_cat
f7e54d7872bf4d7acacf2e67f8cd7271,116.6389,117.5542,64.9336,44.1599,35.8771,39.4102,not_cat
2b5424e12359e252a396c4305be4734f,98.9836,133.7434,165.5158,22.5893,38.0157,52.9729,not_cat
09f7832f47b0ccbcb14893b2739a1777,164.9448,170.3966,149.7711,60.2038,60.1278,64.6377,not_cat
61e692615cd8fc82fe8c29721018438c,33.713,33.713,33.713,52.8475,52.8475,52.8475,not_cat
296a257a9a1518f1936fe38f82de06be,152.0464,130.9073,122.7544,64.8548,72.101,79.8892,not_cat
43e377d11a841a23d7a87eea76a23de3,112.6817,93.1965,75.222,67.7887,56.1499,45.6252,not_cat
9cf9d1472e0d88e2004268fa5876336c,140.5149,142.6727,131.5359,56.566,53.8299,67.829,not_cat
af01cae087f31d8dcbb2517ada817562,161.9064,117.7216,82.8275,76.4996,69.6989,55.377,not_cat
ae0214a21067351d7f3c0ee89ca8f136,104.825,118.5925,90.6626,72.2039,71.1801,65.1707,not_cat
a70e11eb7d4e596ee821c3916f7651a9,97.2161,115.7976,86.7157,36.1134,34.7557,30.0652,not_cat
0e16fb29c653e03a5ddeaa0cca10534b,164.586,116.3897,86.433,59.3113,51.2825,47.9596,not_cat
1f0ded92fa3a92016a8fdc22382e0d03,144.1817,130.3631,104.3992,58.4907,52.4143,49.516,not_cat
c38ca5620f942cf0c937bcbee9a1d98d,102.465,105.9599,99.3298,52.587,50.0311,58.2049,not_cat
73a2bad7c50356ba3c4fd48a69c85eb0,143.5125,116.5701,81.9567,59.1237,64.2568,60.1502,not_cat
750de0c951001768ae632032419406ff,160.1325,153.7462,150.4711,48.3859,51.0588,53.6887,not_cat
a19f06c4e2e059996779083c4c6d59b3,121.517,120.9481,120.8177,66.2626,66.4886,66.4712,not_cat
cb0b931caec2a38f283a38ec55725767,135.0845,138.8836,137.016,51.1287,53.9324,54.6408,not_cat
f5c4adaab2fcfc90d60147585770f5cb,108.1548,99.6146,71.4724,61.7061,59.4663,60.6704,not_cat
5e2cd4eb852d5e8cceab02cbdbc2d39a,153.396,145.8333,140.16,47.3602,43.5588,49.834,not_cat
aa69fbad1762ee13beb0c00f0b3d8de3,115.3698,131.0084,95.8726,85.3538,95.6037,67.7039,not_cat
536089be2c701d6819872581a736eba3,152.6019,142.8744,130.1091,67.1229,67.6197,67.4933,not_cat
9f74255a72dfdbeb93b2f7df88fc3b48,96.1704,92.5427,92.9948,69.2921,66.1022,66.5219,not_cat
93d39b16272b0ba9914a06060d2bbf28,145.4456,140.7835,144.0018,65.5291,67.9682,71.4494,not_cat
1877da4a372091c38804af0dd5cb0230,162.3104,126.6068,123.7461,47.2292,55.8935,53.2756,not_cat
19c61f2f933ef82c7f3a7ffdd3ae21ef,170.7397,163.4238,143.0471,61.6008,65.6286,77.5299,not_cat
a7a61288ebcaee20775a67728cb3f599,104.2792,85.0068,76.4463,71.6709,65.6025,65.9763,not_cat
f9677bc7284b81cf1c97179cfab5f697,120.78,116.5983,90.6779,51.7086,50.8438,57.6846,not_cat
3bf4533850cee55b72e0f34f2084f9ea,135.6759,137.9738,107.0296,54.8868,52.7575,59.6365,not_cat
c9557ccb16317f63293ec86c9cda5031,114.7086,104.1583,106.3137,41.3884,55.0625,52.0043,not_cat
eb3ddb4b532eabe913de1ab5491391c6,93.6331,83.9142,78.0903,51.6704,42.7023,42.7023,not_cat
e278646287e0c03572cefaf368dbba8e,159.2539,158.4365,146.3063,73.4971,72.4728,70.8671,not_cat
11e63fc5758348805bd51f8fbc63d516,128.0939,123.3518,116.1108,61.4054,63.7291,66.2331,not_cat
c457ff798b0ebf7e32630217b703dd1b,100.7465,100.7465,100.7465,82.467,82.467,82.467,not_cat
6f6ec2e68e21c8777b0fb01a5fc4971e,100.9842,88.6881,80.9469,75.9085,71.7759,66.9289,not_cat
6ae688bca2bca0256f070bec71b9daaf,123.3312,119.5028,110.2195,78.7187,74.0145,69.4194,not_cat
baeff52b269a608886ca86a75d0abd60,97.954,103.6285,110.2312,61.0979,52.9092,43.8404,not_cat
dfe295b354ded1105ddc89281ff56a61,122.3363,105.7469,82.2441,73.7212,65.216,60.6548,not_cat
cbe33860260394841f6d962c74c8e58f,127.436,128.5191,133.3919,62.0716,57.2918,50.8315,not_cat
0b1babb0d5911aecd22f5740d014359a,176.442,172.2233,170.5332,44.4769,46.3326,56.594,not_cat
729f7d042b3dd27ccdcfeb1ce8e8dbb3,110.2926,111.1727,107.1416,40.6316,42.4546,41.6242,not_cat
20020ba8099b4fafdba680e31b456166,123.1207,146.5293,85.5844,57.226,58.511,56.5615,not_cat
f409dd9b4ea21d60eabbfed969284909,123.0047,119.9306,107.8887,72.716,69.4188,74.7545,not_cat
fa220ad3b126d2421689b68ce57d35ad,179.68,182.3783,189.9001,40.9587,49.4185,57.6302,not_cat
a1c017b84a9060bae228377dd8dffe79,114.0472,93.377,81.7837,83.2066,79.7221,83.4682,not_cat
54e348c0bff8b1b2742b5e28446a7e10,142.7665,124.1963,99.6605,40.1322,42.0281,44.0377,not_cat
c8747a82fd7448d5acb409d46ca53a9d,143.0152,136.7981,128.7251,84.0091,85.7611,88.638,not_cat
8fd4fa615c0216bf67b0cd7d1163194f,114.9864,123.8076,64.1683,63.4404,60.0134,50.578,not_cat
8c1133806b676d830d7d96ac3a713a00,96.6788,99.6698,100.1063,67.7139,70.4366,73.5968,not_cat
115cc83262d67f68e25e931a66cd01f3,122.1123,101.9536,98.7678,43.4984,46.4425,51.21,not_cat
6f1ad8574668472c0766887a84ed7915,67.8752,101.4951,69.634,46.1169,41.0284,52.3662,not_cat
769792a118dd4675a3b78c70c6ce98e5,114.7661,94.6824,77.422,75.0121,64.7296,52.8877,not_cat
80cf4eca94e9b3c47b6f1994ed38afab,132.0421,121.9421,113.827,71.4038,68.3788,63.214,not_cat
74a8959c04529c980084a9ab6882b764,108.6374,97.9168,88.7368,60.6072,59.9067,61.3983,not_cat
67347a8711400bed001ea76c016538be,139.4369,133.6838,144.2313,68.1455,66.4744,68.077,not_cat
8a764d0b38a59bd2d8312efef58a8592,95.5593,108.1544,85.6263,50.479,43.5514,47.3583,not_cat
cbad3d7ef1795686164f98dacfc99fd0,153.7058,148.3792,144.1793,60.1393,61.7315,66.2138,not_cat
b619a2ab954d197f11d4dbecd9f19e5c,85.9897,83.2135,85.7199,59.8269,46.0246,43.7539,not_cat
acee6c23aecb591e482424bb7c70234c,146.5447,143.2533,135.552,49.4882,46.558,49.7566,not_cat
b14fb5e154a2196e6a1973d35d4bcd55,60.741,60.3123,52.8876,76.3734,67.7954,64.4344,not_cat
d95315cb27f8c894c7512e51052f9676,84.9402,83.1258,57.7865,62.8267,56.069,58.203,not_cat
0448a9b9eeed294c9d9592c6d1f2512c,152.9502,132.8301,112.1384,64.7646,72.389,78.8404,not_cat
55ff0ccc9d1ba1d1c6b5450e68d09028,122.4099,111.8089,108.1304,68.5749,69.8988,70.8684,not_cat
75ce17917bfd8cf3be4550ddc053bdd5,84.9175,86.8041,97.4406,54.18,58.6557,67.2286,not_cat
8e870137d259436015f6a79b10067034,118.3405,106.0936,95.8299,34.0096,39.2241,49.6128,not_cat
bc7a5ae0a2c889324a4f9c6fe06806d4,114.1367,116.7434,108.763,63.1039,66.4458,65.0004,not_cat
64e590c9b0ffc26ae993218f5160d6b8,145.9617,156.5045,137.036,75.1156,79.6443,90.0618,not_cat
e7125acf4b3bce4a7c27353f2a8a1097,148.702,124.2132,106.1127,56.4778,59.1149,56.9813,not_cat
c5e5f3c9dbf4aaff21f4ba156f2743bd,155.1176,147.6357,134.2644,20.9534,24.3584,25.4907,not_cat
1aa5f59774e838156c80b8a9fdfe1cd8,123.7491,150.4463,131.2858,76.5981,66.3381,80.4052,not_cat
3d4208db307410873720b1b10c29f70d,165.8067,139.9626,117.1737,73.0668,71.8997,71.6864,not_cat
e303a6fbc5594efc82e65f442c9b1f83,139.4525,135.0981,140.541,83.866,89.6257,93.9882,not_cat
eb308872e52813ff62c6df1ab447ed8e,150.294,150.6159,152.1452,55.2756,56.1903,57.6694,not_cat
bf562e771a3237e0479d33c962a899e0,134.9564,142.5787,134.1632,45.4279,52.4606,46.0001,not_cat
450e7ad10542576a8045209027322601,173.4886,141.4805,100.9665,63.3419,66.4462,63.2483,not_cat
ab423e1b632d92ea4541e38206d83078,125.7178,121.5597,98.7183,60.2501,58.1495,49.2331,not_cat
978190b727a6e43bc2a04d114aef6315,113.0701,120.0543,132.5692,43.1839,53.1678,56.9948,not_cat
175f371e19d4f726f2e2806211e35174,99.2518,108.5021,64.6237,53.261,52.5771,46.1967,not_cat
9a7644610277d4bda6df15e4fde76300,105.1377,98.033,83.7176,61.1682,65.2532,52.922,not_cat
ee37068a22d1ee8056ae0ea0c095c26b,150.5527,141.6181,134.9552,60.0409,57.9214,53.7523,not_cat
7909d39d8dba2b34ff106b640e3e32b1,158.3242,141.5303,134.8419,81.8477,93.2893,98.1685,not_cat
8dddb95210f56ea342530d7cff28c93b,135.476,125.3665,114.7955,74.3932,77.2159,81.7853,not_cat
2f0d9ecbbd51cb68a0ff751725c45737,103.5769,106.6624,100.6555,70.9838,71.1928,70.8709,not_cat
76a2d134001494819bf68e62c4250b76,86.6225,98.0621,74.7028,47.385,43.3406,53.1075,not_cat
eb84338b612b9cd4019420b9cd1c2ba9,126.7648,106.721,93.9896,56.5138,47.6978,44.8533,not_cat
169204f5c947fd606827750a69e0a402,161.2613,104.4582,70.8965,69.5595,68.167,46.7916,not_cat
941b5a2fd8a1121abefa59b05027cf67,61.8156,56.9847,58.8871,60.422,56.4009,54.9306,not_cat
0deb0a84de682ad1944f551f04f0b5ac,126.5759,108.3249,99.9352,69.3283,70.7321,70.6939,not_cat
472f0cb7ebd8f5b522123c4fffe7b9bf,98.6855,70.3111,35.0664,86.1352,72.832,49.8939,not_cat
7f0be3c3203c7bc19a8837688b2f541e,105.3976,103.6549,94.3,49.0098,47.5773,49.9627,not_cat
5972a58a0cde0ca3401652f1eda9297c,151.8801,153.0634,155.1372,47.3875,48.0082,51.4202,not_cat
7c0818da6cae8b7a32104d399c3f6495,133.6213,134.4437,106.1469,55.3615,57.7076,52.7318,not_cat
01f4ffd72c8a64f0b326b44bfb42863a,152.5213,144.6454,120.3571,68.8344,64.1051,66.2105,not_cat
39905e255733040e06896df64d08caed,122.2168,120.043,104.1905,51.5787,51.3992,60.4946,not_cat
5d3c906fb0ff4f6c154f87c883939d08,126.556,108.2142,88.3446,64.5954,57.7536,54.3088,not_cat
e735c7df317bf5e2acc06a3f00435ef7,123.0437,119.6554,114.069,38.0038,38.6859,41.7912,not_cat
6f90d2bb8572bdf07c4290909d21671a,123.3359,108.5646,98.3468,72.0836,66.8814,61.5091,not_cat
5ce590ef8f1959a55d2a4144dab6b70a,124.5323,106.5257,101.1171,46.3779,57.9245,56.023,not_cat
2b90f48ddb58ffd4b1176ce2b3cfefb9,144.6319,141.8242,133.2023,61.5634,63.9177,71.8832,not_cat
4a31dd92a027e39044faf6d4cc1ce9df,105.586,106.7739,102.7452,63.4907,62.8398,66.5074,not_cat
c02631782af2da728d5c128d77f75cde,30.5782,44.2345,33.2344,33.3052,34.2702,36.4767,not_cat
9128dbcbffcf627f681fb602f2f38692,100.495,105.9201,104.1024,62.162,42.5103,60.5816,not_cat
b8e7762f50a3f655f6e9556ff2ef8ebd,81.8694,79.2838,64.6782,52.8203,52.0552,58.6793,not_cat
eb39d30cbaf73dc9f3383427d1df83a0,142.1085,124.5411,109.77,52.9392,54.6633,58.6046,not_cat
e006cb6b1bd07374d915a800ff0e951f,131.2574,142.2756,158.0001,49.0976,56.822,67.6721,not_cat
776d1eb209323cf1df1b53b34856b3e0,102.2352,89.1018,75.5186,62.0666,54.2036,47.2234,not_cat
7d1772bb4b1ccc300bfd7f37dd0c4ab8,172.8923,172.0737,153.419,40.8786,48.2565,55.9158,not_cat
93895c80b994b6bf50baf659922e998d,103.0706,106.0125,101.0651,45.6273,43.9987,44.1794,not_cat
c5b54daa9eaa95a599341ba1a4544059,121.0179,103.1566,81.6778,59.8308,45.384,47.7631,not_cat
a8591dd58d958e5e4e3ade8b34bfcfca,85.0125,86.339,76.6439,68.9361,63.1792,68.6682,not_cat
8b7e91b5413821a5c86c81b8582ba848,109.6891,120.3969,130.761,65.4425,58.6505,61.5299,not_cat
ff0ab94327f040dccde2a011e4d3b7f6,193.2029,175.5243,149.2811,67.2274,66.0317,77.8754,not_cat
efab2cb7661d8e2116ee7222ae759c1c,48.545,52.4203,42.3589,43.4119,42.4143,51.1449,not_cat
1612e573dcf5c540941f8f16ab82128f,128.6283,132.2306,114.4035,50.3828,35.6081,43.8208,not_cat
f3cb98c063467797514b9338fbb4b742,83.6988,67.5951,56.2352,58.8025,51.6742,49.4686,not_cat
829abebc3993d676e71cd48523eca9dc,118.0385,101.1331,99.8984,48.6477,54.9121,59.2026,not_cat
aeb88d150b72fe57c99375dd42df634c,92.4206,96.9731,91.698,79.4578,80.6874,81.413,not_cat
924a20d0535fb4beb61ec5bb34dd6ee0,238.1137,191.3345,198.9716,45.95,92.7061,82.0573,not_cat
c46d6e680591f34ead4fab235d826a02,111.6072,98.5486,92.1937,39.8957,37.0035,42.2639,not_cat
ebaa5646c918159b565fb4e21e9357cf,154.2181,126.4363,91.4426,70.5303,63.8195,59.4556,not_cat
fc421465177880588edfe7cd6cf20ce4,114.096,80.622,57.9316,61.6622,53.7608,44.662,not_cat
bddb07f89ee70a2b804ad7c96f6a4971,117.2354,108.072,99.6479,68.2061,65.4024,61.7913,not_cat
7d99de6483e25bdddb1e0ffe89459560,114.2404,101.4257,91.6954,54.0409,61.1129,69.1235,not_cat
2561ce7eb3ea421f1b9256a241f8c32c,87.0961,87.0849,86.5907,56.5071,58.2886,58.7488,not_cat
b17f46e699583fabec2f026d0e0071e4,111.3442,108.2813,108.5857,45.657,47.29,46.6556,not_cat
1ba77f444560993163ce4fb4ccccaa5f,129.2224,129.3138,119.4866,62.6009,68.7844,73.1014,not_cat
f3a548c019389e9a24cb56731ac07f0c,122.1928,131.393,90.8149,49.4863,48.7072,53.0711,not_cat
c16ba934c3ba3213e554c15008b207fb,131.2621,150.7544,82.1132,48.5448,50.0525,43.657,not_cat
4da2e4555231528c72a98efe4fd46469,126.8802,103.0741,72.9505,55.5538,46.9247,39.1417,not_cat
838dd0f50013d9766dd698cd3ef64791,124.3166,122.1816,122.6736,67.2109,65.9767,67.105,not_cat
e218edc29e92ab3cf213c296dc5c38a6,86.4398,87.8528,69.521,47.5378,51.9027,53.7237,not_cat
895e8d4f9416284e44d15bec0ef6df5c,63.0526,68.1879,42.675,42.7443,45.7602,25.1525,not_cat
49c8147833b26ecf3c9cdf77f4064acd,96.9213,81.5686,75.2043,49.3834,48.2931,47.5929,not_cat
5c0fc3afb797795f60f5cd5d7d64ba80,85.7747,85.2497,92.7834,72.1692,71.0847,68.8232,not_cat
588131c32952d3f3a2f2cef32c8d8deb,102.2474,92.9213,87.6363,71.3912,76.1619,78.2308,not_cat
b834922da63568ea3cb2d866a247b3df,144.1904,133.2794,117.8352,36.6208,38.6602,44.6151,not_cat
88b5f2f3c0c1fdfe616682444e723604,132.5745,124.1655,128.9953,71.0047,68.2424,68.8773,not_cat
ca9558e9e2e0471966ed17b5a8385324,135.9365,113.4559,84.2437,59.0238,63.6398,64.7582,not_cat
1bec7b9c56d502102ccefb687cc440ec,140.1054,132.7397,125.6031,46.3641,57.4734,68.4967,not_cat
594dbb9711496ce592d3e28ebe113980,123.1652,91.3164,63.4175,56.2032,52.7955,47.7083,not_cat
13b8ccf9c7d5e6e4b674489f1309c710,114.1107,109.7417,98.1954,49.7814,50.5289,52.0437,not_cat
00f05899f5c09de5f59f91dcfb11c848,140.8569,116.1438,90.5012,72.8563,65.9387,61.2077,not_cat
c99d0b073462baab6f49596cdb9157fb,83.1717,98.9386,83.0086,51.9183,52.3576,54.8508,not_cat
e10442a34b459be48c9f3d74e6516df3,75.8335,101.2408,83.6379,69.1604,64.5501,57.1241,not_cat
baaeedbc2ec83a5609e67f9bab84375f,96.2179,150.6429,70.5935,65.3493,61.1977,71.7744,not_cat
82398c1250cbe661ebd80489b58d9739,90.3177,88.3712,79.4851,61.5583,61.9487,67.1062,not_cat
65993f368f4102da60bebd2f01354f70,137.0151,123.4198,108.434,48.14,49.9987,51.9887,not_cat
93f114b2dff1d85a3c0e952a60dfc331,99.7773,99.0631,89.2935,47.0717,47.2253,47.9854,not_cat
dd6bcb9f910a05113a2bc7bf1a9201b6,143.6305,123.3549,85.6651,88.3502,86.7991,76.0645,not_cat
a560114d636adc3e5b8fd038c58150ee,74.4863,75.8026,59.2835,58.9839,57.9589,52.3947,not_cat
61cf52e8bd539dd802a0fa65fb983b04,123.8637,101.606,84.796,41.9615,54.7078,73.0264,not_cat
ed1010596c867903b9159be81e676eb2,165.7242,154.3537,140.3663,41.7232,48.0689,53.8995,not_cat
d89ac166afa7356959e055db716678c3,86.9974,73.5591,62.944,63.4629,60.4332,57.3879,not_cat
77aef261979127849a3da1793e16f662,93.1342,123.9715,86.9038,79.4553,53.3188,76.2906,not_cat
9309c5183f19f53b909380b746ff2fcb,177.0577,164.4067,158.6647,54.475,61.1674,68.8105,not_cat
9fbec64ae8f2e6a395a6aee09fa34013,77.751,54.3818,29.8906,66.2719,48.1001,25.75,not_cat
38fdbc0d286b0acf9dce27949080616a,135.5279,149.4197,113.4858,71.225,63.0207,72.4003,not_cat
e319caf0c8096bc5f43ba9526618cf81,124.836,132.8527,124.0668,49.8563,46.496,50.7747,not_cat
6f55ba6d8c6bc7b76e666d46badfa1fc,122.4451,117.2875,91.5899,65.9573,68.8881,80.4964,not_cat
be5fb4638a8954f2a792b39dafb9764b,98.4665,68.0988,54.9255,48.1054,55.8564,59.6787,not_cat
bf15daab678e9ffd6a4e0468b567587d,114.5193,62.7243,38.0243,55.8447,57.7667,45.4081,not_cat
ab59a68ab7c264b6e3e46ba793e99bcf,123.2812,103.7671,89.6936,50.9578,49.8088,49.8406,not_cat
6fb89b7c2b1cffb6259a2977104767cc,115.0475,133.6427,89.7249,68.1797,57.6735,76.2647,not_cat
79c3f61c51cb1e342402653272c7a4c2,152.5193,148.0878,128.2088,43.9667,43.5517,57.1909,not_cat
0efb19d424014fd4c830fda7940dd92e,82.5645,51.4937,36.1198,43.0284,40.7494,34.7878,not_cat
f5cbe0d3af9deb9745c92fd7d100cd92,147.3771,150.739,142.3121,74.0071,71.4288,80.3689,not_cat
2733dc8c67a658cad995b8ed5d4de8f4,110.9267,109.9515,116.0225,76.9635,73.5336,68.0111,not_cat
0feb8976a0af3f4a10e71598b0385036,98.392,110.9918,75.2407,57.2918,54.1287,57.1353,not_cat
8d8a9191614199820199bd2f8630ef18,126.2498,101.0432,84.2464,59.2345,67.5559,67.7158,not_cat
